split,filename,class,kind,original_file,source_category,prompt,creator,license,license_url,source_page,sha256,bytes,commons_title
train,data/not_mooncake/train/gen_generated_not_mooncake_0882.png,not_mooncake,AI generated,data/generated/not_mooncake/generated_not_mooncake_0882.png,AI generated prompt,"a close but ordinary photo of one small cheesecake tart, slightly uneven lighting and focus, realistic food photography, no text, no logo, clearly a tart, not a mooncake",AIXF666,AI-generated,,,d166ddd7d2f9639bd4994cb0d58487d6f8d887601e2065e1b45f9ec8993cfa1f,2459872,
train,data/not_mooncake/train/gen_generated_not_mooncake_0056.png,not_mooncake,AI generated,data/generated/not_mooncake/generated_not_mooncake_0056.png,AI generated prompt,"one dorayaki Japanese pancake sandwich with visible cake layers, realistic casual food photo, warm light, no people, no text, no logo, no packaging, clearly dorayaki, not a mooncake",AIXF666,AI-generated,,,45e444502383cb30769927cf9eaee8c433a9fc81944fdf89aaf902341eac5d8e,2545844,
train,data/not_mooncake/train/gen_generated_not_mooncake_0267.png,not_mooncake,AI generated,data/generated/not_mooncake/generated_not_mooncake_0267.png,AI generated prompt,"a small plate with a plain chocolate cupcake, realistic food photo, mild background clutter, natural colors, no text, no logo, no packaging, clearly a cupcake, not a mooncake",AIXF666,AI-generated,,,cc05294c6bd7a169c02f70a8e735b18fa2537752aaa5222ee3485a88d7c7fb49,2205384,
train,data/not_mooncake/train/gen_generated_not_mooncake_0164.png,not_mooncake,AI generated,data/generated/not_mooncake/generated_not_mooncake_0164.png,AI generated prompt,"one dorayaki Japanese pancake sandwich with visible cake layers, realistic casual food photo, warm light, no people, no text, no logo, no packaging, clearly dorayaki, not a mooncake",AIXF666,AI-generated,,,4432e05db047468e1767ba7a883e8348898cba4109983069f1dbe6aa96ebb512,2518101,
train,data/not_mooncake/train/gen_generated_not_mooncake_0938.png,not_mooncake,AI generated,data/generated/not_mooncake/generated_not_mooncake_0938.png,AI generated prompt,"a single Cantonese egg tart with visible custard center, realistic casual home photo, slightly imperfect focus, natural window light, no text, no logo, clearly an egg tart, not a mooncake",AIXF666,AI-generated,,,f56f88e58173ff57d193358db822c28b73c730dd3452555a11f72614d092502d,2436482,
train,data/not_mooncake/train/gen_generated_not_mooncake_0962.png,not_mooncake,AI generated,data/generated/not_mooncake/generated_not_mooncake_0962.png,AI generated prompt,"a single Cantonese egg tart with visible custard center, realistic casual home photo, slightly imperfect focus, natural window light, no text, no logo, clearly an egg tart, not a mooncake",AIXF666,AI-generated,,,adc8149aacc340a2a13c77c6e189c80a9508b44f77e1081bd68dc7b27f6579c1,2361065,
train,data/not_mooncake/train/gen_generated_not_mooncake_0241.png,not_mooncake,AI generated,data/generated/not_mooncake/generated_not_mooncake_0241.png,AI generated prompt,"a single irregularly shaped chocolate chip cookie with several large visible dark chocolate chips and a rough cracked edge on a ceramic plate, realistic smartphone food photo, warm indoor light, simple table background, no text, no logo, no packaging, clearly a chocolate chip cookie, not a mooncake, no stamped Chinese pastry pattern",AIXF666,AI-generated,,,6aee4fadccbb6d057a250e2c5ae4aab8e69a1df06dde847aa6e80f2a14c9ee89,2516177,
train,data/not_mooncake/train/gen_generated_not_mooncake_0310.png,not_mooncake,AI generated,data/generated/not_mooncake/generated_not_mooncake_0310.png,AI generated prompt,"a single slice of sponge cake cut slightly open to show its soft interior, realistic food photo, natural indoor light, no text, no logo, no packaging, not a mooncake",AIXF666,AI-generated,,,6a062bfec6cd63c3c91adb2e1250cd6365435877c020282faeaded155e6b5f79,2071327,
train,data/not_mooncake/train/gen_generated_not_mooncake_0306.png,not_mooncake,AI generated,data/generated/not_mooncake/generated_not_mooncake_0306.png,AI generated prompt,"a close but ordinary photo of one small cheesecake tart, slightly uneven lighting and focus, realistic food photography, no text, no logo, clearly a tart, not a mooncake",AIXF666,AI-generated,,,d2e526751330c6de2d91d6acf4c8c5d2b3d365a566e6c0b97e33b17b590f38c8,2356730,
train,data/not_mooncake/train/gen_generated_not_mooncake_0374.png,not_mooncake,AI generated,data/generated/not_mooncake/generated_not_mooncake_0374.png,AI generated prompt,"a single Cantonese egg tart with visible custard center, realistic casual home photo, slightly imperfect focus, natural window light, no text, no logo, clearly an egg tart, not a mooncake",AIXF666,AI-generated,,,5c718ede5c41cc8ef92e4a741a971cc9b4e372c9db16f162bdd7838d63b92bcc,2434987,
train,data/not_mooncake/train/gen_generated_not_mooncake_0389.png,not_mooncake,AI generated,data/generated/not_mooncake/generated_not_mooncake_0389.png,AI generated prompt,"a single pineapple bun partly beside a cup of tea, realistic dining-table photo, soft shadows, recognizable cracked sugar crust, no text, no logo, no packaging, clearly bread, not a mooncake",AIXF666,AI-generated,,,21acbdcce716d9c4f1b3970294da89845a77b6d3c11ebe874cf7dbaef4fd0bc4,2224597,
train,data/not_mooncake/train/gen_generated_not_mooncake_0428.png,not_mooncake,AI generated,data/generated/not_mooncake/generated_not_mooncake_0428.png,AI generated prompt,"one dorayaki Japanese pancake sandwich with visible cake layers, realistic casual food photo, warm light, no people, no text, no logo, no packaging, clearly dorayaki, not a mooncake",AIXF666,AI-generated,,,ec4dbe04569bc717faebb3ea9a8c519ea9264ef3b804686616634dcf7899802f,2627982,
train,data/not_mooncake/train/gen_generated_not_mooncake_0316.png,not_mooncake,AI generated,data/generated/not_mooncake/generated_not_mooncake_0316.png,AI generated prompt,"a single glazed doughnut photographed from a slightly tilted angle, ordinary kitchen lighting, realistic phone-camera look, mild motion blur, no text, no logo, clearly a doughnut, not a mooncake",AIXF666,AI-generated,,,ffcb425f66a95b0d45c4709d102166341d606a1a004317cb939797db3115e91e,2279060,
train,data/not_mooncake/train/gen_generated_not_mooncake_0464.png,not_mooncake,AI generated,data/generated/not_mooncake/generated_not_mooncake_0464.png,AI generated prompt,"one dorayaki Japanese pancake sandwich with visible cake layers, realistic casual food photo, warm light, no people, no text, no logo, no packaging, clearly dorayaki, not a mooncake",AIXF666,AI-generated,,,c0a4615db7117972a64209cc13eaf60ca0a82815d9d404c00725ec6f08df26df,2600574,
train,data/not_mooncake/train/gen_generated_not_mooncake_0104.png,not_mooncake,AI generated,data/generated/not_mooncake/generated_not_mooncake_0104.png,AI generated prompt,"one dorayaki Japanese pancake sandwich with visible cake layers, realistic casual food photo, warm light, no people, no text, no logo, no packaging, clearly dorayaki, not a mooncake",AIXF666,AI-generated,,,44d8b34a6f7013021fa55a83b13eb26780d1cb2b59063348d32622dbd80a388c,2512130,
train,data/not_mooncake/train/gen_generated_not_mooncake_0001.png,not_mooncake,AI generated,data/generated/not_mooncake/generated_not_mooncake_0001.png,AI generated prompt,"a single round butter cookie on a ceramic plate, realistic smartphone food photo, warm indoor light, simple table background, no text, no logo, no packaging, clearly a cookie, not a mooncake, no stamped Chinese pastry pattern",AIXF666,AI-generated,,,54382b20eca4335a499d7edeb0c664214e0f305e78d6b57b922d578fb05cff4f,2640025,
train,data/not_mooncake/train/gen_generated_not_mooncake_0332.png,not_mooncake,AI generated,data/generated/not_mooncake/generated_not_mooncake_0332.png,AI generated prompt,"one dorayaki Japanese pancake sandwich with visible cake layers, realistic casual food photo, warm light, no people, no text, no logo, no packaging, clearly dorayaki, not a mooncake",AIXF666,AI-generated,,,3143b2cfce0d1c4a157221765aaaf26eb5171c463c479738dbc78caea168bbea,2454437,
train,data/not_mooncake/train/gen_generated_not_mooncake_0275.png,not_mooncake,AI generated,data/generated/not_mooncake/generated_not_mooncake_0275.png,AI generated prompt,"a single mini muffin on a plate, realistic home photo, slightly soft focus but clearly recognizable, no text, no logo, clearly a muffin, not a mooncake",AIXF666,AI-generated,,,86ac996ce4771d323cc4a3d6c540f27a025cda24f3f33b6422d600fee41c3ab9,2045005,
train,data/not_mooncake/train/gen_generated_not_mooncake_0404.png,not_mooncake,AI generated,data/generated/not_mooncake/generated_not_mooncake_0404.png,AI generated prompt,"one dorayaki Japanese pancake sandwich with visible cake layers, realistic casual food photo, warm light, no people, no text, no logo, no packaging, clearly dorayaki, not a mooncake",AIXF666,AI-generated,,,8c7b3af5760d2391bac6570101059804d81692fe90bb36da866258a631d5f163,2572058,
train,data/not_mooncake/train/gen_generated_not_mooncake_0777.png,not_mooncake,AI generated,data/generated/not_mooncake/generated_not_mooncake_0777.png,AI generated prompt,"a single colorful macaron, realistic phone photo, simple tabletop, mild shadows and imperfect composition, no text, no logo, clearly a macaron, not a mooncake",AIXF666,AI-generated,,,ee545def3ff5a4a7a141f3a307f726721fa71ca45f14dea735a69bfcd57240eb,1848260,
train,data/not_mooncake/train/gen_generated_not_mooncake_0737.png,not_mooncake,AI generated,data/generated/not_mooncake/generated_not_mooncake_0737.png,AI generated prompt,"a single pineapple bun partly beside a cup of tea, realistic dining-table photo, soft shadows, recognizable cracked sugar crust, no text, no logo, no packaging, clearly bread, not a mooncake",AIXF666,AI-generated,,,4efd3ebdaabca277e9911e79db617d82fbe26e3949a3a7c63fd363e5facb0416,2524294,
train,data/not_mooncake/train/gen_generated_not_mooncake_0197.png,not_mooncake,AI generated,data/generated/not_mooncake/generated_not_mooncake_0197.png,AI generated prompt,"a single pineapple bun partly beside a cup of tea, realistic dining-table photo, soft shadows, recognizable cracked sugar crust, no text, no logo, no packaging, clearly bread, not a mooncake",AIXF666,AI-generated,,,8422aa05d0afe8512d4cc77d8a92d8ed7ae9c9c7418803540055216a94ca62da,2532055,
train,data/not_mooncake/train/gen_generated_not_mooncake_0213.png,not_mooncake,AI generated,data/generated/not_mooncake/generated_not_mooncake_0213.png,AI generated prompt,"a single colorful macaron, realistic phone photo, simple tabletop, mild shadows and imperfect composition, no text, no logo, clearly a macaron, not a mooncake",AIXF666,AI-generated,,,6ad13807606b27815ec5457b395d56df7ada70433302b868092a02a4d3366b72,2236589,
train,data/not_mooncake/train/gen_generated_not_mooncake_0959.png,not_mooncake,AI generated,data/generated/not_mooncake/generated_not_mooncake_0959.png,AI generated prompt,"a single mini muffin on a plate, realistic home photo, slightly soft focus but clearly recognizable, no text, no logo, clearly a muffin, not a mooncake",AIXF666,AI-generated,,,48d433b40219fa9c96ae41aec3adc1f9d0024398c9916e125a444db869a16ffe,2283347,
train,data/not_mooncake/train/gen_generated_not_mooncake_0904.png,not_mooncake,AI generated,data/generated/not_mooncake/generated_not_mooncake_0904.png,AI generated prompt,"a single glazed doughnut photographed from a slightly tilted angle, ordinary kitchen lighting, realistic phone-camera look, mild motion blur, no text, no logo, clearly a doughnut, not a mooncake",AIXF666,AI-generated,,,b2b3f0909e447f8d09077777533168cb0e60d059892a44b0a4a0ab1e0ebec1ea,2073125,
train,data/not_mooncake/train/gen_generated_not_mooncake_0624.png,not_mooncake,AI generated,data/generated/not_mooncake/generated_not_mooncake_0624.png,AI generated prompt,"a single cinnamon roll photographed in a bakery-like setting without readable signs, realistic casual photo, no text, no logo, no packaging, clearly a cinnamon roll, not a mooncake",AIXF666,AI-generated,,,e673f5a069959f71bd2519c1d1899f0c4b1fe59662d6c245c5356df1ff2d43de,2711174,
train,data/not_mooncake/train/gen_generated_not_mooncake_0341.png,not_mooncake,AI generated,data/generated/not_mooncake/generated_not_mooncake_0341.png,AI generated prompt,"a single pineapple bun partly beside a cup of tea, realistic dining-table photo, soft shadows, recognizable cracked sugar crust, no text, no logo, no packaging, clearly bread, not a mooncake",AIXF666,AI-generated,,,b31145482c8310efe1be7989b76c2d5adf1e94faaaf5916482b87758265c2bdd,2552693,
train,data/not_mooncake/train/gen_generated_not_mooncake_0514.png,not_mooncake,AI generated,data/generated/not_mooncake/generated_not_mooncake_0514.png,AI generated prompt,"a single slice of sponge cake cut slightly open to show its soft interior, realistic food photo, natural indoor light, no text, no logo, no packaging, not a mooncake",AIXF666,AI-generated,,,b34c14ee1f16d7bf77e7b43157d3b820adff7915940b91a0c37258c3ca9838e1,2435701,
train,data/not_mooncake/train/gen_generated_not_mooncake_0019.png,not_mooncake,AI generated,data/generated/not_mooncake/generated_not_mooncake_0019.png,AI generated prompt,"one chocolate chip cookie on a white plate photographed from a little farther away, realistic indoor photo, neutral background, clear enough to recognize, no text, no logo, not a mooncake",AIXF666,AI-generated,,,a0a9c54885318e32cc72440d3e97450bfa527e3238d13f1f0db6c3c6f8aea89a,1674661,
train,data/not_mooncake/train/gen_generated_not_mooncake_0595.png,not_mooncake,AI generated,data/generated/not_mooncake/generated_not_mooncake_0595.png,AI generated prompt,"one chocolate chip cookie on a white plate photographed from a little farther away, realistic indoor photo, neutral background, clear enough to recognize, no text, no logo, not a mooncake",AIXF666,AI-generated,,,3e6c3d2186b11c2e375a2ae3b6526ed777c88e3137263f45bb62c49710333054,1705267,
train,data/not_mooncake/train/gen_generated_not_mooncake_0556.png,not_mooncake,AI generated,data/generated/not_mooncake/generated_not_mooncake_0556.png,AI generated prompt,"a single glazed doughnut photographed from a slightly tilted angle, ordinary kitchen lighting, realistic phone-camera look, mild motion blur, no text, no logo, clearly a doughnut, not a mooncake",AIXF666,AI-generated,,,40da4f13d8d1769d63037421771c6a156ffafa0417b0d85bbff0ac612f4ce578,2194105,
train,data/not_mooncake/train/gen_generated_not_mooncake_0326.png,not_mooncake,AI generated,data/generated/not_mooncake/generated_not_mooncake_0326.png,AI generated prompt,"a single Cantonese egg tart with visible custard center, realistic casual home photo, slightly imperfect focus, natural window light, no text, no logo, clearly an egg tart, not a mooncake",AIXF666,AI-generated,,,595d1206a66b9eb4ecb19bd6b67f6c36e4022adb62ff91889d899fbcbce9f631,2382148,
train,data/not_mooncake/train/gen_generated_not_mooncake_0614.png,not_mooncake,AI generated,data/generated/not_mooncake/generated_not_mooncake_0614.png,AI generated prompt,"a single Cantonese egg tart with visible custard center, realistic casual home photo, slightly imperfect focus, natural window light, no text, no logo, clearly an egg tart, not a mooncake",AIXF666,AI-generated,,,c0b0a165e0894e6d21e389dd4271a04a40cf7e6318cdb80de9459a8e482ae2cb,2585863,
train,data/not_mooncake/train/gen_generated_not_mooncake_0370.png,not_mooncake,AI generated,data/generated/not_mooncake/generated_not_mooncake_0370.png,AI generated prompt,"a single slice of sponge cake cut slightly open to show its soft interior, realistic food photo, natural indoor light, no text, no logo, no packaging, not a mooncake",AIXF666,AI-generated,,,8327308a9d027e4c6859c9e8450041b55b0d27800f60ed59871272494f189ca0,2273847,
train,data/not_mooncake/train/gen_generated_not_mooncake_0732.png,not_mooncake,AI generated,data/generated/not_mooncake/generated_not_mooncake_0732.png,AI generated prompt,"a single cinnamon roll photographed in a bakery-like setting without readable signs, realistic casual photo, no text, no logo, no packaging, clearly a cinnamon roll, not a mooncake",AIXF666,AI-generated,,,ff9fef1b2ef77730df0d325d81da1d08123541e8c98324ac5955d93d5c35229c,2782822,
train,data/not_mooncake/train/gen_generated_not_mooncake_0482.png,not_mooncake,AI generated,data/generated/not_mooncake/generated_not_mooncake_0482.png,AI generated prompt,"a single Cantonese egg tart with visible custard center, realistic casual home photo, slightly imperfect focus, natural window light, no text, no logo, clearly an egg tart, not a mooncake",AIXF666,AI-generated,,,5a9f0f75018f12fcdabeb5da9365a0515879d2045d6b4514c3622800308a41f8,2404812,
train,data/not_mooncake/train/gen_generated_not_mooncake_0170.png,not_mooncake,AI generated,data/generated/not_mooncake/generated_not_mooncake_0170.png,AI generated prompt,"a single Cantonese egg tart with visible custard center, realistic casual home photo, slightly imperfect focus, natural window light, no text, no logo, clearly an egg tart, not a mooncake",AIXF666,AI-generated,,,b22610ff093c0d2f89555a51a7bfab3391d2dde1e89c723d9ce90a75aca85d79,2490799,
train,data/not_mooncake/train/gen_generated_not_mooncake_0376.png,not_mooncake,AI generated,data/generated/not_mooncake/generated_not_mooncake_0376.png,AI generated prompt,"a single glazed doughnut photographed from a slightly tilted angle, ordinary kitchen lighting, realistic phone-camera look, mild motion blur, no text, no logo, clearly a doughnut, not a mooncake",AIXF666,AI-generated,,,f7154483adc6c983839fcc3e12a0093466a9ebd5687ef1384dd24f29100e0321,2120195,
train,data/not_mooncake/train/gen_generated_not_mooncake_0142.png,not_mooncake,AI generated,data/generated/not_mooncake/generated_not_mooncake_0142.png,AI generated prompt,"a single slice of sponge cake cut slightly open to show its soft interior, realistic food photo, natural indoor light, no text, no logo, no packaging, not a mooncake",AIXF666,AI-generated,,,5a840926b6eb6b1e16fc54c49450394b81c12846cbbf2fe64acb343deaffbd72,2261875,
train,data/not_mooncake/train/gen_generated_not_mooncake_0796.png,not_mooncake,AI generated,data/generated/not_mooncake/generated_not_mooncake_0796.png,AI generated prompt,"a single glazed doughnut photographed from a slightly tilted angle, ordinary kitchen lighting, realistic phone-camera look, mild motion blur, no text, no logo, clearly a doughnut, not a mooncake",AIXF666,AI-generated,,,0f2bdc5c6439649510357fcee58df86189de87a04afff9f9bf34a3ca34a53dcb,2298295,
train,data/not_mooncake/train/gen_generated_not_mooncake_0841.png,not_mooncake,AI generated,data/generated/not_mooncake/generated_not_mooncake_0841.png,AI generated prompt,"a single irregularly shaped chocolate chip cookie with several large visible dark chocolate chips and a rough cracked edge on a ceramic plate, realistic smartphone food photo, warm indoor light, simple table background, no text, no logo, no packaging, clearly a chocolate chip cookie, not a mooncake, no stamped Chinese pastry pattern",AIXF666,AI-generated,,,dfce8f5a61be70de823b2abd9648265cd8cc4de894f8b880e60c18d64c18d5d8,2433501,
train,data/not_mooncake/train/gen_generated_not_mooncake_0928.png,not_mooncake,AI generated,data/generated/not_mooncake/generated_not_mooncake_0928.png,AI generated prompt,"a single glazed doughnut photographed from a slightly tilted angle, ordinary kitchen lighting, realistic phone-camera look, mild motion blur, no text, no logo, clearly a doughnut, not a mooncake",AIXF666,AI-generated,,,9c0f5b2d436622850dfed2d1339251e9b9886856f85468b2487158b8421949ff,2144422,
train,data/not_mooncake/train/gen_generated_not_mooncake_0550.png,not_mooncake,AI generated,data/generated/not_mooncake/generated_not_mooncake_0550.png,AI generated prompt,"a single slice of sponge cake cut slightly open to show its soft interior, realistic food photo, natural indoor light, no text, no logo, no packaging, not a mooncake",AIXF666,AI-generated,,,6c592134b34e111617f02bb8704694fc19975abe0de980500830180b47ce3369,2324851,
train,data/not_mooncake/train/gen_generated_not_mooncake_0577.png,not_mooncake,AI generated,data/generated/not_mooncake/generated_not_mooncake_0577.png,AI generated prompt,"a single irregularly shaped chocolate chip cookie with several large visible dark chocolate chips and a rough cracked edge on a ceramic plate, realistic smartphone food photo, warm indoor light, simple table background, no text, no logo, no packaging, clearly a chocolate chip cookie, not a mooncake, no stamped Chinese pastry pattern",AIXF666,AI-generated,,,00c6d8ca7f0b6c2aa6361c5def8c026188b90300cdc6d616bcda893ee42b9884,2338908,
train,data/not_mooncake/train/gen_generated_not_mooncake_0497.png,not_mooncake,AI generated,data/generated/not_mooncake/generated_not_mooncake_0497.png,AI generated prompt,"a single pineapple bun partly beside a cup of tea, realistic dining-table photo, soft shadows, recognizable cracked sugar crust, no text, no logo, no packaging, clearly bread, not a mooncake",AIXF666,AI-generated,,,7c9fc477aca276c4b9abe53bad4b1acee674ad7bb2aad121cd7ed4ea57e66e44,2560813,
train,data/not_mooncake/train/gen_generated_not_mooncake_0764.png,not_mooncake,AI generated,data/generated/not_mooncake/generated_not_mooncake_0764.png,AI generated prompt,"one dorayaki Japanese pancake sandwich with visible cake layers, realistic casual food photo, warm light, no people, no text, no logo, no packaging, clearly dorayaki, not a mooncake",AIXF666,AI-generated,,,c7f4cd28061a90d11e7fc40c02959ed64ba88ccf67cf7b770acc7816d615ad6e,2474139,
train,data/not_mooncake/train/gen_generated_not_mooncake_0044.png,not_mooncake,AI generated,data/generated/not_mooncake/generated_not_mooncake_0044.png,AI generated prompt,"one dorayaki Japanese pancake sandwich with visible cake layers, realistic casual food photo, warm light, no people, no text, no logo, no packaging, clearly dorayaki, not a mooncake",AIXF666,AI-generated,,,0f9134b3cd3a2bdfde21dabbbc25ce1101d1dc700c3542734b33b85e6064233a,2458967,
train,data/not_mooncake/train/gen_generated_not_mooncake_0870.png,not_mooncake,AI generated,data/generated/not_mooncake/generated_not_mooncake_0870.png,AI generated prompt,"a close but ordinary photo of one small cheesecake tart, slightly uneven lighting and focus, realistic food photography, no text, no logo, clearly a tart, not a mooncake",AIXF666,AI-generated,,,9e9bc35bfff916fa7596f4430447eafd92c457b3c71d0edb7021985a89328f50,2463269,
train,data/not_mooncake/train/gen_generated_not_mooncake_0273.png,not_mooncake,AI generated,data/generated/not_mooncake/generated_not_mooncake_0273.png,AI generated prompt,"a single colorful macaron, realistic phone photo, simple tabletop, mild shadows and imperfect composition, no text, no logo, clearly a macaron, not a mooncake",AIXF666,AI-generated,,,51a72c4e89bacbcfcb1ef4849eb3dfd1974f0f8db8c7a07d7ef9ee039769f849,2070672,
train,data/not_mooncake/train/gen_generated_not_mooncake_0909.png,not_mooncake,AI generated,data/generated/not_mooncake/generated_not_mooncake_0909.png,AI generated prompt,"a single colorful macaron, realistic phone photo, simple tabletop, mild shadows and imperfect composition, no text, no logo, clearly a macaron, not a mooncake",AIXF666,AI-generated,,,badfa8484b9749d0f5257b97051a067c443e7f833801b580dfd01352b195cfec,2013920,
train,data/not_mooncake/train/gen_generated_not_mooncake_0783.png,not_mooncake,AI generated,data/generated/not_mooncake/generated_not_mooncake_0783.png,AI generated prompt,"a small plate with a plain chocolate cupcake, realistic food photo, mild background clutter, natural colors, no text, no logo, no packaging, clearly a cupcake, not a mooncake",AIXF666,AI-generated,,,5b2056fa5c9bd9f5c8532aad18fd02d029f939e3c924f5ab53c901af1dc213f9,2353245,
train,data/not_mooncake/train/gen_generated_not_mooncake_0724.png,not_mooncake,AI generated,data/generated/not_mooncake/generated_not_mooncake_0724.png,AI generated prompt,"a single glazed doughnut photographed from a slightly tilted angle, ordinary kitchen lighting, realistic phone-camera look, mild motion blur, no text, no logo, clearly a doughnut, not a mooncake",AIXF666,AI-generated,,,8a57d3e581d141272a9945e9ffd4521c192fcd46528b126192f31bf94ed9b7e4,2400657,
train,data/not_mooncake/train/gen_generated_not_mooncake_0160.png,not_mooncake,AI generated,data/generated/not_mooncake/generated_not_mooncake_0160.png,AI generated prompt,"a single glazed doughnut photographed from a slightly tilted angle, ordinary kitchen lighting, realistic phone-camera look, mild motion blur, no text, no logo, clearly a doughnut, not a mooncake",AIXF666,AI-generated,,,3cd8712a84d679c09dbe3b6e7942891e8a700241b2386bfa5b99b5e27e5c919d,2202157,
train,data/not_mooncake/train/gen_generated_not_mooncake_0918.png,not_mooncake,AI generated,data/generated/not_mooncake/generated_not_mooncake_0918.png,AI generated prompt,"a close but ordinary photo of one small cheesecake tart, slightly uneven lighting and focus, realistic food photography, no text, no logo, clearly a tart, not a mooncake",AIXF666,AI-generated,,,486e3f8b5d59ae9021a0dcc23aafe8f99bafe5e424b85995fdc7e4a3134d6b57,2270956,
train,data/not_mooncake/train/gen_generated_not_mooncake_0371.png,not_mooncake,AI generated,data/generated/not_mooncake/generated_not_mooncake_0371.png,AI generated prompt,"a single mini muffin on a plate, realistic home photo, slightly soft focus but clearly recognizable, no text, no logo, clearly a muffin, not a mooncake",AIXF666,AI-generated,,,648d5bb338fadb6cad0b0ddd06ab827ad76217d42a8f20702b3430efce75748b,2102581,
train,data/not_mooncake/train/gen_generated_not_mooncake_0025.png,not_mooncake,AI generated,data/generated/not_mooncake/generated_not_mooncake_0025.png,AI generated prompt,"a single round butter cookie on a ceramic plate, realistic smartphone food photo, warm indoor light, simple table background, no text, no logo, no packaging, clearly a cookie, not a mooncake, no stamped Chinese pastry pattern",AIXF666,AI-generated,,,21638013e397a28ba79510b8093e8c1a81805bad050a52d1efca9d37653b83be,2477688,
train,data/not_mooncake/train/gen_generated_not_mooncake_0349.png,not_mooncake,AI generated,data/generated/not_mooncake/generated_not_mooncake_0349.png,AI generated prompt,"a single irregularly shaped chocolate chip cookie with several large visible dark chocolate chips and a rough cracked edge on a ceramic plate, realistic smartphone food photo, warm indoor light, simple table background, no text, no logo, no packaging, clearly a chocolate chip cookie, not a mooncake, no stamped Chinese pastry pattern",AIXF666,AI-generated,,,4c53d8b0c054b86f62fdc6e938bd46cde0d1b2632723ae70091421a6df51e3ea,2537122,
train,data/not_mooncake/train/gen_generated_not_mooncake_0730.png,not_mooncake,AI generated,data/generated/not_mooncake/generated_not_mooncake_0730.png,AI generated prompt,"a single slice of sponge cake cut slightly open to show its soft interior, realistic food photo, natural indoor light, no text, no logo, no packaging, not a mooncake",AIXF666,AI-generated,,,39910391bbc18a0f9ba73b920a0f28e859ff13b2c1bcd38dca862d4abefeec65,2283164,
train,data/not_mooncake/train/gen_generated_not_mooncake_0004.png,not_mooncake,AI generated,data/generated/not_mooncake/generated_not_mooncake_0004.png,AI generated prompt,"a single glazed doughnut photographed from a slightly tilted angle, ordinary kitchen lighting, realistic phone-camera look, mild motion blur, no text, no logo, clearly a doughnut, not a mooncake",AIXF666,AI-generated,,,979b7e0f147b6e53643884061d5f185b8cd47f0a3e57f973ac898a7201a4523e,2142569,
train,data/not_mooncake/train/gen_generated_not_mooncake_0528.png,not_mooncake,AI generated,data/generated/not_mooncake/generated_not_mooncake_0528.png,AI generated prompt,"a single cinnamon roll photographed in a bakery-like setting without readable signs, realistic casual photo, no text, no logo, no packaging, clearly a cinnamon roll, not a mooncake",AIXF666,AI-generated,,,e2fc8a011732d24096e8c91b9ed82db8504bc81d3d1ca9b09c182575a5dc1c03,2665075,
train,data/not_mooncake/train/gen_generated_not_mooncake_0391.png,not_mooncake,AI generated,data/generated/not_mooncake/generated_not_mooncake_0391.png,AI generated prompt,"one chocolate chip cookie on a white plate photographed from a little farther away, realistic indoor photo, neutral background, clear enough to recognize, no text, no logo, not a mooncake",AIXF666,AI-generated,,,794e4a1405166296f859d1d7db2bc1a36b34ca3f7670d7f664f8038366df3b86,1647971,
train,data/not_mooncake/train/gen_generated_not_mooncake_0936.png,not_mooncake,AI generated,data/generated/not_mooncake/generated_not_mooncake_0936.png,AI generated prompt,"a single cinnamon roll photographed in a bakery-like setting without readable signs, realistic casual photo, no text, no logo, no packaging, clearly a cinnamon roll, not a mooncake",AIXF666,AI-generated,,,741ebb7ef3518df10940701a0bd840dea738ecff6eb88edddb9877d6f425c45e,2627473,
train,data/not_mooncake/train/gen_generated_not_mooncake_0237.png,not_mooncake,AI generated,data/generated/not_mooncake/generated_not_mooncake_0237.png,AI generated prompt,"a single colorful macaron, realistic phone photo, simple tabletop, mild shadows and imperfect composition, no text, no logo, clearly a macaron, not a mooncake",AIXF666,AI-generated,,,a23b3081ceb6cb4455f71911652cc66407c0dc57af92ab6a596d171312a658cd,1945346,
train,data/not_mooncake/train/gen_generated_not_mooncake_0885.png,not_mooncake,AI generated,data/generated/not_mooncake/generated_not_mooncake_0885.png,AI generated prompt,"a single colorful macaron, realistic phone photo, simple tabletop, mild shadows and imperfect composition, no text, no logo, clearly a macaron, not a mooncake",AIXF666,AI-generated,,,4615ca39b4b7bdb834c1587e6c9964e2d0ec3a20de39ecfd2c66136b3d93c2e3,1980544,
train,data/not_mooncake/train/gen_generated_not_mooncake_0433.png,not_mooncake,AI generated,data/generated/not_mooncake/generated_not_mooncake_0433.png,AI generated prompt,"a single irregularly shaped chocolate chip cookie with several large visible dark chocolate chips and a rough cracked edge on a ceramic plate, realistic smartphone food photo, warm indoor light, simple table background, no text, no logo, no packaging, clearly a chocolate chip cookie, not a mooncake, no stamped Chinese pastry pattern",AIXF666,AI-generated,,,b7d99b462d3a03afe733362652e5389db1a2ad68f533862231708c3035f371af,2532612,
train,data/not_mooncake/train/gen_generated_not_mooncake_0232.png,not_mooncake,AI generated,data/generated/not_mooncake/generated_not_mooncake_0232.png,AI generated prompt,"a single glazed doughnut photographed from a slightly tilted angle, ordinary kitchen lighting, realistic phone-camera look, mild motion blur, no text, no logo, clearly a doughnut, not a mooncake",AIXF666,AI-generated,,,3d5eb0f1e94f1a4644e6f5255daca4250dbb22f036a0d6b8b1b08e3dc4bbfab0,2231327,
train,data/not_mooncake/train/gen_generated_not_mooncake_0748.png,not_mooncake,AI generated,data/generated/not_mooncake/generated_not_mooncake_0748.png,AI generated prompt,"a single glazed doughnut photographed from a slightly tilted angle, ordinary kitchen lighting, realistic phone-camera look, mild motion blur, no text, no logo, clearly a doughnut, not a mooncake",AIXF666,AI-generated,,,0b56ef6545513ca7ee468a4117948f12c1373af365a51c380fef754c6e54ed57,2195574,
train,data/not_mooncake/train/gen_generated_not_mooncake_0373.png,not_mooncake,AI generated,data/generated/not_mooncake/generated_not_mooncake_0373.png,AI generated prompt,"a single irregularly shaped chocolate chip cookie with several large visible dark chocolate chips and a rough cracked edge on a ceramic plate, realistic smartphone food photo, warm indoor light, simple table background, no text, no logo, no packaging, clearly a chocolate chip cookie, not a mooncake, no stamped Chinese pastry pattern",AIXF666,AI-generated,,,3c48c95c05229fd8fb4f27bb19c9a0eef293efa750d0b16b77963c164423fbe5,2572833,
train,data/not_mooncake/train/gen_generated_not_mooncake_0674.png,not_mooncake,AI generated,data/generated/not_mooncake/generated_not_mooncake_0674.png,AI generated prompt,"a single Cantonese egg tart with visible custard center, realistic casual home photo, slightly imperfect focus, natural window light, no text, no logo, clearly an egg tart, not a mooncake",AIXF666,AI-generated,,,93ae3f63905dba328b70701b8e96c8954757d73b7d72190cbe3e8a58b069c432,2284542,
train,data/not_mooncake/train/gen_generated_not_mooncake_0176.png,not_mooncake,AI generated,data/generated/not_mooncake/generated_not_mooncake_0176.png,AI generated prompt,"one dorayaki Japanese pancake sandwich with visible cake layers, realistic casual food photo, warm light, no people, no text, no logo, no packaging, clearly dorayaki, not a mooncake",AIXF666,AI-generated,,,405d011434e9729c2784d01d18bf0095a9c98d467809d42ac0e1472115bbdce5,2534205,
train,data/not_mooncake/train/gen_generated_not_mooncake_0334.png,not_mooncake,AI generated,data/generated/not_mooncake/generated_not_mooncake_0334.png,AI generated prompt,"a single slice of sponge cake cut slightly open to show its soft interior, realistic food photo, natural indoor light, no text, no logo, no packaging, not a mooncake",AIXF666,AI-generated,,,e011d13acd17ce213820799abe33d027bf96d028d65dfb568e656b8a7d2a71e6,2277864,
train,data/not_mooncake/train/gen_generated_not_mooncake_0651.png,not_mooncake,AI generated,data/generated/not_mooncake/generated_not_mooncake_0651.png,AI generated prompt,"a small plate with a plain chocolate cupcake, realistic food photo, mild background clutter, natural colors, no text, no logo, no packaging, clearly a cupcake, not a mooncake",AIXF666,AI-generated,,,10672f5789e359a88c519f07656895d77c970e560c60b7b916ca73619330d9af,2397845,
train,data/not_mooncake/train/gen_generated_not_mooncake_0305.png,not_mooncake,AI generated,data/generated/not_mooncake/generated_not_mooncake_0305.png,AI generated prompt,"a single pineapple bun partly beside a cup of tea, realistic dining-table photo, soft shadows, recognizable cracked sugar crust, no text, no logo, no packaging, clearly bread, not a mooncake",AIXF666,AI-generated,,,f4a81ec24da18a3b3a1c53c35f4b4077fa96295690213b7f7d84dcedc8ef7a85,2562490,
train,data/not_mooncake/train/gen_generated_not_mooncake_0088.png,not_mooncake,AI generated,data/generated/not_mooncake/generated_not_mooncake_0088.png,AI generated prompt,"a single glazed doughnut photographed from a slightly tilted angle, ordinary kitchen lighting, realistic phone-camera look, mild motion blur, no text, no logo, clearly a doughnut, not a mooncake",AIXF666,AI-generated,,,83cc63cdcea1676caff17329e2adb770190bfaf937f1a37b8c5318fb56243454,2188471,
train,data/not_mooncake/train/gen_generated_not_mooncake_0476.png,not_mooncake,AI generated,data/generated/not_mooncake/generated_not_mooncake_0476.png,AI generated prompt,"one dorayaki Japanese pancake sandwich with visible cake layers, realistic casual food photo, warm light, no people, no text, no logo, no packaging, clearly dorayaki, not a mooncake",AIXF666,AI-generated,,,567ad09fad301ddd00644501b7c34005622e213b8acec54d1669d79c8069d929,2490021,
train,data/not_mooncake/train/gen_generated_not_mooncake_0766.png,not_mooncake,AI generated,data/generated/not_mooncake/generated_not_mooncake_0766.png,AI generated prompt,"a single slice of sponge cake cut slightly open to show its soft interior, realistic food photo, natural indoor light, no text, no logo, no packaging, not a mooncake",AIXF666,AI-generated,,,ee9e010dbc421f658b6cb018daec0034234e8e7767076303e6fca6921ecf7690,2377453,
train,data/not_mooncake/train/gen_generated_not_mooncake_0059.png,not_mooncake,AI generated,data/generated/not_mooncake/generated_not_mooncake_0059.png,AI generated prompt,"a single mini muffin on a plate, realistic home photo, slightly soft focus but clearly recognizable, no text, no logo, clearly a muffin, not a mooncake",AIXF666,AI-generated,,,ce279b0aad03c7ed273aade8553d0bca3ad192897fa0c023a8df6fa0af7174c1,2331918,
train,data/not_mooncake/train/gen_generated_not_mooncake_0636.png,not_mooncake,AI generated,data/generated/not_mooncake/generated_not_mooncake_0636.png,AI generated prompt,"a single cinnamon roll photographed in a bakery-like setting without readable signs, realistic casual photo, no text, no logo, no packaging, clearly a cinnamon roll, not a mooncake",AIXF666,AI-generated,,,6dbd680f44f7472d4c0238b042907a6e7207b7f3723820fa8d2fd0cd77a16242,2685974,
train,data/not_mooncake/train/gen_generated_not_mooncake_0861.png,not_mooncake,AI generated,data/generated/not_mooncake/generated_not_mooncake_0861.png,AI generated prompt,"a single colorful macaron, realistic phone photo, simple tabletop, mild shadows and imperfect composition, no text, no logo, clearly a macaron, not a mooncake",AIXF666,AI-generated,,,245e910bb807c6b930836f83183a775f2656e75743cacb103bb78a19d4e692eb,2180391,
train,data/not_mooncake/train/gen_generated_not_mooncake_0297.png,not_mooncake,AI generated,data/generated/not_mooncake/generated_not_mooncake_0297.png,AI generated prompt,"a single colorful macaron, realistic phone photo, simple tabletop, mild shadows and imperfect composition, no text, no logo, clearly a macaron, not a mooncake",AIXF666,AI-generated,,,474f8c201644e499958b6a6c9d21f01c7042a94ea0651fca0921d5105a19a7d4,2291334,
train,data/not_mooncake/train/gen_generated_not_mooncake_0043.png,not_mooncake,AI generated,data/generated/not_mooncake/generated_not_mooncake_0043.png,AI generated prompt,"one chocolate chip cookie on a white plate photographed from a little farther away, realistic indoor photo, neutral background, clear enough to recognize, no text, no logo, not a mooncake",AIXF666,AI-generated,,,e73ffb2e459ec5ddf46780bc2a42f11e2cff4d0fab5fa1288e66089ef9dc06c0,1748548,
train,data/not_mooncake/train/gen_generated_not_mooncake_0887.png,not_mooncake,AI generated,data/generated/not_mooncake/generated_not_mooncake_0887.png,AI generated prompt,"a single mini muffin on a plate, realistic home photo, slightly soft focus but clearly recognizable, no text, no logo, clearly a muffin, not a mooncake",AIXF666,AI-generated,,,c69f72d76913fac7790123df28f19b36d9371967f0043b871ca1f832a09c3fae,2176253,
train,data/not_mooncake/train/gen_generated_not_mooncake_0343.png,not_mooncake,AI generated,data/generated/not_mooncake/generated_not_mooncake_0343.png,AI generated prompt,"one chocolate chip cookie on a white plate photographed from a little farther away, realistic indoor photo, neutral background, clear enough to recognize, no text, no logo, not a mooncake",AIXF666,AI-generated,,,b4cea46bf45c620f3b464bdc69d79f258dd924642f46943c59b38269e4336c09,1750654,
train,data/not_mooncake/train/gen_generated_not_mooncake_0954.png,not_mooncake,AI generated,data/generated/not_mooncake/generated_not_mooncake_0954.png,AI generated prompt,"a close but ordinary photo of one small cheesecake tart, slightly uneven lighting and focus, realistic food photography, no text, no logo, clearly a tart, not a mooncake",AIXF666,AI-generated,,,2cf663029998047726f1010062bd74ed0d98252bf8a258078b4f51f52282b7e2,2328580,
train,data/not_mooncake/train/gen_generated_not_mooncake_0489.png,not_mooncake,AI generated,data/generated/not_mooncake/generated_not_mooncake_0489.png,AI generated prompt,"a single colorful macaron, realistic phone photo, simple tabletop, mild shadows and imperfect composition, no text, no logo, clearly a macaron, not a mooncake",AIXF666,AI-generated,,,cc703cb3850e9ee0e06f96ef3725eebf1208bdb42c982e690a17393ea0441bcc,1917597,
train,data/not_mooncake/train/gen_generated_not_mooncake_0790.png,not_mooncake,AI generated,data/generated/not_mooncake/generated_not_mooncake_0790.png,AI generated prompt,"a single slice of sponge cake cut slightly open to show its soft interior, realistic food photo, natural indoor light, no text, no logo, no packaging, not a mooncake",AIXF666,AI-generated,,,14057a5d0f23341f2312e3293b7e970c684f219613f920e6a16b6c5dbf082796,2437249,
train,data/not_mooncake/train/gen_generated_not_mooncake_0441.png,not_mooncake,AI generated,data/generated/not_mooncake/generated_not_mooncake_0441.png,AI generated prompt,"a single colorful macaron, realistic phone photo, simple tabletop, mild shadows and imperfect composition, no text, no logo, clearly a macaron, not a mooncake",AIXF666,AI-generated,,,69a271a9eeba781544753b614239ed581830468cd5a8abf265f899da8cfd5a46,2085948,
train,data/not_mooncake/train/gen_generated_not_mooncake_0501.png,not_mooncake,AI generated,data/generated/not_mooncake/generated_not_mooncake_0501.png,AI generated prompt,"a single colorful macaron, realistic phone photo, simple tabletop, mild shadows and imperfect composition, no text, no logo, clearly a macaron, not a mooncake",AIXF666,AI-generated,,,b6b3e8064853e99b585f9d0d49ce4e05909bb478a334219b4a0a999d5c145196,1956710,
train,data/not_mooncake/train/gen_generated_not_mooncake_0120.png,not_mooncake,AI generated,data/generated/not_mooncake/generated_not_mooncake_0120.png,AI generated prompt,"a single cinnamon roll photographed in a bakery-like setting without readable signs, realistic casual photo, no text, no logo, no packaging, clearly a cinnamon roll, not a mooncake",AIXF666,AI-generated,,,16521ea9232375bc8c3bea53f04e960463b2077d4c9444475ed2bf118228ffbd,2856497,
train,data/not_mooncake/train/gen_generated_not_mooncake_0342.png,not_mooncake,AI generated,data/generated/not_mooncake/generated_not_mooncake_0342.png,AI generated prompt,"a close but ordinary photo of one small cheesecake tart, slightly uneven lighting and focus, realistic food photography, no text, no logo, clearly a tart, not a mooncake",AIXF666,AI-generated,,,89fdce36b3032176547fcb71848111b1b41256c16d9406afa817a8212d998cb6,2305210,
train,data/not_mooncake/train/gen_generated_not_mooncake_0465.png,not_mooncake,AI generated,data/generated/not_mooncake/generated_not_mooncake_0465.png,AI generated prompt,"a single colorful macaron, realistic phone photo, simple tabletop, mild shadows and imperfect composition, no text, no logo, clearly a macaron, not a mooncake",AIXF666,AI-generated,,,fedf422f8630afad4b9d7f42b5508037e687f9dd395229de96654e35e79de9bd,1788018,
train,data/not_mooncake/train/gen_generated_not_mooncake_0931.png,not_mooncake,AI generated,data/generated/not_mooncake/generated_not_mooncake_0931.png,AI generated prompt,"one chocolate chip cookie on a white plate photographed from a little farther away, realistic indoor photo, neutral background, clear enough to recognize, no text, no logo, not a mooncake",AIXF666,AI-generated,,,b285f453bab8510df3fdf275b64f1b41aafc3aa6957a9ba70457fa41f5086494,1732237,
train,data/not_mooncake/train/gen_generated_not_mooncake_0583.png,not_mooncake,AI generated,data/generated/not_mooncake/generated_not_mooncake_0583.png,AI generated prompt,"one chocolate chip cookie on a white plate photographed from a little farther away, realistic indoor photo, neutral background, clear enough to recognize, no text, no logo, not a mooncake",AIXF666,AI-generated,,,26f3cfa97bbe640386fe90985d0436bca942aadae71bb2ec81c8a1a9acb7af42,1632872,
train,data/not_mooncake/train/gen_generated_not_mooncake_0786.png,not_mooncake,AI generated,data/generated/not_mooncake/generated_not_mooncake_0786.png,AI generated prompt,"a close but ordinary photo of one small cheesecake tart, slightly uneven lighting and focus, realistic food photography, no text, no logo, clearly a tart, not a mooncake",AIXF666,AI-generated,,,ec70613777eeffe4ae3e04973f28c2987151a5bc8eaab53845e9b0e8033541e5,2356673,
train,data/not_mooncake/train/gen_generated_not_mooncake_0811.png,not_mooncake,AI generated,data/generated/not_mooncake/generated_not_mooncake_0811.png,AI generated prompt,"one chocolate chip cookie on a white plate photographed from a little farther away, realistic indoor photo, neutral background, clear enough to recognize, no text, no logo, not a mooncake",AIXF666,AI-generated,,,0e97a25e47aab0a7264c2ee03a5c6aa95c3c6ac36e3e3da604d937145ac23dd4,1765817,
train,data/not_mooncake/train/gen_generated_not_mooncake_0171.png,not_mooncake,AI generated,data/generated/not_mooncake/generated_not_mooncake_0171.png,AI generated prompt,"a small plate with a plain chocolate cupcake, realistic food photo, mild background clutter, natural colors, no text, no logo, no packaging, clearly a cupcake, not a mooncake",AIXF666,AI-generated,,,c8c9a378e2e1b8172c3db1024f37af8566ac8fadf4f2f6e6a971cea69128d473,2153851,
train,data/not_mooncake/train/gen_generated_not_mooncake_0960.png,not_mooncake,AI generated,data/generated/not_mooncake/generated_not_mooncake_0960.png,AI generated prompt,"a single cinnamon roll photographed in a bakery-like setting without readable signs, realistic casual photo, no text, no logo, no packaging, clearly a cinnamon roll, not a mooncake",AIXF666,AI-generated,,,acd1d0051023479916a6db5aa2b9d1c35bf8e9db6ee7c3b6f8c3ae0cd6625ae1,2813923,
train,data/not_mooncake/train/gen_generated_not_mooncake_0741.png,not_mooncake,AI generated,data/generated/not_mooncake/generated_not_mooncake_0741.png,AI generated prompt,"a single colorful macaron, realistic phone photo, simple tabletop, mild shadows and imperfect composition, no text, no logo, clearly a macaron, not a mooncake",AIXF666,AI-generated,,,c7f78f1a23ffbe0bb9cd10622903cc853201f880a30d80fb65da82aabf7e8aa6,1847437,
train,data/not_mooncake/train/gen_generated_not_mooncake_0330.png,not_mooncake,AI generated,data/generated/not_mooncake/generated_not_mooncake_0330.png,AI generated prompt,"a close but ordinary photo of one small cheesecake tart, slightly uneven lighting and focus, realistic food photography, no text, no logo, clearly a tart, not a mooncake",AIXF666,AI-generated,,,810d077a4a187c335b1b358bde7677a7db48a63d11d6a26d7ea350bfe9020eaa,2270015,
train,data/not_mooncake/train/gen_generated_not_mooncake_0073.png,not_mooncake,AI generated,data/generated/not_mooncake/generated_not_mooncake_0073.png,AI generated prompt,"a single round butter cookie on a ceramic plate, realistic smartphone food photo, warm indoor light, simple table background, no text, no logo, no packaging, clearly a cookie, not a mooncake, no stamped Chinese pastry pattern",AIXF666,AI-generated,,,b81e1ecde80b3f89f077202f1cfdf76ed6db32e8c5fb0710b20e225180868d8e,2440535,
validation,data/not_mooncake/validation/gen_generated_not_mooncake_0924.png,not_mooncake,AI generated,data/generated/not_mooncake/generated_not_mooncake_0924.png,AI generated prompt,"a single cinnamon roll photographed in a bakery-like setting without readable signs, realistic casual photo, no text, no logo, no packaging, clearly a cinnamon roll, not a mooncake",AIXF666,AI-generated,,,5a35c22e092da6bbbaf2d0ac311317f28ecea1a9f5db53c58867f1751e2a3417,2758868,
validation,data/not_mooncake/validation/gen_generated_not_mooncake_0335.png,not_mooncake,AI generated,data/generated/not_mooncake/generated_not_mooncake_0335.png,AI generated prompt,"a single mini muffin on a plate, realistic home photo, slightly soft focus but clearly recognizable, no text, no logo, clearly a muffin, not a mooncake",AIXF666,AI-generated,,,37c0b80ee441a61d878fa5c2b5d4722931d4ec8cd0ec9fe0d97ade503af82694,2285845,
validation,data/not_mooncake/validation/gen_generated_not_mooncake_0883.png,not_mooncake,AI generated,data/generated/not_mooncake/generated_not_mooncake_0883.png,AI generated prompt,"one chocolate chip cookie on a white plate photographed from a little farther away, realistic indoor photo, neutral background, clear enough to recognize, no text, no logo, not a mooncake",AIXF666,AI-generated,,,400c43a8a56feeec2ed0c418e54943809e8952f086ffbccad54e0e17ee06fd4b,1750087,
validation,data/not_mooncake/validation/gen_generated_not_mooncake_0704.png,not_mooncake,AI generated,data/generated/not_mooncake/generated_not_mooncake_0704.png,AI generated prompt,"one dorayaki Japanese pancake sandwich with visible cake layers, realistic casual food photo, warm light, no people, no text, no logo, no packaging, clearly dorayaki, not a mooncake",AIXF666,AI-generated,,,d72f0ae6f335cad450f3429d676b47eafd092ecafd700ed815ce7b4fad30a3fb,2532147,
validation,data/not_mooncake/validation/gen_generated_not_mooncake_0009.png,not_mooncake,AI generated,data/generated/not_mooncake/generated_not_mooncake_0009.png,AI generated prompt,"a single colorful macaron, realistic phone photo, simple tabletop, mild shadows and imperfect composition, no text, no logo, clearly a macaron, not a mooncake",AIXF666,AI-generated,,,8c1c85d1b2413cc056a76238020160c62c1ff84b6716d2d9c6bd41b506a5d8d3,2159103,
validation,data/not_mooncake/validation/gen_generated_not_mooncake_0905.png,not_mooncake,AI generated,data/generated/not_mooncake/generated_not_mooncake_0905.png,AI generated prompt,"a single pineapple bun partly beside a cup of tea, realistic dining-table photo, soft shadows, recognizable cracked sugar crust, no text, no logo, no packaging, clearly bread, not a mooncake",AIXF666,AI-generated,,,ca1fb728ea0e22bc5005333c3c255f7b5f76b7fe79b945ad9ce22a73b8d2b175,2552316,
validation,data/not_mooncake/validation/gen_generated_not_mooncake_0788.png,not_mooncake,AI generated,data/generated/not_mooncake/generated_not_mooncake_0788.png,AI generated prompt,"one dorayaki Japanese pancake sandwich with visible cake layers, realistic casual food photo, warm light, no people, no text, no logo, no packaging, clearly dorayaki, not a mooncake",AIXF666,AI-generated,,,bd1ecdfbb3f25974c41959cc28c9d1a74849b66ed635e5c1a001399eddcebff9,2439578,
validation,data/not_mooncake/validation/gen_generated_not_mooncake_0782.png,not_mooncake,AI generated,data/generated/not_mooncake/generated_not_mooncake_0782.png,AI generated prompt,"a single Cantonese egg tart with visible custard center, realistic casual home photo, slightly imperfect focus, natural window light, no text, no logo, clearly an egg tart, not a mooncake",AIXF666,AI-generated,,,af2ff25fe979d506d3ef65588aa8e559b1ce6a6c81bf0bfc3ccb9f8968900c88,2378758,
validation,data/not_mooncake/validation/gen_generated_not_mooncake_0496.png,not_mooncake,AI generated,data/generated/not_mooncake/generated_not_mooncake_0496.png,AI generated prompt,"a single glazed doughnut photographed from a slightly tilted angle, ordinary kitchen lighting, realistic phone-camera look, mild motion blur, no text, no logo, clearly a doughnut, not a mooncake",AIXF666,AI-generated,,,a174fd8fac08fc38f6f47816e1301a9f549b61b44307332ede584a09e83cfaf1,2195513,
validation,data/not_mooncake/validation/gen_generated_not_mooncake_0321.png,not_mooncake,AI generated,data/generated/not_mooncake/generated_not_mooncake_0321.png,AI generated prompt,"a single colorful macaron, realistic phone photo, simple tabletop, mild shadows and imperfect composition, no text, no logo, clearly a macaron, not a mooncake",AIXF666,AI-generated,,,638131f6c64a70424704fe04f94d18099aef38198f691038dce1a204becfcc8c,2499974,
validation,data/not_mooncake/validation/gen_generated_not_mooncake_0085.png,not_mooncake,AI generated,data/generated/not_mooncake/generated_not_mooncake_0085.png,AI generated prompt,"a single round butter cookie on a ceramic plate, realistic smartphone food photo, warm indoor light, simple table background, no text, no logo, no packaging, clearly a cookie, not a mooncake, no stamped Chinese pastry pattern",AIXF666,AI-generated,,,9f04769eb34bea0b6d5589c9f16435a1ae2e09dd6018b8ba03d9f1caf4cd7b5f,2500549,
validation,data/not_mooncake/validation/gen_generated_not_mooncake_0351.png,not_mooncake,AI generated,data/generated/not_mooncake/generated_not_mooncake_0351.png,AI generated prompt,"a small plate with a plain chocolate cupcake, realistic food photo, mild background clutter, natural colors, no text, no logo, no packaging, clearly a cupcake, not a mooncake",AIXF666,AI-generated,,,b9cfe3314dc91e4d60cdce99471e2a945723958ade2b5e07a62e5da4b616b7eb,2551598,
validation,data/not_mooncake/validation/gen_generated_not_mooncake_0324.png,not_mooncake,AI generated,data/generated/not_mooncake/generated_not_mooncake_0324.png,AI generated prompt,"a single cinnamon roll photographed in a bakery-like setting without readable signs, realistic casual photo, no text, no logo, no packaging, clearly a cinnamon roll, not a mooncake",AIXF666,AI-generated,,,764844f75f33227a3324d2f3dbc87264e89327af74b12c76b2cfe6bfd394c729,2701161,
validation,data/not_mooncake/validation/gen_generated_not_mooncake_0445.png,not_mooncake,AI generated,data/generated/not_mooncake/generated_not_mooncake_0445.png,AI generated prompt,"a single irregularly shaped chocolate chip cookie with several large visible dark chocolate chips and a rough cracked edge on a ceramic plate, realistic smartphone food photo, warm indoor light, simple table background, no text, no logo, no packaging, clearly a chocolate chip cookie, not a mooncake, no stamped Chinese pastry pattern",AIXF666,AI-generated,,,7cec005b5ef809c15daf02613c101a611c9da24f1ba442ae22640d01256d1f66,2472573,
validation,data/not_mooncake/validation/gen_generated_not_mooncake_0688.png,not_mooncake,AI generated,data/generated/not_mooncake/generated_not_mooncake_0688.png,AI generated prompt,"a single glazed doughnut photographed from a slightly tilted angle, ordinary kitchen lighting, realistic phone-camera look, mild motion blur, no text, no logo, clearly a doughnut, not a mooncake",AIXF666,AI-generated,,,e4cff887698399ef2b847d6cf3d3b35c16d80fa11df5f5ca104e9597a3c3e5c4,2205000,
validation,data/not_mooncake/validation/gen_generated_not_mooncake_0117.png,not_mooncake,AI generated,data/generated/not_mooncake/generated_not_mooncake_0117.png,AI generated prompt,"a single colorful macaron, realistic phone photo, simple tabletop, mild shadows and imperfect composition, no text, no logo, clearly a macaron, not a mooncake",AIXF666,AI-generated,,,8cd5e8e43bfe8fa3ce7d009a347256fb2773be4fa84322e14e4c88abd66622a9,2298724,
validation,data/not_mooncake/validation/gen_generated_not_mooncake_0768.png,not_mooncake,AI generated,data/generated/not_mooncake/generated_not_mooncake_0768.png,AI generated prompt,"a single cinnamon roll photographed in a bakery-like setting without readable signs, realistic casual photo, no text, no logo, no packaging, clearly a cinnamon roll, not a mooncake",AIXF666,AI-generated,,,f7f193192f79f02583b05b6445caccd8e3e61db179f77428295ee7ab3df2f182,2785845,
validation,data/not_mooncake/validation/gen_generated_not_mooncake_0594.png,not_mooncake,AI generated,data/generated/not_mooncake/generated_not_mooncake_0594.png,AI generated prompt,"a close but ordinary photo of one small cheesecake tart, slightly uneven lighting and focus, realistic food photography, no text, no logo, clearly a tart, not a mooncake",AIXF666,AI-generated,,,c3c2f1800b765b207497f27c482da254d3eb125deeab6fcdfabce501bf521d33,2370726,
validation,data/not_mooncake/validation/gen_generated_not_mooncake_0249.png,not_mooncake,AI generated,data/generated/not_mooncake/generated_not_mooncake_0249.png,AI generated prompt,"a single colorful macaron, realistic phone photo, simple tabletop, mild shadows and imperfect composition, no text, no logo, clearly a macaron, not a mooncake",AIXF666,AI-generated,,,b70110d71a9cb6facd96833f59d410af7f293e65152c842684a4f9173574d544,1985644,
validation,data/not_mooncake/validation/gen_generated_not_mooncake_0641.png,not_mooncake,AI generated,data/generated/not_mooncake/generated_not_mooncake_0641.png,AI generated prompt,"a single pineapple bun partly beside a cup of tea, realistic dining-table photo, soft shadows, recognizable cracked sugar crust, no text, no logo, no packaging, clearly bread, not a mooncake",AIXF666,AI-generated,,,438ee04a39d6f2e318207bbc97f5c231574c7fe21a4c8d81043a06f7c3df9f5f,2552371,
validation,data/not_mooncake/validation/gen_generated_not_mooncake_0278.png,not_mooncake,AI generated,data/generated/not_mooncake/generated_not_mooncake_0278.png,AI generated prompt,"a single Cantonese egg tart with visible custard center, realistic casual home photo, slightly imperfect focus, natural window light, no text, no logo, clearly an egg tart, not a mooncake",AIXF666,AI-generated,,,697f445eb3f334df5350f3f85758c1b1189111a7e0907bd29c66f1041a651397,2463206,
validation,data/not_mooncake/validation/gen_generated_not_mooncake_0075.png,not_mooncake,AI generated,data/generated/not_mooncake/generated_not_mooncake_0075.png,AI generated prompt,"a small plate with a plain chocolate cupcake, realistic food photo, mild background clutter, natural colors, no text, no logo, no packaging, clearly a cupcake, not a mooncake",AIXF666,AI-generated,,,e67f908806d192deb114c3180c4054fbaf8f23752a3a970ff3d8ad533ae94030,2467622,
validation,data/not_mooncake/validation/gen_generated_not_mooncake_0155.png,not_mooncake,AI generated,data/generated/not_mooncake/generated_not_mooncake_0155.png,AI generated prompt,"a single mini muffin on a plate, realistic home photo, slightly soft focus but clearly recognizable, no text, no logo, clearly a muffin, not a mooncake",AIXF666,AI-generated,,,61c3bb452b82d1e6ba0521a40dfe490a0fb5566943ed9185c8f47974928d7469,2031115,
validation,data/not_mooncake/validation/gen_generated_not_mooncake_0432.png,not_mooncake,AI generated,data/generated/not_mooncake/generated_not_mooncake_0432.png,AI generated prompt,"a single cinnamon roll photographed in a bakery-like setting without readable signs, realistic casual photo, no text, no logo, no packaging, clearly a cinnamon roll, not a mooncake",AIXF666,AI-generated,,,7070986e8e787bcbd315f4a987f5faef8458d43e6b56f6136871dd857cd0b6e1,2719880,
validation,data/not_mooncake/validation/gen_generated_not_mooncake_0041.png,not_mooncake,AI generated,data/generated/not_mooncake/generated_not_mooncake_0041.png,AI generated prompt,"a single pineapple bun partly beside a cup of tea, realistic dining-table photo, soft shadows, recognizable cracked sugar crust, no text, no logo, no packaging, clearly bread, not a mooncake",AIXF666,AI-generated,,,a5a155fdd62c61cccbcadc6c4eb9e656c60a8924954120c22427653baa489a10,2515707,
validation,data/not_mooncake/validation/gen_generated_not_mooncake_0771.png,not_mooncake,AI generated,data/generated/not_mooncake/generated_not_mooncake_0771.png,AI generated prompt,"a small plate with a plain chocolate cupcake, realistic food photo, mild background clutter, natural colors, no text, no logo, no packaging, clearly a cupcake, not a mooncake",AIXF666,AI-generated,,,95e0a7d2da5c4b200181476fa059318bf99f209ae764babef574e622136be863,2322092,
validation,data/not_mooncake/validation/gen_generated_not_mooncake_0412.png,not_mooncake,AI generated,data/generated/not_mooncake/generated_not_mooncake_0412.png,AI generated prompt,"a single glazed doughnut photographed from a slightly tilted angle, ordinary kitchen lighting, realistic phone-camera look, mild motion blur, no text, no logo, clearly a doughnut, not a mooncake",AIXF666,AI-generated,,,48b0116849f45013687b4e5097dd8b405e64db19478bc2fcee51a4183b35462d,2139522,
validation,data/not_mooncake/validation/gen_generated_not_mooncake_0620.png,not_mooncake,AI generated,data/generated/not_mooncake/generated_not_mooncake_0620.png,AI generated prompt,"one dorayaki Japanese pancake sandwich with visible cake layers, realistic casual food photo, warm light, no people, no text, no logo, no packaging, clearly dorayaki, not a mooncake",AIXF666,AI-generated,,,8107edcb4c80fd626839a78b4ec687c7d131b1896c10fdb988898ce3b729081e,2486882,
validation,data/not_mooncake/validation/gen_generated_not_mooncake_0325.png,not_mooncake,AI generated,data/generated/not_mooncake/generated_not_mooncake_0325.png,AI generated prompt,"a single irregularly shaped chocolate chip cookie with several large visible dark chocolate chips and a rough cracked edge on a ceramic plate, realistic smartphone food photo, warm indoor light, simple table background, no text, no logo, no packaging, clearly a chocolate chip cookie, not a mooncake, no stamped Chinese pastry pattern",AIXF666,AI-generated,,,83bcba4ade466fe1340db460a7633dd8947fd704d38adbc3750c13462df85d3a,2588136,
validation,data/not_mooncake/validation/gen_generated_not_mooncake_0499.png,not_mooncake,AI generated,data/generated/not_mooncake/generated_not_mooncake_0499.png,AI generated prompt,"one chocolate chip cookie on a white plate photographed from a little farther away, realistic indoor photo, neutral background, clear enough to recognize, no text, no logo, not a mooncake",AIXF666,AI-generated,,,928a4e5e2d114ab454df56b55e3fec4acc17d4d70ee9a023aa05c01ea02c09e3,1931684,
validation,data/not_mooncake/validation/gen_generated_not_mooncake_0891.png,not_mooncake,AI generated,data/generated/not_mooncake/generated_not_mooncake_0891.png,AI generated prompt,"a small plate with a plain chocolate cupcake, realistic food photo, mild background clutter, natural colors, no text, no logo, no packaging, clearly a cupcake, not a mooncake",AIXF666,AI-generated,,,ea48a218bb4c90943ab12f75634d244773118ed418b98b5ba1d46a898e4d23f9,2457857,
validation,data/not_mooncake/validation/gen_generated_not_mooncake_0576.png,not_mooncake,AI generated,data/generated/not_mooncake/generated_not_mooncake_0576.png,AI generated prompt,"a single cinnamon roll photographed in a bakery-like setting without readable signs, realistic casual photo, no text, no logo, no packaging, clearly a cinnamon roll, not a mooncake",AIXF666,AI-generated,,,b12ffef263bd3c52a1e154d94d3cabe6778f7849cebc98c594274e35a19be99b,2672284,
validation,data/not_mooncake/validation/gen_generated_not_mooncake_0743.png,not_mooncake,AI generated,data/generated/not_mooncake/generated_not_mooncake_0743.png,AI generated prompt,"a single mini muffin on a plate, realistic home photo, slightly soft focus but clearly recognizable, no text, no logo, clearly a muffin, not a mooncake",AIXF666,AI-generated,,,83c0145145ae9f8202e62811133e65bc30d1005223a5b538c17eef88546b8197,2202910,
validation,data/not_mooncake/validation/gen_generated_not_mooncake_0804.png,not_mooncake,AI generated,data/generated/not_mooncake/generated_not_mooncake_0804.png,AI generated prompt,"a single cinnamon roll photographed in a bakery-like setting without readable signs, realistic casual photo, no text, no logo, no packaging, clearly a cinnamon roll, not a mooncake",AIXF666,AI-generated,,,779cb388eee4e79da8e70b26d567eff64947dce349487c5f1f5b7802a1422131,2707345,
validation,data/not_mooncake/validation/gen_generated_not_mooncake_0798.png,not_mooncake,AI generated,data/generated/not_mooncake/generated_not_mooncake_0798.png,AI generated prompt,"a close but ordinary photo of one small cheesecake tart, slightly uneven lighting and focus, realistic food photography, no text, no logo, clearly a tart, not a mooncake",AIXF666,AI-generated,,,d426b1817e14e3829c4764598c8019f42f7304699953130faf141e4f9bb2a63f,2352494,
validation,data/not_mooncake/validation/gen_generated_not_mooncake_0402.png,not_mooncake,AI generated,data/generated/not_mooncake/generated_not_mooncake_0402.png,AI generated prompt,"a close but ordinary photo of one small cheesecake tart, slightly uneven lighting and focus, realistic food photography, no text, no logo, clearly a tart, not a mooncake",AIXF666,AI-generated,,,4e13fb37a6d2dcafdb331cb5fba2f065c219f5e451b0d62c3e7a2651912789f5,2389929,
validation,data/not_mooncake/validation/gen_generated_not_mooncake_0206.png,not_mooncake,AI generated,data/generated/not_mooncake/generated_not_mooncake_0206.png,AI generated prompt,"a single Cantonese egg tart with visible custard center, realistic casual home photo, slightly imperfect focus, natural window light, no text, no logo, clearly an egg tart, not a mooncake",AIXF666,AI-generated,,,33b0cc6e6be04e685e8cb6cad933f5d554cde3a56902f40bae842be4897b9319,2386489,
validation,data/not_mooncake/validation/gen_generated_not_mooncake_0084.png,not_mooncake,AI generated,data/generated/not_mooncake/generated_not_mooncake_0084.png,AI generated prompt,"a single cinnamon roll photographed in a bakery-like setting without readable signs, realistic casual photo, no text, no logo, no packaging, clearly a cinnamon roll, not a mooncake",AIXF666,AI-generated,,,79653e76d8d1688431f0471139ac95a1db5f72bcb977be8ea799e5fd577ec192,2697043,
validation,data/not_mooncake/validation/gen_generated_not_mooncake_0979.png,not_mooncake,AI generated,data/generated/not_mooncake/generated_not_mooncake_0979.png,AI generated prompt,"one chocolate chip cookie on a white plate photographed from a little farther away, realistic indoor photo, neutral background, clear enough to recognize, no text, no logo, not a mooncake",AIXF666,AI-generated,,,fa96c55568273b3a370b4613f86430fcfa2d7744722a6c72f52fd85229f088c5,1687120,
validation,data/not_mooncake/validation/gen_generated_not_mooncake_0319.png,not_mooncake,AI generated,data/generated/not_mooncake/generated_not_mooncake_0319.png,AI generated prompt,"one chocolate chip cookie on a white plate photographed from a little farther away, realistic indoor photo, neutral background, clear enough to recognize, no text, no logo, not a mooncake",AIXF666,AI-generated,,,ccfae6c554c91a0ccb02d95d5db03812bbce838f2537bcca0fb39919aacacfcb,1689404,
validation,data/not_mooncake/validation/gen_generated_not_mooncake_0601.png,not_mooncake,AI generated,data/generated/not_mooncake/generated_not_mooncake_0601.png,AI generated prompt,"a single irregularly shaped chocolate chip cookie with several large visible dark chocolate chips and a rough cracked edge on a ceramic plate, realistic smartphone food photo, warm indoor light, simple table background, no text, no logo, no packaging, clearly a chocolate chip cookie, not a mooncake, no stamped Chinese pastry pattern",AIXF666,AI-generated,,,45d3de6e3ca0101128acdb40ee667d40e8bf1f8865ec463b90455835c2e65900,2564448,
validation,data/not_mooncake/validation/gen_generated_not_mooncake_0236.png,not_mooncake,AI generated,data/generated/not_mooncake/generated_not_mooncake_0236.png,AI generated prompt,"one dorayaki Japanese pancake sandwich with visible cake layers, realistic casual food photo, warm light, no people, no text, no logo, no packaging, clearly dorayaki, not a mooncake",AIXF666,AI-generated,,,3bcce16f4c2b79570a53889e32185d96583635b9d722981c340819133b7bc7fe,2521786,
validation,data/not_mooncake/validation/gen_generated_not_mooncake_0701.png,not_mooncake,AI generated,data/generated/not_mooncake/generated_not_mooncake_0701.png,AI generated prompt,"a single pineapple bun partly beside a cup of tea, realistic dining-table photo, soft shadows, recognizable cracked sugar crust, no text, no logo, no packaging, clearly bread, not a mooncake",AIXF666,AI-generated,,,e2ecbee9c40b23d3e5a289801a68e0107b71ffe104296ba67c843f600875d883,2583946,
validation,data/not_mooncake/validation/gen_generated_not_mooncake_0645.png,not_mooncake,AI generated,data/generated/not_mooncake/generated_not_mooncake_0645.png,AI generated prompt,"a single colorful macaron, realistic phone photo, simple tabletop, mild shadows and imperfect composition, no text, no logo, clearly a macaron, not a mooncake",AIXF666,AI-generated,,,b7d772f5384df548aa4d64898eba60a4e1bf37c3b4a05b7648032b9450763466,2158858,
validation,data/not_mooncake/validation/gen_generated_not_mooncake_0951.png,not_mooncake,AI generated,data/generated/not_mooncake/generated_not_mooncake_0951.png,AI generated prompt,"a small plate with a plain chocolate cupcake, realistic food photo, mild background clutter, natural colors, no text, no logo, no packaging, clearly a cupcake, not a mooncake",AIXF666,AI-generated,,,3d2317407f3da0f2f9bc70ac6b940798e47aa5ccc87c1b437bc68c298675d4c5,2512948,
validation,data/not_mooncake/validation/gen_generated_not_mooncake_0109.png,not_mooncake,AI generated,data/generated/not_mooncake/generated_not_mooncake_0109.png,AI generated prompt,"a single irregularly shaped chocolate chip cookie with several large visible dark chocolate chips and a rough cracked edge on a ceramic plate, realistic smartphone food photo, warm indoor light, simple table background, no text, no logo, no packaging, clearly a chocolate chip cookie, not a mooncake, no stamped Chinese pastry pattern",AIXF666,AI-generated,,,973b27bda7847e80df519842fede3108f1e7f1da6ed9d2042650d7e95506a92d,2532081,
validation,data/not_mooncake/validation/gen_generated_not_mooncake_0158.png,not_mooncake,AI generated,data/generated/not_mooncake/generated_not_mooncake_0158.png,AI generated prompt,"a single Cantonese egg tart with visible custard center, realistic casual home photo, slightly imperfect focus, natural window light, no text, no logo, clearly an egg tart, not a mooncake",AIXF666,AI-generated,,,f2f4588cc2c6fbfe6ebe11f54a221fc5a925cef834aefd8c6ed8eafeae5ad34e,2443348,
validation,data/not_mooncake/validation/gen_generated_not_mooncake_0810.png,not_mooncake,AI generated,data/generated/not_mooncake/generated_not_mooncake_0810.png,AI generated prompt,"a close but ordinary photo of one small cheesecake tart, slightly uneven lighting and focus, realistic food photography, no text, no logo, clearly a tart, not a mooncake",AIXF666,AI-generated,,,c43c01febf0b15779ee74d6aed0ea576c7681e55c09301b4bba5e504acf3b925,2055005,
validation,data/not_mooncake/validation/gen_generated_not_mooncake_0517.png,not_mooncake,AI generated,data/generated/not_mooncake/generated_not_mooncake_0517.png,AI generated prompt,"a single irregularly shaped chocolate chip cookie with several large visible dark chocolate chips and a rough cracked edge on a ceramic plate, realistic smartphone food photo, warm indoor light, simple table background, no text, no logo, no packaging, clearly a chocolate chip cookie, not a mooncake, no stamped Chinese pastry pattern",AIXF666,AI-generated,,,9d62529330b0b7f5f0621eb49fc203f9f9662b3c0e4fcd1e52d8abe6d9653cf6,2486343,
validation,data/not_mooncake/validation/gen_generated_not_mooncake_0992.png,not_mooncake,AI generated,data/generated/not_mooncake/generated_not_mooncake_0992.png,AI generated prompt,"one dorayaki Japanese pancake sandwich with visible cake layers, realistic casual food photo, warm light, no people, no text, no logo, no packaging, clearly dorayaki, not a mooncake",AIXF666,AI-generated,,,496b135b2da6bcc5950a760c2fdb3888b4e17fbdfc34f7c83338dd1ec96af435,2491510,
validation,data/not_mooncake/validation/gen_generated_not_mooncake_0531.png,not_mooncake,AI generated,data/generated/not_mooncake/generated_not_mooncake_0531.png,AI generated prompt,"a small plate with a plain chocolate cupcake, realistic food photo, mild background clutter, natural colors, no text, no logo, no packaging, clearly a cupcake, not a mooncake",AIXF666,AI-generated,,,51290d608545964ac9d15fefda4d35e53cff9aee9e9494d957de90b7ea89112f,2118144,
validation,data/not_mooncake/validation/gen_generated_not_mooncake_0991.png,not_mooncake,AI generated,data/generated/not_mooncake/generated_not_mooncake_0991.png,AI generated prompt,"one chocolate chip cookie on a white plate photographed from a little farther away, realistic indoor photo, neutral background, clear enough to recognize, no text, no logo, not a mooncake",AIXF666,AI-generated,,,9acc731f0d90873477ce589c2faa871214689998dd7a7e793fe94808174bd884,1759879,
validation,data/not_mooncake/validation/gen_generated_not_mooncake_0896.png,not_mooncake,AI generated,data/generated/not_mooncake/generated_not_mooncake_0896.png,AI generated prompt,"one dorayaki Japanese pancake sandwich with visible cake layers, realistic casual food photo, warm light, no people, no text, no logo, no packaging, clearly dorayaki, not a mooncake",AIXF666,AI-generated,,,0bbf5412a09f0f019c27e54cf2d43fd0aa803575673b2af153114030e2c43ff9,2484129,
validation,data/not_mooncake/validation/gen_generated_not_mooncake_0884.png,not_mooncake,AI generated,data/generated/not_mooncake/generated_not_mooncake_0884.png,AI generated prompt,"one dorayaki Japanese pancake sandwich with visible cake layers, realistic casual food photo, warm light, no people, no text, no logo, no packaging, clearly dorayaki, not a mooncake",AIXF666,AI-generated,,,e467a780647fdc2c78af34723b4824ef8fb615a2018ebfe608b11a1fba2b10b4,2499377,
validation,data/not_mooncake/validation/gen_generated_not_mooncake_0923.png,not_mooncake,AI generated,data/generated/not_mooncake/generated_not_mooncake_0923.png,AI generated prompt,"a single mini muffin on a plate, realistic home photo, slightly soft focus but clearly recognizable, no text, no logo, clearly a muffin, not a mooncake",AIXF666,AI-generated,,,93be21b0d55efbc8ff0fe6567c8cd4d9d8a99ea3d8b1eec957ee3d97ab0f8ed6,2005462,
validation,data/not_mooncake/validation/gen_generated_not_mooncake_0656.png,not_mooncake,AI generated,data/generated/not_mooncake/generated_not_mooncake_0656.png,AI generated prompt,"one dorayaki Japanese pancake sandwich with visible cake layers, realistic casual food photo, warm light, no people, no text, no logo, no packaging, clearly dorayaki, not a mooncake",AIXF666,AI-generated,,,fd229e0dddba5c48fd8085ce4e2adda8c1d89372aec9c57d4b143dcb32208a4f,2686029,
validation,data/not_mooncake/validation/gen_generated_not_mooncake_0675.png,not_mooncake,AI generated,data/generated/not_mooncake/generated_not_mooncake_0675.png,AI generated prompt,"a small plate with a plain chocolate cupcake, realistic food photo, mild background clutter, natural colors, no text, no logo, no packaging, clearly a cupcake, not a mooncake",AIXF666,AI-generated,,,97acdb83642cd6f5546c18713e59500b60acda0857adf9110ddece37471d1d01,2435690,
validation,data/not_mooncake/validation/gen_generated_not_mooncake_0747.png,not_mooncake,AI generated,data/generated/not_mooncake/generated_not_mooncake_0747.png,AI generated prompt,"a small plate with a plain chocolate cupcake, realistic food photo, mild background clutter, natural colors, no text, no logo, no packaging, clearly a cupcake, not a mooncake",AIXF666,AI-generated,,,b95596f080c718009aa1ac44fd1cc4f7e14d9282f0e231f91b75ce05715455ff,2425954,
validation,data/not_mooncake/validation/gen_generated_not_mooncake_0857.png,not_mooncake,AI generated,data/generated/not_mooncake/generated_not_mooncake_0857.png,AI generated prompt,"a single pineapple bun partly beside a cup of tea, realistic dining-table photo, soft shadows, recognizable cracked sugar crust, no text, no logo, no packaging, clearly bread, not a mooncake",AIXF666,AI-generated,,,d8b64d04f4fb2859a244d5eac18b0d469b5b52a2e612b5f79524e80a9f65eeb2,2625750,
validation,data/not_mooncake/validation/gen_generated_not_mooncake_0396.png,not_mooncake,AI generated,data/generated/not_mooncake/generated_not_mooncake_0396.png,AI generated prompt,"a single cinnamon roll photographed in a bakery-like setting without readable signs, realistic casual photo, no text, no logo, no packaging, clearly a cinnamon roll, not a mooncake",AIXF666,AI-generated,,,90206df3a323b888b421df0497f8860044d11905d5ddb164dee2bb6ec4f259c1,2668836,
validation,data/not_mooncake/validation/gen_generated_not_mooncake_0363.png,not_mooncake,AI generated,data/generated/not_mooncake/generated_not_mooncake_0363.png,AI generated prompt,"a small plate with a plain chocolate cupcake, realistic food photo, mild background clutter, natural colors, no text, no logo, no packaging, clearly a cupcake, not a mooncake",AIXF666,AI-generated,,,b8c52d1c2cec5898b3772f7862a3b95e46d0160d533936c1f2adce2b079ed1df,2392114,
validation,data/not_mooncake/validation/gen_generated_not_mooncake_0114.png,not_mooncake,AI generated,data/generated/not_mooncake/generated_not_mooncake_0114.png,AI generated prompt,"a close but ordinary photo of one small cheesecake tart, slightly uneven lighting and focus, realistic food photography, no text, no logo, clearly a tart, not a mooncake",AIXF666,AI-generated,,,563b9351e623f3d984efef4237a42ca50b956b6e2a4cbb9b9fbb0666f235e533,2101969,
validation,data/not_mooncake/validation/gen_generated_not_mooncake_0678.png,not_mooncake,AI generated,data/generated/not_mooncake/generated_not_mooncake_0678.png,AI generated prompt,"a close but ordinary photo of one small cheesecake tart, slightly uneven lighting and focus, realistic food photography, no text, no logo, clearly a tart, not a mooncake",AIXF666,AI-generated,,,3c0c9fae3b6e8ae1b01b18ad1d5c788f758921df70bc2e1048892dd11bee4afa,2444268,
validation,data/not_mooncake/validation/gen_generated_not_mooncake_0564.png,not_mooncake,AI generated,data/generated/not_mooncake/generated_not_mooncake_0564.png,AI generated prompt,"a single cinnamon roll photographed in a bakery-like setting without readable signs, realistic casual photo, no text, no logo, no packaging, clearly a cinnamon roll, not a mooncake",AIXF666,AI-generated,,,3e72cc261bd1d4b2be3b2f5a1e912d928e9b2bc51805d0a61a29b6d5839c37bc,2671184,
validation,data/not_mooncake/validation/gen_generated_not_mooncake_0254.png,not_mooncake,AI generated,data/generated/not_mooncake/generated_not_mooncake_0254.png,AI generated prompt,"a single Cantonese egg tart with visible custard center, realistic casual home photo, slightly imperfect focus, natural window light, no text, no logo, clearly an egg tart, not a mooncake",AIXF666,AI-generated,,,3678db6c10ffaa783af13f20d25d5399da2dca76328118dde6d903681256d690,2296678,
validation,data/not_mooncake/validation/gen_generated_not_mooncake_0105.png,not_mooncake,AI generated,data/generated/not_mooncake/generated_not_mooncake_0105.png,AI generated prompt,"a single colorful macaron, realistic phone photo, simple tabletop, mild shadows and imperfect composition, no text, no logo, clearly a macaron, not a mooncake",AIXF666,AI-generated,,,79261b12fb4349e955ec1c7576b0a45fa33d261d50bc61d0776994542fee2e38,2083302,
validation,data/not_mooncake/validation/gen_generated_not_mooncake_0876.png,not_mooncake,AI generated,data/generated/not_mooncake/generated_not_mooncake_0876.png,AI generated prompt,"a single cinnamon roll photographed in a bakery-like setting without readable signs, realistic casual photo, no text, no logo, no packaging, clearly a cinnamon roll, not a mooncake",AIXF666,AI-generated,,,502344525c798208366ab40821d22aca03a3fe25fcf2e0507363debd76d6a267,2827987,
validation,data/not_mooncake/validation/gen_generated_not_mooncake_0584.png,not_mooncake,AI generated,data/generated/not_mooncake/generated_not_mooncake_0584.png,AI generated prompt,"one dorayaki Japanese pancake sandwich with visible cake layers, realistic casual food photo, warm light, no people, no text, no logo, no packaging, clearly dorayaki, not a mooncake",AIXF666,AI-generated,,,6b36ea39325eb456c018d1fc6bbbd0c281c19b9ee03f677d7efafe9586046f52,2295622,
validation,data/not_mooncake/validation/gen_generated_not_mooncake_0524.png,not_mooncake,AI generated,data/generated/not_mooncake/generated_not_mooncake_0524.png,AI generated prompt,"one dorayaki Japanese pancake sandwich with visible cake layers, realistic casual food photo, warm light, no people, no text, no logo, no packaging, clearly dorayaki, not a mooncake",AIXF666,AI-generated,,,5eebb15e7d9e81dd33cf3d2e972c44ed24fd372b8b9ac5311f595c0d74836bfd,2607100,
validation,data/not_mooncake/validation/gen_generated_not_mooncake_0824.png,not_mooncake,AI generated,data/generated/not_mooncake/generated_not_mooncake_0824.png,AI generated prompt,"one dorayaki Japanese pancake sandwich with visible cake layers, realistic casual food photo, warm light, no people, no text, no logo, no packaging, clearly dorayaki, not a mooncake",AIXF666,AI-generated,,,481b65c24778f8c5cbb7abf0976d7e049030e2b5eb8f1feac5523ad77c3e6cf2,2450225,
validation,data/not_mooncake/validation/gen_generated_not_mooncake_0667.png,not_mooncake,AI generated,data/generated/not_mooncake/generated_not_mooncake_0667.png,AI generated prompt,"one chocolate chip cookie on a white plate photographed from a little farther away, realistic indoor photo, neutral background, clear enough to recognize, no text, no logo, not a mooncake",AIXF666,AI-generated,,,569576c94bd27d55044d056e2e0b256056403dd15903cf6306a8596e0d5a1a97,1662543,
validation,data/not_mooncake/validation/gen_generated_not_mooncake_0978.png,not_mooncake,AI generated,data/generated/not_mooncake/generated_not_mooncake_0978.png,AI generated prompt,"a close but ordinary photo of one small cheesecake tart, slightly uneven lighting and focus, realistic food photography, no text, no logo, clearly a tart, not a mooncake",AIXF666,AI-generated,,,0d9f02fbdc3f8c97c729b8246058e7126b0372a5149b2edb18409986b20796e1,2483134,
validation,data/not_mooncake/validation/gen_generated_not_mooncake_0726.png,not_mooncake,AI generated,data/generated/not_mooncake/generated_not_mooncake_0726.png,AI generated prompt,"a close but ordinary photo of one small cheesecake tart, slightly uneven lighting and focus, realistic food photography, no text, no logo, clearly a tart, not a mooncake",AIXF666,AI-generated,,,1be9e92b03c5e55024d40aeefa8776d2b22331a4f53d626d97ae8cb49b1b2a0d,2375153,
validation,data/not_mooncake/validation/gen_generated_not_mooncake_0074.png,not_mooncake,AI generated,data/generated/not_mooncake/generated_not_mooncake_0074.png,AI generated prompt,"a single Cantonese egg tart with visible custard center, realistic casual home photo, slightly imperfect focus, natural window light, no text, no logo, clearly an egg tart, not a mooncake",AIXF666,AI-generated,,,8d3fcbdaabd66f5f4cd69702e7cccb81141a58f904903a74d0b3efa8876e2497,2541847,
validation,data/not_mooncake/validation/gen_generated_not_mooncake_0474.png,not_mooncake,AI generated,data/generated/not_mooncake/generated_not_mooncake_0474.png,AI generated prompt,"a close but ordinary photo of one small cheesecake tart, slightly uneven lighting and focus, realistic food photography, no text, no logo, clearly a tart, not a mooncake",AIXF666,AI-generated,,,d37e00b861e2d22b676dff8cf3a3ac771e4732c2c68d08de06b5da4643f31b0d,2408881,
validation,data/not_mooncake/validation/gen_generated_not_mooncake_0629.png,not_mooncake,AI generated,data/generated/not_mooncake/generated_not_mooncake_0629.png,AI generated prompt,"a single pineapple bun partly beside a cup of tea, realistic dining-table photo, soft shadows, recognizable cracked sugar crust, no text, no logo, no packaging, clearly bread, not a mooncake",AIXF666,AI-generated,,,4018380cad801d4aaafed3c5f96e9d1b5f08a0188178e88517acb9e7bf695449,2497495,
validation,data/not_mooncake/validation/gen_generated_not_mooncake_0586.png,not_mooncake,AI generated,data/generated/not_mooncake/generated_not_mooncake_0586.png,AI generated prompt,"a single slice of sponge cake cut slightly open to show its soft interior, realistic food photo, natural indoor light, no text, no logo, no packaging, not a mooncake",AIXF666,AI-generated,,,36ff10da88eaa890f34556641fe9386a96f30f7351745c9ebf37a7322c5f1362,2334560,
validation,data/not_mooncake/validation/gen_generated_not_mooncake_0858.png,not_mooncake,AI generated,data/generated/not_mooncake/generated_not_mooncake_0858.png,AI generated prompt,"a close but ordinary photo of one small cheesecake tart, slightly uneven lighting and focus, realistic food photography, no text, no logo, clearly a tart, not a mooncake",AIXF666,AI-generated,,,afea3e2110e9c33a427ddc4c976866d62fca89c842dfbca6a029884e3558a904,2155964,
validation,data/not_mooncake/validation/gen_generated_not_mooncake_0048.png,not_mooncake,AI generated,data/generated/not_mooncake/generated_not_mooncake_0048.png,AI generated prompt,"a single cinnamon roll photographed in a bakery-like setting without readable signs, realistic casual photo, no text, no logo, no packaging, clearly a cinnamon roll, not a mooncake",AIXF666,AI-generated,,,4d11b3b90fbb8ac0bcf3485db1f0212c7c4c472ce671dcb07fd6f9716ee08ab9,2753603,
validation,data/not_mooncake/validation/gen_generated_not_mooncake_0880.png,not_mooncake,AI generated,data/generated/not_mooncake/generated_not_mooncake_0880.png,AI generated prompt,"a single glazed doughnut photographed from a slightly tilted angle, ordinary kitchen lighting, realistic phone-camera look, mild motion blur, no text, no logo, clearly a doughnut, not a mooncake",AIXF666,AI-generated,,,bd262cabfbf42b0cc15609f8526ed5dd0792dddfe9061418e1a3bbb08608e828,1991211,
validation,data/not_mooncake/validation/gen_generated_not_mooncake_0746.png,not_mooncake,AI generated,data/generated/not_mooncake/generated_not_mooncake_0746.png,AI generated prompt,"a single Cantonese egg tart with visible custard center, realistic casual home photo, slightly imperfect focus, natural window light, no text, no logo, clearly an egg tart, not a mooncake",AIXF666,AI-generated,,,910f7ab52623b56f3caded741296825490abd835087c207baa13ad196675f88b,2390871,
validation,data/not_mooncake/validation/gen_generated_not_mooncake_0961.png,not_mooncake,AI generated,data/generated/not_mooncake/generated_not_mooncake_0961.png,AI generated prompt,"a single irregularly shaped chocolate chip cookie with several large visible dark chocolate chips and a rough cracked edge on a ceramic plate, realistic smartphone food photo, warm indoor light, simple table background, no text, no logo, no packaging, clearly a chocolate chip cookie, not a mooncake, no stamped Chinese pastry pattern",AIXF666,AI-generated,,,e04b0b189f4bd8df13b270618b317bbc2e8c54146d71218bea771e78f33f54ca,2474817,
validation,data/not_mooncake/validation/gen_generated_not_mooncake_0975.png,not_mooncake,AI generated,data/generated/not_mooncake/generated_not_mooncake_0975.png,AI generated prompt,"a small plate with a plain chocolate cupcake, realistic food photo, mild background clutter, natural colors, no text, no logo, no packaging, clearly a cupcake, not a mooncake",AIXF666,AI-generated,,,53a0381d4f6807cd4c22cea3c98c556acf68dfc51e3c9c54f00cd4eefba6443f,2561560,
validation,data/not_mooncake/validation/gen_generated_not_mooncake_0872.png,not_mooncake,AI generated,data/generated/not_mooncake/generated_not_mooncake_0872.png,AI generated prompt,"one dorayaki Japanese pancake sandwich with visible cake layers, realistic casual food photo, warm light, no people, no text, no logo, no packaging, clearly dorayaki, not a mooncake",AIXF666,AI-generated,,,097bab2150ce5eeec22059e624c58a1732371d6371c472b7f087f768c5b59c45,2453992,
validation,data/not_mooncake/validation/gen_generated_not_mooncake_0807.png,not_mooncake,AI generated,data/generated/not_mooncake/generated_not_mooncake_0807.png,AI generated prompt,"a small plate with a plain chocolate cupcake, realistic food photo, mild background clutter, natural colors, no text, no logo, no packaging, clearly a cupcake, not a mooncake",AIXF666,AI-generated,,,7b95c60fa3e9e8a0be625ce77fb8c14cd9440c7e7b9c7e311cd7a104f90a26cd,2446196,
validation,data/not_mooncake/validation/gen_generated_not_mooncake_0605.png,not_mooncake,AI generated,data/generated/not_mooncake/generated_not_mooncake_0605.png,AI generated prompt,"a single pineapple bun partly beside a cup of tea, realistic dining-table photo, soft shadows, recognizable cracked sugar crust, no text, no logo, no packaging, clearly bread, not a mooncake",AIXF666,AI-generated,,,af39076897a672f2575a83a829b8918e0c21e3664af7f9ec2e51c6bb6ab445b6,2352202,
validation,data/not_mooncake/validation/gen_generated_not_mooncake_0157.png,not_mooncake,AI generated,data/generated/not_mooncake/generated_not_mooncake_0157.png,AI generated prompt,"a single irregularly shaped chocolate chip cookie with several large visible dark chocolate chips and a rough cracked edge on a ceramic plate, realistic smartphone food photo, warm indoor light, simple table background, no text, no logo, no packaging, clearly a chocolate chip cookie, not a mooncake, no stamped Chinese pastry pattern",AIXF666,AI-generated,,,3cb980fb29d03440aaff18e32b4db11b9e0beb0fd56acde8d22b46abb2325481,2517966,
validation,data/not_mooncake/validation/gen_generated_not_mooncake_0739.png,not_mooncake,AI generated,data/generated/not_mooncake/generated_not_mooncake_0739.png,AI generated prompt,"one chocolate chip cookie on a white plate photographed from a little farther away, realistic indoor photo, neutral background, clear enough to recognize, no text, no logo, not a mooncake",AIXF666,AI-generated,,,fd79ceaf49ec6698646ac952fc12eb8f4fdfd52da83f30e409d71f01dda9bc26,1885894,
validation,data/not_mooncake/validation/gen_generated_not_mooncake_0447.png,not_mooncake,AI generated,data/generated/not_mooncake/generated_not_mooncake_0447.png,AI generated prompt,"a small plate with a plain chocolate cupcake, realistic food photo, mild background clutter, natural colors, no text, no logo, no packaging, clearly a cupcake, not a mooncake",AIXF666,AI-generated,,,68607b972cfadcd3c03e6cef06387d22b9241a0a0013b1abc011154c126aad05,2315251,
validation,data/not_mooncake/validation/gen_generated_not_mooncake_0907.png,not_mooncake,AI generated,data/generated/not_mooncake/generated_not_mooncake_0907.png,AI generated prompt,"one chocolate chip cookie on a white plate photographed from a little farther away, realistic indoor photo, neutral background, clear enough to recognize, no text, no logo, not a mooncake",AIXF666,AI-generated,,,ec5fe8406bdd5e3acadfb4783afcab6018bbd13a6bddff1c02b3c93cadfa4b0d,1730697,
validation,data/not_mooncake/validation/gen_generated_not_mooncake_0986.png,not_mooncake,AI generated,data/generated/not_mooncake/generated_not_mooncake_0986.png,AI generated prompt,"a single Cantonese egg tart with visible custard center, realistic casual home photo, slightly imperfect focus, natural window light, no text, no logo, clearly an egg tart, not a mooncake",AIXF666,AI-generated,,,1095ce19125be5597985095c65ac950541dda963e78c952caf04d4cc994f9e75,2352988,
validation,data/not_mooncake/validation/gen_generated_not_mooncake_0076.png,not_mooncake,AI generated,data/generated/not_mooncake/generated_not_mooncake_0076.png,AI generated prompt,"a single glazed doughnut photographed from a slightly tilted angle, ordinary kitchen lighting, realistic phone-camera look, mild motion blur, no text, no logo, clearly a doughnut, not a mooncake",AIXF666,AI-generated,,,0854561e320f3c0b846377890abffd1292f38e4df494a8252ac2aa35d7faae79,2183129,
validation,data/not_mooncake/validation/gen_generated_not_mooncake_0438.png,not_mooncake,AI generated,data/generated/not_mooncake/generated_not_mooncake_0438.png,AI generated prompt,"a close but ordinary photo of one small cheesecake tart, slightly uneven lighting and focus, realistic food photography, no text, no logo, clearly a tart, not a mooncake",AIXF666,AI-generated,,,85abf5be9c7f536e79b232c46ce992f139de955b8c5f9ca75b0ab3cabee05828,2252514,
validation,data/not_mooncake/validation/gen_generated_not_mooncake_0151.png,not_mooncake,AI generated,data/generated/not_mooncake/generated_not_mooncake_0151.png,AI generated prompt,"one chocolate chip cookie on a white plate photographed from a little farther away, realistic indoor photo, neutral background, clear enough to recognize, no text, no logo, not a mooncake",AIXF666,AI-generated,,,29fb8e66fe8760032de71e2f5bfb12f9a12d8a996c2acb724c779444ec93520d,1850816,
validation,data/not_mooncake/validation/gen_generated_not_mooncake_0744.png,not_mooncake,AI generated,data/generated/not_mooncake/generated_not_mooncake_0744.png,AI generated prompt,"a single cinnamon roll photographed in a bakery-like setting without readable signs, realistic casual photo, no text, no logo, no packaging, clearly a cinnamon roll, not a mooncake",AIXF666,AI-generated,,,9def2ac219613b0667971da303eb63466466b109f5b103078f0681fe156cd5dd,2728115,
validation,data/not_mooncake/validation/gen_generated_not_mooncake_0970.png,not_mooncake,AI generated,data/generated/not_mooncake/generated_not_mooncake_0970.png,AI generated prompt,"a single slice of sponge cake cut slightly open to show its soft interior, realistic food photo, natural indoor light, no text, no logo, no packaging, not a mooncake",AIXF666,AI-generated,,,d2595a84994c96005a9fa8b1df9b794e0b5db1a01d813d0a11d494b6f0819a6f,2467342,
validation,data/not_mooncake/validation/gen_generated_not_mooncake_0795.png,not_mooncake,AI generated,data/generated/not_mooncake/generated_not_mooncake_0795.png,AI generated prompt,"a small plate with a plain chocolate cupcake, realistic food photo, mild background clutter, natural colors, no text, no logo, no packaging, clearly a cupcake, not a mooncake",AIXF666,AI-generated,,,62a4dd45d96f50b1650605e108f1703782008e1ebd5e7a66b3e55365c2c3afde,2463968,
validation,data/not_mooncake/validation/gen_generated_not_mooncake_0227.png,not_mooncake,AI generated,data/generated/not_mooncake/generated_not_mooncake_0227.png,AI generated prompt,"a single mini muffin on a plate, realistic home photo, slightly soft focus but clearly recognizable, no text, no logo, clearly a muffin, not a mooncake",AIXF666,AI-generated,,,eeb9ea3bb4f28ce36447c7b6ae1edc42097800a348e24bbc0583f5b15a74e1e8,2222706,
validation,data/not_mooncake/validation/gen_generated_not_mooncake_0738.png,not_mooncake,AI generated,data/generated/not_mooncake/generated_not_mooncake_0738.png,AI generated prompt,"a close but ordinary photo of one small cheesecake tart, slightly uneven lighting and focus, realistic food photography, no text, no logo, clearly a tart, not a mooncake",AIXF666,AI-generated,,,85b57ac6cd88a0a7c634860bb836e9e09db6cecb6c09f7863756ad1564a6eb88,2223767,
validation,data/not_mooncake/validation/gen_generated_not_mooncake_0131.png,not_mooncake,AI generated,data/generated/not_mooncake/generated_not_mooncake_0131.png,AI generated prompt,"a single mini muffin on a plate, realistic home photo, slightly soft focus but clearly recognizable, no text, no logo, clearly a muffin, not a mooncake",AIXF666,AI-generated,,,8751c44666d9605c0494944c333331b4320f7328f24f357324e4f1c49199eb1c,2043700,
train,data/not_mooncake/train/commons_commons_110851609.jpg,not_mooncake,public photo,data/raw/not_mooncake/commons_110851609.jpg,Cupcakes,,Silar,CC BY-SA 4.0,https://creativecommons.org/licenses/by-sa/4.0,https://commons.wikimedia.org/wiki/File:020211009_120405_9._Foto_Art_Festival.jpg,06925eb71614eaf2e3914234a5fd968d9dfd3defc7629a0217f41a3a5015a503,49708,File:020211009 120405 9. Foto Art Festival.jpg
train,data/not_mooncake/train/commons_commons_101805788.jpg,not_mooncake,public photo,data/raw/not_mooncake/commons_101805788.jpg,Doughnuts,,"Wagner Tamanaha from Sao Paulo, Brazil",CC BY-SA 2.0,https://creativecommons.org/licenses/by-sa/2.0,https://commons.wikimedia.org/wiki/File:Ampan_Kanazawa_(297627914).jpg,7d73c8506e79faa9738802617cb14c649dfcf980ae7f990508942c658b9421e2,25283,File:Ampan Kanazawa (297627914).jpg
train,data/not_mooncake/train/commons_commons_189791416.jpg,not_mooncake,public photo,data/raw/not_mooncake/commons_189791416.jpg,Egg tarts,,LANENWM Meso Amermbalin,CC0,http://creativecommons.org/publicdomain/zero/1.0/deed.en,https://commons.wikimedia.org/wiki/File:GD_%E5%BB%A3%E6%9D%B1_Guangdong_%E6%B2%B3%E6%BA%90%E5%B8%82_HeYuan_%E8%B6%8A%E7%8E%8B%E5%A4%A7%E9%81%93_YueWang_Avenue_Double_Tree_by_Hilton_Hotel_buffet_restaurant_bakery_baked_food_cakes_n_desserts_April_2026_N13P_03.jpg,d895a2ac30811788be2de2f5714dca5af18b1ed30245aa70cd8d918bb560e64a,50830,File:GD 廣東 Guangdong 河源市 HeYuan 越王大道 YueWang Avenue Double Tree by Hilton Hotel buffet restaurant bakery baked food cakes n desserts April 2026 N13P 03.jpg
train,data/not_mooncake/train/commons_commons_178997476.jpg,not_mooncake,public photo,data/raw/not_mooncake/commons_178997476.jpg,Muffins,,Sentimentalna,CC BY-SA 4.0,https://creativecommons.org/licenses/by-sa/4.0,https://commons.wikimedia.org/wiki/File:%D0%91%D0%B5%D0%BB%D0%B8_%D0%BC%D0%B0%D1%84%D0%B8%D0%BD%D0%B8.jpg,b62d47796453cfae315f4f0c8333a22d959da4dd3b23875a0a910b137151ab6d,25589,File:Бели мафини.jpg
train,data/not_mooncake/train/commons_commons_3241014.jpg,not_mooncake,public photo,data/raw/not_mooncake/commons_3241014.jpg,Egg tarts,,Casper Gutman,CC BY-SA 3.0,https://creativecommons.org/licenses/by-sa/3.0,https://commons.wikimedia.org/wiki/File:Egg_custard_tart.jpg,d56d9f8e661d7002ae7c1adcb17625220fc35f459452c2754ba29c5ba092baef,26143,File:Egg custard tart.jpg
train,data/not_mooncake/train/commons_commons_690334.jpg,not_mooncake,public photo,data/raw/not_mooncake/commons_690334.jpg,Cookies,,Spiralz from England,CC BY 2.0,https://creativecommons.org/licenses/by/2.0,https://commons.wikimedia.org/wiki/File:Last_of_the_cookies.jpg,3bc693a4f2c6ef535d814077480937b53e5cba78ec3b961c3bb4afa2d8c642ed,38035,File:Last of the cookies.jpg
train,data/not_mooncake/train/commons_commons_89958702.jpg,not_mooncake,public photo,data/raw/not_mooncake/commons_89958702.jpg,Cookies,,Katrin Gilger,CC BY-SA 2.0,https://creativecommons.org/licenses/by-sa/2.0,https://commons.wikimedia.org/wiki/File:Cookies_(4122542023).jpg,377048ce76ca19001a600746d0e9c3387f38db7e9b37c65b6cf742eb91be23c7,29580,File:Cookies (4122542023).jpg
train,data/not_mooncake/train/commons_commons_34876257.jpg,not_mooncake,public photo,data/raw/not_mooncake/commons_34876257.jpg,Cupcakes,,Howardseaton,Public domain,,https://commons.wikimedia.org/wiki/File:Background-cupcake.png,5d09fb805c9fb5a0512852857f3565893ab3e82405946f6534a0b2803a1ad05c,27842,File:Background-cupcake.png
train,data/not_mooncake/train/commons_commons_64174802.jpg,not_mooncake,public photo,data/raw/not_mooncake/commons_64174802.jpg,Cookies,,胡蘿蔔,CC BY-SA 4.0,https://creativecommons.org/licenses/by-sa/4.0,https://commons.wikimedia.org/wiki/File:Making_%22golden_cookies_with_diamonds%22_03.jpg,95cf74f05e8f9f3119f5ddcf1da0d0da74e64f651702868bacbe954ae1d1626f,39478,"File:Making ""golden cookies with diamonds"" 03.jpg"
train,data/not_mooncake/train/commons_commons_37607933.jpg,not_mooncake,public photo,data/raw/not_mooncake/commons_37607933.jpg,Muffins,,Øyvind Holmstad,CC BY-SA 4.0,https://creativecommons.org/licenses/by-sa/4.0,https://commons.wikimedia.org/wiki/File:Muffins.jpg,6fdf31750344f80de53761352a330987430e5ed39e24868993eee42003f32f5a,35064,File:Muffins.jpg
train,data/not_mooncake/train/commons_commons_99359558.jpg,not_mooncake,public photo,data/raw/not_mooncake/commons_99359558.jpg,Egg tarts,,Peachyeung316,CC BY-SA 4.0,https://creativecommons.org/licenses/by-sa/4.0,https://commons.wikimedia.org/wiki/File:A_egg_tart_and_coconut_tart_in_Cafe_2.0.jpg,a607875b5fd6d2aa069931191cd9ea4cffffe1310bcfdacf25bf0446e1ae770e,29530,File:A egg tart and coconut tart in Cafe 2.0.jpg
train,data/not_mooncake/train/commons_commons_167372199.jpg,not_mooncake,public photo,data/raw/not_mooncake/commons_167372199.jpg,Cookies,,Wheeler Cowperthwaite,CC BY 2.0,https://creativecommons.org/licenses/by/2.0,https://commons.wikimedia.org/wiki/File:5-25-2025_Earl_grey_cookies_with_extra_orange_rind_-_011.jpg,eeb98eb441b6d168b41e78b5e770f0e17a8037a941d1222dfe30ef857bf09f6f,43763,File:5-25-2025 Earl grey cookies with extra orange rind - 011.jpg
train,data/not_mooncake/train/commons_commons_14996710.jpg,not_mooncake,public photo,data/raw/not_mooncake/commons_14996710.jpg,Cupcakes,,Ramesh NG,CC BY-SA 2.0,https://creativecommons.org/licenses/by-sa/2.0,https://commons.wikimedia.org/wiki/File:Cup_cake_sweet.jpg,8716a684bd04e750d65f8cae31344695fcf9e360d3380b4607a3d58edb07f92f,19315,File:Cup cake sweet.jpg
train,data/not_mooncake/train/commons_commons_23234545.jpg,not_mooncake,public photo,data/raw/not_mooncake/commons_23234545.jpg,Cupcakes,,"Janine from Mililani, Hawaii, United States",CC BY 2.0,https://creativecommons.org/licenses/by/2.0,https://commons.wikimedia.org/wiki/File:Cupcake_tower.jpg,4e68f1a163df4c1c2925a847762cef81202193a29adc15880a2914748eb9ff46,35480,File:Cupcake tower.jpg
train,data/not_mooncake/train/commons_commons_99180987.jpg,not_mooncake,public photo,data/raw/not_mooncake/commons_99180987.jpg,Muffins,,KKPCW,CC BY-SA 4.0,https://creativecommons.org/licenses/by-sa/4.0,https://commons.wikimedia.org/wiki/File:Muffins_with_all_sorts_of_things_sprinkled_on_top.jpg,c1c4a1d3d00819debb63cfec9c17480ca5ef287430ac55dd804fe442d13dcf4c,38212,File:Muffins with all sorts of things sprinkled on top.jpg
train,data/not_mooncake/train/commons_commons_144649978.jpg,not_mooncake,public photo,data/raw/not_mooncake/commons_144649978.jpg,Dorayaki,,RuinDig/Yuki Uchida,CC BY 4.0,https://creativecommons.org/licenses/by/4.0,https://commons.wikimedia.org/wiki/File:%E6%B0%B4%E6%9C%88%E3%81%AE%E3%81%A9%E3%82%89%E7%84%BC%E3%81%8D---2023-11-14_03.jpg,ebced8a0a6e4da8e01088d1013dc1688bd9eccaa74aec5793fb8efd69be71c4e,36097,File:水月のどら焼き---2023-11-14 03.jpg
train,data/not_mooncake/train/commons_commons_8835469.jpg,not_mooncake,public photo,data/raw/not_mooncake/commons_8835469.jpg,Cupcakes,,Katjaskupcakes katja Seaton,CC BY 3.0,https://creativecommons.org/licenses/by/3.0,https://commons.wikimedia.org/wiki/File:Cheshire_cupcakes.jpg,9464dce439d1844de435de8ff31a9d24cbc9b277d31de44db329c1a22ec4926a,37934,File:Cheshire cupcakes.jpg
train,data/not_mooncake/train/commons_commons_99796496.jpg,not_mooncake,public photo,data/raw/not_mooncake/commons_99796496.jpg,Cookies,,Mshuang2,CC0,http://creativecommons.org/publicdomain/zero/1.0/deed.en,https://commons.wikimedia.org/wiki/File:Chocolate_chip_cookies_on_cutting_board.jpg,5a42616ea2d79a7271299c66f93294b64f81908eac6018ed9d2fd278b74ec0f1,47903,File:Chocolate chip cookies on cutting board.jpg
train,data/not_mooncake/train/commons_commons_24953437.jpg,not_mooncake,public photo,data/raw/not_mooncake/commons_24953437.jpg,Muffins,,"Jeremy Noble from St. Paul, United States",CC BY 2.0,https://creativecommons.org/licenses/by/2.0,https://commons.wikimedia.org/wiki/File:Bread_basket_(3854269312).jpg,e413f648cc042c07348c7617fa154d0b7372c76b60d9eadc233a4438c351780d,34371,File:Bread basket (3854269312).jpg
train,data/not_mooncake/train/commons_commons_163178352.jpg,not_mooncake,public photo,data/raw/not_mooncake/commons_163178352.jpg,Cupcakes,,SharonDawn,CC BY-SA 4.0,https://creativecommons.org/licenses/by-sa/4.0,https://commons.wikimedia.org/wiki/File:Cuppycakes.jpg,2214ac63122a673cc7451c76b087d7061911e6ffd84ef37cc16b4d214b282ad0,44581,File:Cuppycakes.jpg
train,data/not_mooncake/train/commons_commons_132392457.jpg,not_mooncake,public photo,data/raw/not_mooncake/commons_132392457.jpg,Cookies,,Pgoeltz,CC BY-SA 4.0,https://creativecommons.org/licenses/by-sa/4.0,https://commons.wikimedia.org/wiki/File:Oatmeal_chocolate_chips_raisin_banana_cookies_book.jpg,9243a9451cbaa92e89db827cc313dd4540b1514c3ae1684d8b12d61aba6f77ce,49105,File:Oatmeal chocolate chips raisin banana cookies book.jpg
train,data/not_mooncake/train/commons_commons_40902655.jpg,not_mooncake,public photo,data/raw/not_mooncake/commons_40902655.jpg,Doughnuts,,Goumisao,CC BY-SA 4.0,https://creativecommons.org/licenses/by-sa/4.0,https://commons.wikimedia.org/wiki/File:Baking_up_a_storm.jpg,1b8a9b07c27b8edd290a9e2090a940f4f5e3d290fd40c6558d625bd0ce47585b,37621,File:Baking up a storm.jpg
train,data/not_mooncake/train/commons_commons_191776741.jpg,not_mooncake,public photo,data/raw/not_mooncake/commons_191776741.jpg,Doughnuts,,Brassluff,CC0,http://creativecommons.org/publicdomain/zero/1.0/deed.en,https://commons.wikimedia.org/wiki/File:Many_Kinds_of_Desserts_on_the_Right_Counter_Display_at_the_Next_Bakery_of_Waverley_Gardens.jpg,06f52a738814d7a4c2b5d62fe197e66ccf315c0bbfa2816078810aaf1fa6c593,41959,File:Many Kinds of Desserts on the Right Counter Display at the Next Bakery of Waverley Gardens.jpg
train,data/not_mooncake/train/commons_commons_43012102.jpg,not_mooncake,public photo,data/raw/not_mooncake/commons_43012102.jpg,Cupcakes,,Shadster,CC BY-SA 4.0,https://creativecommons.org/licenses/by-sa/4.0,https://commons.wikimedia.org/wiki/File:Cupcake_with_pink_topping.jpg,ff9b85259e7b37f9abad74aea26051face9c69c1d0b1d808cbdd61c9f0fc2c54,48124,File:Cupcake with pink topping.jpg
train,data/not_mooncake/train/commons_commons_69994729.jpg,not_mooncake,public photo,data/raw/not_mooncake/commons_69994729.jpg,Cupcakes,,Juan Emilio Prades Bel,CC BY-SA 4.0,https://creativecommons.org/licenses/by-sa/4.0,https://commons.wikimedia.org/wiki/File:Almendrados.jpg,1cf8b987ccb204c2253334ee925e5f6e06f0ac7e194ffe38b7fa72265befc303,39562,File:Almendrados.jpg
train,data/not_mooncake/train/commons_commons_10253497.jpg,not_mooncake,public photo,data/raw/not_mooncake/commons_10253497.jpg,Cupcakes,,Ana Fuji,CC BY 2.0,https://creativecommons.org/licenses/by/2.0,https://commons.wikimedia.org/wiki/File:Cupcake_with_bears_and_bottles.jpg,8af509370b20104ba92b87bd6bdfa4d3566fd70c0081a75324083ac8cca4181f,19703,File:Cupcake with bears and bottles.jpg
train,data/not_mooncake/train/commons_commons_20887429.jpg,not_mooncake,public photo,data/raw/not_mooncake/commons_20887429.jpg,Pineapple cakes,,Kogimi,CC0,http://creativecommons.org/publicdomain/zero/1.0/deed.en,https://commons.wikimedia.org/wiki/File:Shaobing_pineapple_cake.JPG,3d145100425a9806869bc5e97a0a5427b7021bfd5cf457449bf3700b64cb61b6,29261,File:Shaobing pineapple cake.JPG
train,data/not_mooncake/train/commons_commons_44733069.jpg,not_mooncake,public photo,data/raw/not_mooncake/commons_44733069.jpg,Muffins,,Roozitaa,CC BY-SA 4.0,https://creativecommons.org/licenses/by-sa/4.0,https://commons.wikimedia.org/wiki/File:Morning_Glory_Muffin_(2015).jpg,cfd6b7fdd9f122c4bbca2daeb1ac6a86cbbc1a685c90dc3085b41b52ad1cfe97,22217,File:Morning Glory Muffin (2015).jpg
train,data/not_mooncake/train/commons_commons_163910632.jpg,not_mooncake,public photo,data/raw/not_mooncake/commons_163910632.jpg,Cupcakes,,Abdeldjelil Souleyman,CC BY-SA 4.0,https://creativecommons.org/licenses/by-sa/4.0,https://commons.wikimedia.org/wiki/File:Gateau_sucr%C3%A9_%C3%A0_base_de_la_farine.jpg,32f6500c40faba2547ed56559cc2df1f033fdf1a2802bbaa36efba32dc24fdf8,22133,File:Gateau sucré à base de la farine.jpg
train,data/not_mooncake/train/commons_commons_101291052.jpg,not_mooncake,public photo,data/raw/not_mooncake/commons_101291052.jpg,Muffins,,"Ben Schumin from Montgomery Village, Maryland, USA",CC BY-SA 2.0,https://creativecommons.org/licenses/by-sa/2.0,https://commons.wikimedia.org/wiki/File:Muffins_at_Metro_Cafe_-03-_(9717905657).jpg,54e8a9c722a5dfcce057272736629beb3f3d66aef8667aacefef8e18e9114b54,30531,File:Muffins at Metro Cafe -03- (9717905657).jpg
train,data/not_mooncake/train/commons_commons_150092219.jpg,not_mooncake,public photo,data/raw/not_mooncake/commons_150092219.jpg,Egg tarts,,Fumikas Sagisavas,CC0,http://creativecommons.org/publicdomain/zero/1.0/deed.en,https://commons.wikimedia.org/wiki/File:Egg_tart_aluminum_foil_tray_fragments.jpg,01dc285ee62571a853e07c6eb1908413b90fe21c3ac079bdff2cb63b19b0c483,76317,File:Egg tart aluminum foil tray fragments.jpg
train,data/not_mooncake/train/commons_commons_114810665.jpg,not_mooncake,public photo,data/raw/not_mooncake/commons_114810665.jpg,Cookies,,Papouten,CC BY-SA 4.0,https://creativecommons.org/licenses/by-sa/4.0,https://commons.wikimedia.org/wiki/File:Melindros.jpg,f4657c565397f33f97e67029a540e9e8aa68f296e99c464ccd618337b099ed04,30393,File:Melindros.jpg
train,data/not_mooncake/train/commons_commons_168228899.jpg,not_mooncake,public photo,data/raw/not_mooncake/commons_168228899.jpg,Cookies,,Tania Solá (WMMX),CC BY-SA 4.0,https://creativecommons.org/licenses/by-sa/4.0,https://commons.wikimedia.org/wiki/File:Galletas_de_la_Editatona_de_escritoras_y_escritorxs_queer.jpg,f294fa92a7b89e7d15f6f1aab1b8a9641e6cb2567d45690c57d4e179f7966ba4,35254,File:Galletas de la Editatona de escritoras y escritorxs queer.jpg
train,data/not_mooncake/train/commons_commons_62054404.jpg,not_mooncake,public photo,data/raw/not_mooncake/commons_62054404.jpg,Cookies,,Erol Ahmed erol,CC0,http://creativecommons.org/publicdomain/zero/1.0/deed.en,https://commons.wikimedia.org/wiki/File:Erol_Ahmed_2017-05-18_(Unsplash).jpg,4fc9598bcdcfb49cb3b6c2ad227c056b0c04e03bbc01db0926d3d2d4f193edc5,36200,File:Erol Ahmed 2017-05-18 (Unsplash).jpg
train,data/not_mooncake/train/commons_commons_196834845.jpg,not_mooncake,public photo,data/raw/not_mooncake/commons_196834845.jpg,Doughnuts,,Shixart1985,CC BY 2.0,https://creativecommons.org/licenses/by/2.0,"https://commons.wikimedia.org/wiki/File:Dough_pieces_in_different_shapes_are_arranged_on_a_kitchen_surface,_ready_for_baking.jpg",8b47491b013956c04e0c737860574f9169c0aba178af53c414f26089d92356ce,21716,"File:Dough pieces in different shapes are arranged on a kitchen surface, ready for baking.jpg"
train,data/not_mooncake/train/commons_commons_60387587.jpg,not_mooncake,public photo,data/raw/not_mooncake/commons_60387587.jpg,Cookies,,Matt Sibley,CC BY-SA 4.0,https://creativecommons.org/licenses/by-sa/4.0,https://commons.wikimedia.org/wiki/File:Fresh_baked_cookies.jpg,e1c047feb11cb9587cb30acf14b34218893ede9318a48fab0b7f009ba463bafc,31301,File:Fresh baked cookies.jpg
train,data/not_mooncake/train/commons_commons_182993872.jpg,not_mooncake,public photo,data/raw/not_mooncake/commons_182993872.jpg,Cookies,,Christine Mirthy,CC BY-SA 4.0,https://creativecommons.org/licenses/by-sa/4.0,https://commons.wikimedia.org/wiki/File:Coffee_and_Me.jpg,33d0e6a258ecce3b34daabcb9083305df269da9fc66ebe40281a176b767f278f,16086,File:Coffee and Me.jpg
train,data/not_mooncake/train/commons_commons_146007928.jpg,not_mooncake,public photo,data/raw/not_mooncake/commons_146007928.jpg,Muffins,,Pohled 111,CC BY-SA 4.0,https://creativecommons.org/licenses/by-sa/4.0,https://commons.wikimedia.org/wiki/File:Muffiny_s_lesn%C3%ADm_ovocem_a_kr%C3%A9mem_02.jpg,7641e12964c19d50697f0dd16f781668b5a161429ca2228a012eec54c6e307a5,47134,File:Muffiny s lesním ovocem a krémem 02.jpg
train,data/not_mooncake/train/commons_commons_87634951.jpg,not_mooncake,public photo,data/raw/not_mooncake/commons_87634951.jpg,Cupcakes,,CharmaineZoe's Marvelous Melange from England,CC BY 2.0,https://creativecommons.org/licenses/by/2.0,https://commons.wikimedia.org/wiki/File:Glittery_Unicorn_Cupcakes_(44399724385).jpg,c6a746bdaafdf918cc3c9f567f90e04c937adc96ea2d8c0c17781fba052356b0,37400,File:Glittery Unicorn Cupcakes (44399724385).jpg
train,data/not_mooncake/train/commons_commons_87890056.jpg,not_mooncake,public photo,data/raw/not_mooncake/commons_87890056.jpg,Muffins,,Mark Bonica,CC BY 2.0,https://creativecommons.org/licenses/by/2.0,https://commons.wikimedia.org/wiki/File:Muffins_close_up.jpg,ceec6acb65ab26787979813548a40f214373d3fb32161d2b30ffd03808ff6a35,24216,File:Muffins close up.jpg
train,data/not_mooncake/train/commons_commons_4364409.jpg,not_mooncake,public photo,data/raw/not_mooncake/commons_4364409.jpg,Pineapple cakes,,Original uploader; Kwb at ja.Wikipedia,Public domain,,https://commons.wikimedia.org/wiki/File:TaiwanesePineappleCake.jpg,93bf3d3c36383bdf90dba5c84da005d93538a9425f6868def8c57ac6d4b73a9d,27949,File:TaiwanesePineappleCake.jpg
train,data/not_mooncake/train/commons_commons_184322626.jpg,not_mooncake,public photo,data/raw/not_mooncake/commons_184322626.jpg,Doughnuts,,NORTLAUKAU 26088 JP,CC0,http://creativecommons.org/publicdomain/zero/1.0/deed.en,https://commons.wikimedia.org/wiki/File:JP_%E6%B2%96%E7%B9%A9_Okinawa_%E9%82%A3%E9%9C%B8%E5%B8%82_Naha_City_mall_shop_Mister_Donut_baked_food_products_in_February_2026_N13P_04.jpg,042ac9e30a87b3fde02c64bbf9509497a0ac8bbc8bcd9b7e2c01170027e9b4c2,37940,File:JP 沖繩 Okinawa 那霸市 Naha City mall shop Mister Donut baked food products in February 2026 N13P 04.jpg
train,data/not_mooncake/train/commons_commons_77466501.jpg,not_mooncake,public photo,data/raw/not_mooncake/commons_77466501.jpg,Muffins,,Cristian.giovanetti,CC BY-SA 4.0,https://creativecommons.org/licenses/by-sa/4.0,https://commons.wikimedia.org/wiki/File:Camille.jpg,b149b2e48efc2d70f5edf82c4c6a67b72d2da1f00116dddd3c55a476f304679b,22041,File:Camille.jpg
train,data/not_mooncake/train/commons_commons_139221922.jpg,not_mooncake,public photo,data/raw/not_mooncake/commons_139221922.jpg,Doughnuts,,Chedlund808,CC BY-SA 4.0,https://creativecommons.org/licenses/by-sa/4.0,https://commons.wikimedia.org/wiki/File:Hugeassmalassada.jpg,534babff61ecd323f2a2bca7315664f4061caa52ecf130e60a11dfaa38b75ce3,26456,File:Hugeassmalassada.jpg
train,data/not_mooncake/train/commons_commons_35244591.jpg,not_mooncake,public photo,data/raw/not_mooncake/commons_35244591.jpg,Doughnuts,,Robert Dell,CC BY-SA 4.0,https://creativecommons.org/licenses/by-sa/4.0,https://commons.wikimedia.org/wiki/File:Raisin_doughnut_2.jpg,d7ade3e85733645de3f0d2b32a0703c8da390e682e7160b13ce2d9f06d45a51e,31737,File:Raisin doughnut 2.jpg
train,data/not_mooncake/train/commons_commons_132568008.jpg,not_mooncake,public photo,data/raw/not_mooncake/commons_132568008.jpg,Cookies,,Gaurav Dhwaj Khadka,CC BY-SA 4.0,https://creativecommons.org/licenses/by-sa/4.0,https://commons.wikimedia.org/wiki/File:Fresh_Milk_Tea.jpg,9abbc6f8fa26766fd8ed9f0ab10964c776fa5d6b4146d236d9b9fdfabe5d8700,34101,File:Fresh Milk Tea.jpg
train,data/not_mooncake/train/commons_commons_116287306.jpg,not_mooncake,public photo,data/raw/not_mooncake/commons_116287306.jpg,Cookies,,suhayl,CC BY-SA 4.0,https://creativecommons.org/licenses/by-sa/4.0,https://commons.wikimedia.org/wiki/File:Cookies_6.jpg,f96d1c8597083be208164585217b5c280cb6d593e4f132ffc83e3599637949a5,66145,File:Cookies 6.jpg
train,data/not_mooncake/train/commons_commons_152907844.jpg,not_mooncake,public photo,data/raw/not_mooncake/commons_152907844.jpg,Pineapple cakes,,Fumikas Sagisavas,CC0,http://creativecommons.org/publicdomain/zero/1.0/deed.en,https://commons.wikimedia.org/wiki/File:Pineapple_cake_bricks.jpg,fb06091369006a132a59c6483959d0c9bb1df4d06c3923305f0e50c615fb031c,47212,File:Pineapple cake bricks.jpg
train,data/not_mooncake/train/commons_commons_40876459.jpg,not_mooncake,public photo,data/raw/not_mooncake/commons_40876459.jpg,Doughnuts,,M2kumar,CC BY-SA 4.0,https://creativecommons.org/licenses/by-sa/4.0,https://commons.wikimedia.org/wiki/File:Badusha_-_Home_made.jpg,1681dcc0dd4ddc14cd5d61ce9a8d8a99f362304832518b4d4cb2955b4733c19e,38070,File:Badusha - Home made.jpg
train,data/not_mooncake/train/commons_commons_36393794.jpg,not_mooncake,public photo,data/raw/not_mooncake/commons_36393794.jpg,Muffins,,Infrogmation of New Orleans,CC BY-SA 2.5,https://creativecommons.org/licenses/by-sa/2.5,https://commons.wikimedia.org/wiki/File:E_Lansing_Grand_Traverse_Pie_Muffins.jpg,1ee97f5be98a22840b88d23b95c1fea6f24316e52a57ab736060cb2bc7d4df79,47866,File:E Lansing Grand Traverse Pie Muffins.jpg
train,data/not_mooncake/train/commons_commons_109913807.jpg,not_mooncake,public photo,data/raw/not_mooncake/commons_109913807.jpg,Cupcakes,,"Mack Male from Edmonton, AB, Canada",CC BY-SA 2.0,https://creativecommons.org/licenses/by-sa/2.0,https://commons.wikimedia.org/wiki/File:Cupcakes_soon!_(2399173311).jpg,75a5911d0613673e53755d9401b46501b3091cf51d7c4b0e67e76fb2c57b5d3f,30922,File:Cupcakes soon! (2399173311).jpg
train,data/not_mooncake/train/commons_commons_117783549.jpg,not_mooncake,public photo,data/raw/not_mooncake/commons_117783549.jpg,Cupcakes,,Mx. Granger,CC0,http://creativecommons.org/publicdomain/zero/1.0/deed.en,https://commons.wikimedia.org/wiki/File:Cake_in_a_jar.jpg,6103e6d7809ccbbb6bc0e77cdece0a9b4b5657534f852acb3b1177bc3d24cd4f,30018,File:Cake in a jar.jpg
train,data/not_mooncake/train/commons_commons_38328963.jpg,not_mooncake,public photo,data/raw/not_mooncake/commons_38328963.jpg,Cookies,,"Carole Raddato from FRANKFURT, Germany",CC BY-SA 2.0,https://creativecommons.org/licenses/by-sa/2.0,https://commons.wikimedia.org/wiki/File:Ingredients-_Laterculi_(Poppy-seed_Cakes)_(16361493541).jpg,b4723b352cec1456e9fdc99f6aca30a1eb00c31400932f619f98aef4a94e5e58,26818,File:Ingredients- Laterculi (Poppy-seed Cakes) (16361493541).jpg
train,data/not_mooncake/train/commons_commons_51439214.jpg,not_mooncake,public photo,data/raw/not_mooncake/commons_51439214.jpg,Cookies,,www.Pixel.la Free Stock Photos,CC0,http://creativecommons.org/publicdomain/zero/1.0/deed.en,https://commons.wikimedia.org/wiki/File:Cookie-547636_(24300703846).jpg,9d8257fbe10a1d8eb1ff43250ae5174804217492d10a8df0ffeb0e6940751113,34273,File:Cookie-547636 (24300703846).jpg
train,data/not_mooncake/train/commons_commons_19420985.jpg,not_mooncake,public photo,data/raw/not_mooncake/commons_19420985.jpg,Cupcakes,,Onderwijsgek,CC BY-SA 3.0,https://creativecommons.org/licenses/by-sa/3.0,https://commons.wikimedia.org/wiki/File:Cupcakes_blurry_background.JPG,e54068a5fd53faebf485370412ee6aeee4aede0372b4aafdfe3ef4d4a9b9c080,20068,File:Cupcakes blurry background.JPG
train,data/not_mooncake/train/commons_commons_137876490.jpg,not_mooncake,public photo,data/raw/not_mooncake/commons_137876490.jpg,Doughnuts,,Gaming234,CC BY-SA 4.0,https://creativecommons.org/licenses/by-sa/4.0,https://commons.wikimedia.org/wiki/File:Donut_shop.png,98d35149dcbb6d0c8961dab0795144116b4b785c2c671a93eb5c63151972912d,13735,File:Donut shop.png
train,data/not_mooncake/train/commons_commons_129729291.jpg,not_mooncake,public photo,data/raw/not_mooncake/commons_129729291.jpg,Doughnuts,,"Amanda  Coutinho from São Paulo, Brasil",CC BY 2.0,https://creativecommons.org/licenses/by/2.0,https://commons.wikimedia.org/wiki/File:Donuts_(50890959881).jpg,3354f7a099c8470dfefea73ec7dfe2c10f548bbbf64b57502dff4a4f74e09d0a,49912,File:Donuts (50890959881).jpg
train,data/not_mooncake/train/commons_commons_64174814.jpg,not_mooncake,public photo,data/raw/not_mooncake/commons_64174814.jpg,Cookies,,胡蘿蔔,CC BY-SA 4.0,https://creativecommons.org/licenses/by-sa/4.0,https://commons.wikimedia.org/wiki/File:Making_%22golden_cookies_with_diamonds%22_08.jpg,6b4c34d29693c10843488a0045fca5f3e26bc084af10de013f979046beb9dc60,10969,"File:Making ""golden cookies with diamonds"" 08.jpg"
train,data/not_mooncake/train/commons_commons_35910277.jpg,not_mooncake,public photo,data/raw/not_mooncake/commons_35910277.jpg,Doughnuts,,Marjory Collins,Public domain,,https://commons.wikimedia.org/wiki/File:A_Red_Cross_girls_carrying_fresh_doughnuts_from_an_improvised_kitchen_8d40597v.jpg,017ba74f0eff692b8e74ff496c3a71e55519b47c156e9be362008f868f106a09,25174,File:A Red Cross girls carrying fresh doughnuts from an improvised kitchen 8d40597v.jpg
train,data/not_mooncake/train/commons_commons_135375209.jpg,not_mooncake,public photo,data/raw/not_mooncake/commons_135375209.jpg,Cupcakes,,SUBARUsti2020hk,CC BY-SA 4.0,https://creativecommons.org/licenses/by-sa/4.0,https://commons.wikimedia.org/wiki/File:Cremed%27amandes_hk_jp.jpg,afc5a3bc6585f31ab3f181aecb77b3ec47fe2e9fcd1e9af4bed1db840808f1f2,49078,File:Cremed'amandes hk jp.jpg
train,data/not_mooncake/train/commons_commons_198531885.jpg,not_mooncake,public photo,data/raw/not_mooncake/commons_198531885.jpg,Cookies,,Owobusingye,CC BY 4.0,https://creativecommons.org/licenses/by/4.0,https://commons.wikimedia.org/wiki/File:Pancake_made_from_sweet_bananas.jpg,901e1a974befdecbbd343942fa1a7f7599215f6fa3a4981729d31e00f2cc7d03,24158,File:Pancake made from sweet bananas.jpg
train,data/not_mooncake/train/commons_commons_149016167.jpg,not_mooncake,public photo,data/raw/not_mooncake/commons_149016167.jpg,Doughnuts,,Dan Keck from Ohio,CC0,http://creativecommons.org/publicdomain/zero/1.0/deed.en,https://commons.wikimedia.org/wiki/File:Chocolate_bismark_(47265282822).jpg,be567beb54be1e23bfb94a4284264ece75d7d9b554aac7d8ae9142cf0919caec,21200,File:Chocolate bismark (47265282822).jpg
train,data/not_mooncake/train/commons_commons_164338582.jpg,not_mooncake,public photo,data/raw/not_mooncake/commons_164338582.jpg,Doughnuts,,Creative Gurus,CC BY-SA 4.0,https://creativecommons.org/licenses/by-sa/4.0,https://commons.wikimedia.org/wiki/File:Frying_doughnuts_on_a_coal_pot_001.jpg,12e17f45fc84c1511b9e93b86f60fc1bac69bf0043af974ecd7ef267b25fce11,30816,File:Frying doughnuts on a coal pot 001.jpg
train,data/not_mooncake/train/commons_commons_29375723.jpg,not_mooncake,public photo,data/raw/not_mooncake/commons_29375723.jpg,Muffins,,"Gobierno de la Ciudad de Buenos Aires from Ciudad Autónoma de Buenos Aires, Argentina",CC BY 2.0,https://creativecommons.org/licenses/by/2.0,https://commons.wikimedia.org/wiki/File:Bs_As_Market_(7630276734).jpg,6c8afba152c4937fc7cdd0becde0de6f75434d7f9517c6927e24707f75d5c6fc,26063,File:Bs As Market (7630276734).jpg
train,data/not_mooncake/train/commons_commons_121085542.jpg,not_mooncake,public photo,data/raw/not_mooncake/commons_121085542.jpg,Muffins,,Nyat,CC0,http://creativecommons.org/publicdomain/zero/1.0/deed.en,https://commons.wikimedia.org/wiki/File:Muffin_o_smaku_papai_i_marakui_kupiony_w_Biedronce.jpg,5c482b3042491d1a1ea9d40fcac8b0a569ebcc1dfb6468a34d381e875b943dff,43876,File:Muffin o smaku papai i marakui kupiony w Biedronce.jpg
train,data/not_mooncake/train/commons_commons_193450174.jpg,not_mooncake,public photo,data/raw/not_mooncake/commons_193450174.jpg,Cookies,,Shixart1985,CC BY 2.0,https://creativecommons.org/licenses/by/2.0,https://commons.wikimedia.org/wiki/File:Colorful_gingerbread_cookies_shaped_like_little_men_are_beautifully_arranged_on_a_white_platter_at_a_festive_celebration.jpg,178e7db6e1c296de6de9b717388f119c95eda3ae92e9c83adff657e835ba620d,27710,File:Colorful gingerbread cookies shaped like little men are beautifully arranged on a white platter at a festive celebration.jpg
train,data/not_mooncake/train/commons_commons_504975.jpg,not_mooncake,public photo,data/raw/not_mooncake/commons_504975.jpg,Muffins,,,Public domain,,https://commons.wikimedia.org/wiki/File:Muffins_on_a_plate.jpg,89e07388068678c541fdc6e0858905484c9b3a97dfd5cace953dc0417442d20a,40014,File:Muffins on a plate.jpg
train,data/not_mooncake/train/commons_commons_58993477.jpg,not_mooncake,public photo,data/raw/not_mooncake/commons_58993477.jpg,Muffins,,Jeangagnon,CC BY-SA 4.0,https://creativecommons.org/licenses/by-sa/4.0,https://commons.wikimedia.org/wiki/File:Son_Raisins_Secs.jpg,8bc0e91b3b4566fa0dbe3e471d260ac36d91c37af5148cfd5721515e40dae3bc,29379,File:Son Raisins Secs.jpg
train,data/not_mooncake/train/commons_commons_13286650.jpg,not_mooncake,public photo,data/raw/not_mooncake/commons_13286650.jpg,Egg tarts,,Yuje at English Wikipedia,CC BY-SA 3.0,http://creativecommons.org/licenses/by-sa/3.0/,https://commons.wikimedia.org/wiki/File:Chinese_egg_tart.jpg,8a5a605f2ec9b6c35745a419fbc2638a2dfa77610a7e145ee67a5902e7df713d,9809,File:Chinese egg tart.jpg
train,data/not_mooncake/train/commons_commons_178585762.jpg,not_mooncake,public photo,data/raw/not_mooncake/commons_178585762.jpg,Doughnuts,,Sentimentalna,CC BY-SA 4.0,https://creativecommons.org/licenses/by-sa/4.0,https://commons.wikimedia.org/wiki/File:%D0%9A%D1%80%D0%BE%D1%84%D0%BD%D0%B8_%D1%81%D0%BE_%D0%B1%D0%B5%D0%BB%D0%BE_%D1%87%D0%BE%D0%BA%D0%BE%D0%BB%D0%B0%D0%B4%D0%BE.jpg,46aff3c8aeefdc4ff1424044e64c0c1b0f28ce5d80c9ae4722b7f8d67a3022a2,33125,File:Крофни со бело чоколадо.jpg
train,data/not_mooncake/train/commons_commons_127854301.jpg,not_mooncake,public photo,data/raw/not_mooncake/commons_127854301.jpg,Dorayaki,,KKPCW（Kyu3）,CC BY-SA 4.0,https://creativecommons.org/licenses/by-sa/4.0,https://commons.wikimedia.org/wiki/File:%E3%83%A1%E3%82%A4%E3%83%9B%E3%82%A6%E9%A3%9F%E5%93%81_%E6%A0%97%E3%81%A9%E3%82%89.jpg,876f844a085303950ca0b30b97e7c62ef2927c282d7fa17c651f847bb8259498,25720,File:メイホウ食品 栗どら.jpg
train,data/not_mooncake/train/commons_commons_44711309.jpg,not_mooncake,public photo,data/raw/not_mooncake/commons_44711309.jpg,Muffins,,Jason Krüger,CC BY-SA 4.0,https://creativecommons.org/licenses/by-sa/4.0,https://commons.wikimedia.org/wiki/File:Wikidata_Muffins.jpg,0c34a9fc08af2bd95b379cc593cd24a9b0448ab9f1b8723611e91405338e04ef,26764,File:Wikidata Muffins.jpg
train,data/not_mooncake/train/commons_commons_141518912.jpg,not_mooncake,public photo,data/raw/not_mooncake/commons_141518912.jpg,Muffins,,Bajinra,CC0,http://creativecommons.org/publicdomain/zero/1.0/deed.en,https://commons.wikimedia.org/wiki/File:Raisin_and_Chocolate_Muffins.jpg,bdcfd945d7cf7d94ebcf38a91ee5f8aacdaa8425ddfc2c1d2db1f4155deb3652,29030,File:Raisin and Chocolate Muffins.jpg
train,data/not_mooncake/train/commons_commons_101291045.jpg,not_mooncake,public photo,data/raw/not_mooncake/commons_101291045.jpg,Muffins,,"Ben Schumin from Montgomery Village, Maryland, USA",CC BY-SA 2.0,https://creativecommons.org/licenses/by-sa/2.0,https://commons.wikimedia.org/wiki/File:Muffins_at_Metro_Cafe_-02-_(9721134646).jpg,bc004184519e859577667fc4a5d9496317d96750986e42a5695790bcc3f56d8f,33742,File:Muffins at Metro Cafe -02- (9721134646).jpg
train,data/not_mooncake/train/commons_commons_44585748.jpg,not_mooncake,public photo,data/raw/not_mooncake/commons_44585748.jpg,Muffins,,Roozitaa,CC BY-SA 4.0,https://creativecommons.org/licenses/by-sa/4.0,https://commons.wikimedia.org/wiki/File:Coffee_Muffin_(1).jpg,a09966e404a18100c6517d8f78387fec6838f0a9b37d72e6db9848b0a52dbb52,30015,File:Coffee Muffin (1).jpg
train,data/not_mooncake/train/commons_commons_25830196.jpg,not_mooncake,public photo,data/raw/not_mooncake/commons_25830196.jpg,Cupcakes,,User:kjnopanda,CC BY-SA 3.0,https://creativecommons.org/licenses/by-sa/3.0,https://commons.wikimedia.org/wiki/File:Cupcake.jpeg,eff3a011d093afdf8847f5ae957674549865482e52f84bc67db388c1ae754238,50789,File:Cupcake.jpeg
train,data/not_mooncake/train/commons_commons_14785624.jpg,not_mooncake,public photo,data/raw/not_mooncake/commons_14785624.jpg,Muffins,,Silar,CC BY-SA 3.0,https://creativecommons.org/licenses/by-sa/3.0,https://commons.wikimedia.org/wiki/File:05230_koszyk_wielkanocny.JPG,932943c894fbf751051626cf7f1b8b2685c877acc949c77d94021c74e8a1ba85,59184,File:05230 koszyk wielkanocny.JPG
train,data/not_mooncake/train/commons_commons_94185437.jpg,not_mooncake,public photo,data/raw/not_mooncake/commons_94185437.jpg,Muffins,,Peachyeung316,CC BY-SA 4.0,https://creativecommons.org/licenses/by-sa/4.0,https://commons.wikimedia.org/wiki/File:Muffins_with_cream_and_rose_gems_in_mohk.jpg,3a33faaf1093950576fa2c59336de041ab1eae02d1b9dd9a3a5d77fe61b638d9,34569,File:Muffins with cream and rose gems in mohk.jpg
train,data/not_mooncake/train/commons_commons_146893908.jpg,not_mooncake,public photo,data/raw/not_mooncake/commons_146893908.jpg,Doughnuts,,Dawiniawil,CC BY 4.0,https://creativecommons.org/licenses/by/4.0,https://commons.wikimedia.org/wiki/File:Donuts_1.jpg,e1e196fc1dcda530676f76ad6e2062c8ba83b590c5ebaa9f8f63a5ea30272b47,32129,File:Donuts 1.jpg
train,data/not_mooncake/train/commons_commons_152168767.jpg,not_mooncake,public photo,data/raw/not_mooncake/commons_152168767.jpg,Pineapple cakes,,褒忠國中 雲端網,CC BY 2.0,https://creativecommons.org/licenses/by/2.0,https://commons.wikimedia.org/wiki/File:Pineapple_cakes_in_culinary_class_of_Baozhong_Junior_High_School_20131108.jpg,6e5e416d9713fa1cd27be8be3182c4028593cce0da62c1a28d43c82af0324b54,27423,File:Pineapple cakes in culinary class of Baozhong Junior High School 20131108.jpg
train,data/not_mooncake/train/commons_commons_142981147.jpg,not_mooncake,public photo,data/raw/not_mooncake/commons_142981147.jpg,Cupcakes,,Harpreet 712,CC BY-SA 4.0,https://creativecommons.org/licenses/by-sa/4.0,https://commons.wikimedia.org/wiki/File:Cupcakes_8.jpg,af83dd4b1619ad8ec2c6502ef264e6bc9ea7bdc24bbc74edc72df32acbf11e2f,30909,File:Cupcakes 8.jpg
train,data/not_mooncake/train/commons_commons_10253908.jpg,not_mooncake,public photo,data/raw/not_mooncake/commons_10253908.jpg,Cupcakes,,Janet Hudson,CC BY 2.0,https://creativecommons.org/licenses/by/2.0,https://commons.wikimedia.org/wiki/File:Blueberried_Lemon_Poppyseed.jpg,cde0fbe351c934a9fa10495d00259350c1cf02a89a08f0ae759af7ed2c9e2312,25189,File:Blueberried Lemon Poppyseed.jpg
train,data/not_mooncake/train/commons_commons_62309631.jpg,not_mooncake,public photo,data/raw/not_mooncake/commons_62309631.jpg,Muffins,,DanielaPacheco1996,CC BY-SA 4.0,https://creativecommons.org/licenses/by-sa/4.0,https://commons.wikimedia.org/wiki/File:Ponquecitos.jpg,7399e0f0a04e4623a5cdcbc35384e885f1c1a28f0711ec2ce506abef7dbf7b37,49217,File:Ponquecitos.jpg
train,data/not_mooncake/train/commons_commons_10491330.jpg,not_mooncake,public photo,data/raw/not_mooncake/commons_10491330.jpg,Doughnuts,,Midori,CC BY 3.0,https://creativecommons.org/licenses/by/3.0,https://commons.wikimedia.org/wiki/File:Donuts_in_Jakarta.JPG,c456ff097b467cbb22a539cd1200cba8f4e6ad4f9e5ead6dfa878d3004632473,29811,File:Donuts in Jakarta.JPG
train,data/not_mooncake/train/commons_commons_50845893.jpg,not_mooncake,public photo,data/raw/not_mooncake/commons_50845893.jpg,Cookies,,Xosema,CC BY-SA 4.0,https://creativecommons.org/licenses/by-sa/4.0,https://commons.wikimedia.org/wiki/File:Lambetadas_-_Chucherias_-_Candy_-_004.jpg,1a3f3a141720a1d8d9b9e8a1d4a3160c53cf0565e7d78cdf0a485fbe04144f5c,30466,File:Lambetadas - Chucherias - Candy - 004.jpg
train,data/not_mooncake/train/commons_commons_123956062.jpg,not_mooncake,public photo,data/raw/not_mooncake/commons_123956062.jpg,Muffins,,Zoran centauri,CC BY-SA 4.0,https://creativecommons.org/licenses/by-sa/4.0,https://commons.wikimedia.org/wiki/File:Muffin_plated.jpg,decf9cd875f4fb6fd96aae74aa85e300845d7c3c2cf95f00ddc741d141a3a51c,18060,File:Muffin plated.jpg
train,data/not_mooncake/train/commons_commons_186289498.jpg,not_mooncake,public photo,data/raw/not_mooncake/commons_186289498.jpg,Doughnuts,,Fomukom Joel,CC BY-SA 4.0,https://creativecommons.org/licenses/by-sa/4.0,https://commons.wikimedia.org/wiki/File:Roadside_Vendors_in_Buea_01.jpg,e42243b596ab6ed263302434d01b01de7ca0ec5d25f56e42c4bc9f99adbd3e6f,40541,File:Roadside Vendors in Buea 01.jpg
train,data/not_mooncake/train/commons_commons_180829994.jpg,not_mooncake,public photo,data/raw/not_mooncake/commons_180829994.jpg,Cookies,,Apinanaivot,CC0,http://creativecommons.org/publicdomain/zero/1.0/deed.en,https://commons.wikimedia.org/wiki/File:Crookies_in_K-Citymarket.jpg,7743d026d5de405692ac1f71dabcf19d2d40b7517faa87266d9cc84b3385fbcb,57520,File:Crookies in K-Citymarket.jpg
train,data/not_mooncake/train/commons_commons_101803862.jpg,not_mooncake,public photo,data/raw/not_mooncake/commons_101803862.jpg,Cupcakes,,Vansh yadav10,CC BY-SA 4.0,https://creativecommons.org/licenses/by-sa/4.0,https://commons.wikimedia.org/wiki/File:Deserts.jpg,3c22f328ed4e1afd3efe705708c114b15122d6834aafde509b6555f77a93a6ef,25400,File:Deserts.jpg
train,data/not_mooncake/train/commons_commons_119905118.jpg,not_mooncake,public photo,data/raw/not_mooncake/commons_119905118.jpg,Pineapple cakes,,Eshma P,CC BY-SA 4.0,https://creativecommons.org/licenses/by-sa/4.0,https://commons.wikimedia.org/wiki/File:Pineapple_Cake.webp,b130d2a9b89ec901b22f8f804fed2735398fac28133421b260ddf536b3c187df,21111,File:Pineapple Cake.webp
train,data/not_mooncake/train/commons_commons_193762731.jpg,not_mooncake,public photo,data/raw/not_mooncake/commons_193762731.jpg,Doughnuts,,Pelaine,CC BY 4.0,https://creativecommons.org/licenses/by/4.0,https://commons.wikimedia.org/wiki/File:Mini_Donuts_2026.jpg,56b08de47f657fe17e01381103e6da68dfd995f5a1906613e62115ec549d6603,31972,File:Mini Donuts 2026.jpg
train,data/not_mooncake/train/commons_commons_142498374.jpg,not_mooncake,public photo,data/raw/not_mooncake/commons_142498374.jpg,Cookies,,Gaurav Dhwaj Khadka,CC BY-SA 4.0,https://creativecommons.org/licenses/by-sa/4.0,https://commons.wikimedia.org/wiki/File:Cookie_2.jpg,ed0f38bc4139a4f80292a933eaf62d39bf3fd8dfae3b03d197998f244b4bad80,36072,File:Cookie 2.jpg
train,data/not_mooncake/train/commons_commons_154511993.jpg,not_mooncake,public photo,data/raw/not_mooncake/commons_154511993.jpg,Cupcakes,,சுவேதா ராமலிங்கம்,CC0,http://creativecommons.org/publicdomain/zero/1.0/deed.en,https://commons.wikimedia.org/wiki/File:Cup_Cake.jpg,8cba170550918185f1c8d65822ebf2f5f6d70d90da868ca8ec3f7bf43fdb490c,38569,File:Cup Cake.jpg
train,data/not_mooncake/train/commons_commons_128111754.jpg,not_mooncake,public photo,data/raw/not_mooncake/commons_128111754.jpg,Cupcakes,,JaredAlexanderhernandez,CC BY-SA 4.0,https://creativecommons.org/licenses/by-sa/4.0,https://commons.wikimedia.org/wiki/File:Blue_cupcakes_20230125.jpg,f53173419eb33e38e35df00e4e493d9c66501a91cd205990962111d50225ca14,47887,File:Blue cupcakes 20230125.jpg
train,data/not_mooncake/train/commons_commons_112257018.jpg,not_mooncake,public photo,data/raw/not_mooncake/commons_112257018.jpg,Cookies,,Antjedotc,CC BY-SA 4.0,https://creativecommons.org/licenses/by-sa/4.0,https://commons.wikimedia.org/wiki/File:Cooled_Cookies.png,a8586c8e474b3dc937c57efc47f795f95087924489b6951db7b2163c972b054c,35805,File:Cooled Cookies.png
train,data/not_mooncake/train/commons_commons_44586188.jpg,not_mooncake,public photo,data/raw/not_mooncake/commons_44586188.jpg,Muffins,,Roozitaa,CC BY-SA 4.0,https://creativecommons.org/licenses/by-sa/4.0,https://commons.wikimedia.org/wiki/File:Making_marron_cream_muffins.jpg,1d5ecc163f7d5d6aac9ee19ea51b6b8b366f66ab6c84ad797b248b1c6e6d0b61,35382,File:Making marron cream muffins.jpg
train,data/not_mooncake/train/commons_commons_110252371.jpg,not_mooncake,public photo,data/raw/not_mooncake/commons_110252371.jpg,Muffins,,gamene,CC BY 2.0,https://creativecommons.org/licenses/by/2.0,https://commons.wikimedia.org/wiki/File:Spider_muffin_bento_(4051218539).jpg,35a3ed42349f07d6be31d18a6483cfcd9ec3767fdddfeeec4f597c51df62a957,57790,File:Spider muffin bento (4051218539).jpg
train,data/not_mooncake/train/commons_commons_99856993.jpg,not_mooncake,public photo,data/raw/not_mooncake/commons_99856993.jpg,Cookies,,Bhupendra Shrestha,CC BY-SA 4.0,https://creativecommons.org/licenses/by-sa/4.0,https://commons.wikimedia.org/wiki/File:Battuk01.jpg,0d9b39b093ae9377c957e6a33a8a93aae6b7b0c66367d4e5f33bec899ebf29df,36502,File:Battuk01.jpg
train,data/not_mooncake/train/commons_commons_74143142.jpg,not_mooncake,public photo,data/raw/not_mooncake/commons_74143142.jpg,Cupcakes,,"Amy Stephenson from New York, USA",CC BY-SA 2.0,https://creativecommons.org/licenses/by-sa/2.0,https://commons.wikimedia.org/wiki/File:CupcakeConesInPan3_(4740029643).jpg,5428fd3e39e1611bf9c56f1a665744a140c711d261fa3231a169d058f41d9481,33381,File:CupcakeConesInPan3 (4740029643).jpg
train,data/not_mooncake/train/commons_commons_128434435.jpg,not_mooncake,public photo,data/raw/not_mooncake/commons_128434435.jpg,Egg tarts,,LN9267,CC BY-SA 4.0,https://creativecommons.org/licenses/by-sa/4.0,https://commons.wikimedia.org/wiki/File:Macau_Tower_Patisserie_Portuguese_Custard_Tart_05-02-2023.jpg,2bd667aff0fa936616b4d86db0b2cc18d4bbc0460d100286356ab122fe1d93b2,24614,File:Macau Tower Patisserie Portuguese Custard Tart 05-02-2023.jpg
validation,data/not_mooncake/validation/commons_commons_130069503.jpg,not_mooncake,public photo,data/raw/not_mooncake/commons_130069503.jpg,Muffins,,Ewelina Podrez-Siama,CC BY 2.0,https://creativecommons.org/licenses/by/2.0,"https://commons.wikimedia.org/wiki/File:Hazelnut_and_Cocoa_Muffins_(KETO,_LCHF,_Low_Carb,_Gluten_free,_FIT)_-_52774789239.jpg",508123e57f10ef34432b1f377c465c607bc62f2d97c16a0f65556569fbc29088,59765,"File:Hazelnut and Cocoa Muffins (KETO, LCHF, Low Carb, Gluten free, FIT) - 52774789239.jpg"
validation,data/not_mooncake/validation/commons_commons_140897610.jpg,not_mooncake,public photo,data/raw/not_mooncake/commons_140897610.jpg,Cookies,,Ana CI,CC BY-SA 4.0,https://creativecommons.org/licenses/by-sa/4.0,https://commons.wikimedia.org/wiki/File:Hungaros.jpg,298c3fb3bcfe83971b306611bb3ba49d179fdb2e903fa803f4f75274264f4dec,20786,File:Hungaros.jpg
validation,data/not_mooncake/validation/commons_commons_150522917.jpg,not_mooncake,public photo,data/raw/not_mooncake/commons_150522917.jpg,Cookies,,Wikipedagog12,CC0,http://creativecommons.org/publicdomain/zero/1.0/deed.en,https://commons.wikimedia.org/wiki/File:Chust_devzira_oshi.jpg,6bceacaf36fac6d100427122a486d4d17a1402a86ef7e8bb2c11b6a687f422ef,38035,File:Chust devzira oshi.jpg
validation,data/not_mooncake/validation/commons_commons_102658338.jpg,not_mooncake,public photo,data/raw/not_mooncake/commons_102658338.jpg,Muffins,,Alabama Extension,CC0,http://creativecommons.org/publicdomain/zero/1.0/deed.en,https://commons.wikimedia.org/wiki/File:Rise_and_Shine_Muffins.jpg,1359d3e01f5e0dfc6ca7e5beb98d7515cc915599173cb958ac98bb42a801c4cf,29818,File:Rise and Shine Muffins.jpg
validation,data/not_mooncake/validation/commons_commons_138861182.jpg,not_mooncake,public photo,data/raw/not_mooncake/commons_138861182.jpg,Cupcakes,,Voyages etc...,CC BY 2.0,https://creativecommons.org/licenses/by/2.0,https://commons.wikimedia.org/wiki/File:Bienvenue_sur_le_MSC_Musica_!_Et_hop_un_petit_verre_de_bulles_sur_mon_balcon_!_(12083456065).jpg,d9257cd1769bf2dfed28fd5fe0611334f6fe1fcac6903ebba9fe47ae05ff723f,43184,File:Bienvenue sur le MSC Musica ! Et hop un petit verre de bulles sur mon balcon ! (12083456065).jpg
validation,data/not_mooncake/validation/commons_commons_116704394.jpg,not_mooncake,public photo,data/raw/not_mooncake/commons_116704394.jpg,Muffins,,DinaBenedettoFerrandina,CC BY-SA 4.0,https://creativecommons.org/licenses/by-sa/4.0,https://commons.wikimedia.org/wiki/File:Muffin_alle_Mele_e_Yogurt.jpg,17c8a9cfbdf959ec2b101416de9271f516d5827bba8e8745397c58045f2c7c94,43522,File:Muffin alle Mele e Yogurt.jpg
validation,data/not_mooncake/validation/commons_commons_89957796.jpg,not_mooncake,public photo,data/raw/not_mooncake/commons_89957796.jpg,Muffins,,Katrin Gilger,CC BY-SA 2.0,https://creativecommons.org/licenses/by-sa/2.0,https://commons.wikimedia.org/wiki/File:Spinat-Ricotta-Muffins_mit_Pinienkernen_(5357056307).jpg,380ab4f95a7cc10c962ad6051d05dceac053d7fc0356d4c588fa2bd207541525,38168,File:Spinat-Ricotta-Muffins mit Pinienkernen (5357056307).jpg
validation,data/not_mooncake/validation/commons_commons_84717358.jpg,not_mooncake,public photo,data/raw/not_mooncake/commons_84717358.jpg,Cupcakes,,"Stephanie Clifford from Arlington, VA, USA",CC BY 2.0,https://creativecommons.org/licenses/by/2.0,https://commons.wikimedia.org/wiki/File:Grand_Marnier_Buttercream_Cupcakes_(26131960272).jpg,7fb5a33fc4dccca5b6f21249d27689417542453f36aadf335921331026c500d6,39298,File:Grand Marnier Buttercream Cupcakes (26131960272).jpg
validation,data/not_mooncake/validation/commons_commons_34997312.jpg,not_mooncake,public photo,data/raw/not_mooncake/commons_34997312.jpg,Cupcakes,,"James Petts from London, England",CC BY-SA 2.0,https://creativecommons.org/licenses/by-sa/2.0,https://commons.wikimedia.org/wiki/File:Chocolate_chip_fairy_cake_(13952328186).jpg,19e902e13031e34bca2a8c7b3ae97dd27b31cca471ce775df5a3d3e7e0a0788b,22870,File:Chocolate chip fairy cake (13952328186).jpg
validation,data/not_mooncake/validation/commons_commons_86641609.jpg,not_mooncake,public photo,data/raw/not_mooncake/commons_86641609.jpg,Cupcakes,,Hanengerda,CC BY-SA 4.0,https://creativecommons.org/licenses/by-sa/4.0,https://commons.wikimedia.org/wiki/File:Ginger_Cup_Cake.jpg,b2f9de8463a7c06efa80a38aae73550b54d5b40c3eb2664678182703f8a41a47,47451,File:Ginger Cup Cake.jpg
validation,data/not_mooncake/validation/commons_commons_155162445.jpg,not_mooncake,public photo,data/raw/not_mooncake/commons_155162445.jpg,Egg tarts,,JohnLEE Brothers,CC0,http://creativecommons.org/publicdomain/zero/1.0/deed.en,https://commons.wikimedia.org/wiki/File:MC_%E6%BE%B3%E9%96%80_Macau_%E8%B7%AF%E6%B0%B9_Cotai_%E4%B8%8A%E8%91%A1%E4%BA%AC_Grand_Lisboa_Palace_%E5%A8%9B%E6%A8%82%E5%A0%B4_Casino_%E6%AC%BE%E5%BE%85_food_%E8%9B%8B%E6%92%BB_egg_tarts_n_%E4%B8%80%E5%8F%A3_%E9%9B%9E%E5%B0%BE%E5%8C%85%E4%BB%94_bun_n_%E7%B3%96%E8%8C%B6_sweet_tea_paper_cup_November_2024_R12S_03.jpg,76b6f51fe6d3af91405a272834511487f49baf73e3599d8b3d25672ef2669ddb,38700,File:MC 澳門 Macau 路氹 Cotai 上葡京 Grand Lisboa Palace 娛樂場 Casino 款待 food 蛋撻 egg tarts n 一口 雞尾包仔 bun n 糖茶 sweet tea paper cup November 2024 R12S 03.jpg
validation,data/not_mooncake/validation/commons_commons_87410572.jpg,not_mooncake,public photo,data/raw/not_mooncake/commons_87410572.jpg,Doughnuts,,Kurtkaiser,CC0,http://creativecommons.org/publicdomain/zero/1.0/deed.en,"https://commons.wikimedia.org/wiki/File:Donut_texture,_Doughnut.jpg",a6e6c4099c63220b3f453e1a3e7c0fc659aab2ca03a2e2a63367f0a1dddd4ac7,8982,"File:Donut texture, Doughnut.jpg"
validation,data/not_mooncake/validation/commons_commons_10309860.jpg,not_mooncake,public photo,data/raw/not_mooncake/commons_10309860.jpg,Egg tarts,,buncheduptv,CC BY-SA 2.0,https://creativecommons.org/licenses/by-sa/2.0,https://commons.wikimedia.org/wiki/File:Egg_Custard_Tarts_for_Five.jpg,494173c1390a0686beb3d8a8cf5afa9f3200e1bcabbf3cbd2559a3477fa8abb3,24775,File:Egg Custard Tarts for Five.jpg
validation,data/not_mooncake/validation/commons_commons_110121930.jpg,not_mooncake,public photo,data/raw/not_mooncake/commons_110121930.jpg,Cupcakes,,Abi Porter,CC BY 2.0,https://creativecommons.org/licenses/by/2.0,https://commons.wikimedia.org/wiki/File:Farmers_market_cupcakes_(4869955257).jpg,22de70bd36c654d1f8ddc318ae2001b9155267b0db886b9d080942faf62db64e,38345,File:Farmers market cupcakes (4869955257).jpg
validation,data/not_mooncake/validation/commons_commons_167372184.jpg,not_mooncake,public photo,data/raw/not_mooncake/commons_167372184.jpg,Cookies,,Wheeler Cowperthwaite,CC BY 2.0,https://creativecommons.org/licenses/by/2.0,https://commons.wikimedia.org/wiki/File:5-25-2025_Earl_grey_cookies_with_extra_orange_rind_-_006.jpg,9e1c2871050c784cf963cdfdf67adf8c393e503c0fb5091ebd1e24239833b147,39686,File:5-25-2025 Earl grey cookies with extra orange rind - 006.jpg
validation,data/not_mooncake/validation/commons_commons_4266498.jpg,not_mooncake,public photo,data/raw/not_mooncake/commons_4266498.jpg,Muffins,,Manuel FLURY,CC BY-SA 3.0,https://creativecommons.org/licenses/by-sa/3.0,https://commons.wikimedia.org/wiki/File:Muffins_aux_groseilles.jpg,08443303b04cb923339cad63721074aedc392325fae6f63e4e946a18eedabd81,30111,File:Muffins aux groseilles.jpg
validation,data/not_mooncake/validation/commons_commons_10312491.jpg,not_mooncake,public photo,data/raw/not_mooncake/commons_10312491.jpg,Cupcakes,,Kristin Ausk,CC BY-SA 2.0,https://creativecommons.org/licenses/by-sa/2.0,"https://commons.wikimedia.org/wiki/File:Coconut_spice_cupcakes_with_brown_sugar_buttercream,_2008.jpg",879692588ad931247dbe316cd84b3f8d71cd4491a99b8bfb91aa0bd9ac54feaf,23896,"File:Coconut spice cupcakes with brown sugar buttercream, 2008.jpg"
validation,data/not_mooncake/validation/commons_commons_64144029.jpg,not_mooncake,public photo,data/raw/not_mooncake/commons_64144029.jpg,Dorayaki,,"Cheng-en Cheng from Taichung City, Taiwan",CC BY-SA 2.0,https://creativecommons.org/licenses/by-sa/2.0,https://commons.wikimedia.org/wiki/File:WESTMALL_yamanashi_(38382425982).jpg,d4b65bec5d68f86897a8f454b44db722bddd79e0498c6c4fb3df33411a0aa6ec,43685,File:WESTMALL yamanashi (38382425982).jpg
validation,data/not_mooncake/validation/commons_commons_186289497.jpg,not_mooncake,public photo,data/raw/not_mooncake/commons_186289497.jpg,Doughnuts,,Fomukom Joel,CC BY-SA 4.0,https://creativecommons.org/licenses/by-sa/4.0,https://commons.wikimedia.org/wiki/File:Roadside_Vendors_in_Buea_02.jpg,edfd1024056ab066da02b3c84a26a57857547ca6a7c9ab626eae8a6a21fc2c1c,28983,File:Roadside Vendors in Buea 02.jpg
validation,data/not_mooncake/validation/commons_commons_53703814.jpg,not_mooncake,public photo,data/raw/not_mooncake/commons_53703814.jpg,Dorayaki,,Jin Kemoole,CC BY 2.0,https://creativecommons.org/licenses/by/2.0,https://commons.wikimedia.org/wiki/File:DORAYAKI_2016_(30346173883).jpg,d0536c7026819e20cf4e25dea7ec79e08e7d0f55bb4a1a43df036b7183c7ac58,45594,File:DORAYAKI 2016 (30346173883).jpg
validation,data/not_mooncake/validation/commons_commons_15798545.jpg,not_mooncake,public photo,data/raw/not_mooncake/commons_15798545.jpg,Muffins,,"darwin Bell from San Francisco, USA",CC BY 2.0,https://creativecommons.org/licenses/by/2.0,https://commons.wikimedia.org/wiki/File:Muffin_a_go_go.jpg,9e5285b264a1ae98cbbf368b4832d0731a54614a371187db31647455d19c3087,24598,File:Muffin a go go.jpg
validation,data/not_mooncake/validation/commons_commons_89958151.jpg,not_mooncake,public photo,data/raw/not_mooncake/commons_89958151.jpg,Muffins,,Katrin Gilger,CC BY-SA 2.0,https://creativecommons.org/licenses/by-sa/2.0,https://commons.wikimedia.org/wiki/File:Kokosmuffins_mit_wei%C3%9Fer_Schokolade_(3899468907).jpg,ef77a409d73a51127c7f326abea111b27247243eea78f9d21333751148feed11,42212,File:Kokosmuffins mit weißer Schokolade (3899468907).jpg
validation,data/not_mooncake/validation/commons_commons_105318962.jpg,not_mooncake,public photo,data/raw/not_mooncake/commons_105318962.jpg,Cookies,,"Windell Oskay from Sunnyvale, CA, USA",CC BY 2.0,https://creativecommons.org/licenses/by/2.0,https://commons.wikimedia.org/wiki/File:AtomicCookies_7_(4499450842).jpg,a3d10532637f82f4ce7cbdcc29d9800331c103e83d596a0bea75f291a581f43e,32172,File:AtomicCookies 7 (4499450842).jpg
validation,data/not_mooncake/validation/commons_commons_40605086.jpg,not_mooncake,public photo,data/raw/not_mooncake/commons_40605086.jpg,Cookies,,Moyan Brenn from Italy,CC BY 2.0,https://creativecommons.org/licenses/by/2.0,https://commons.wikimedia.org/wiki/File:Cookies_(6672151307).jpg,0c2e6110b077d69e564852521a1ce99c02c1782246d40956f780beeb33122ce7,42492,File:Cookies (6672151307).jpg
validation,data/not_mooncake/validation/commons_commons_79819943.jpg,not_mooncake,public photo,data/raw/not_mooncake/commons_79819943.jpg,Egg tarts,,stu_spivack,CC BY-SA 2.0,https://creativecommons.org/licenses/by-sa/2.0,https://commons.wikimedia.org/wiki/File:Hong_Kong_Dan_tat.jpg,5b67c8cd8fb7fd6b4331b5404c3a6a1714edfea2de8fe1df5d0301cdd9a8e2db,25268,File:Hong Kong Dan tat.jpg
validation,data/not_mooncake/validation/commons_commons_89418726.jpg,not_mooncake,public photo,data/raw/not_mooncake/commons_89418726.jpg,Egg tarts,,MOs810,CC BY-SA 4.0,https://creativecommons.org/licenses/by-sa/4.0,https://commons.wikimedia.org/wiki/File:Egg_Tart_in_London_Chinatown.jpg,42ffc430d564239822f0f12b65eca98a576c5bc6bb564e561664ef82bb5dad58,33403,File:Egg Tart in London Chinatown.jpg
validation,data/not_mooncake/validation/commons_commons_41387589.jpg,not_mooncake,public photo,data/raw/not_mooncake/commons_41387589.jpg,Muffins,,Bernd Schwabe in Hannover,CC BY-SA 4.0,https://creativecommons.org/licenses/by-sa/4.0,"https://commons.wikimedia.org/wiki/File:2015-07-03_Grundschule_Goetheplatz,_Hannover,_Schulfest_mit_Kinderliedermacher_Unmada_(52)_Muffins_und_Birne_Helene.JPG",eac0cdd63231e6fd4b43a5ff69d7526a3139a7ade56c47c3ef050fada4c817b4,35218,"File:2015-07-03 Grundschule Goetheplatz, Hannover, Schulfest mit Kinderliedermacher Unmada (52) Muffins und Birne Helene.JPG"
validation,data/not_mooncake/validation/commons_commons_144649975.jpg,not_mooncake,public photo,data/raw/not_mooncake/commons_144649975.jpg,Dorayaki,,RuinDig/Yuki Uchida,CC BY 4.0,https://creativecommons.org/licenses/by/4.0,https://commons.wikimedia.org/wiki/File:%E6%B0%B4%E6%9C%88%E3%81%AE%E3%81%A9%E3%82%89%E7%84%BC%E3%81%8D---2023-11-14_02.jpg,74a2af7803a4719b5246e76587c7eef9b30469af1600d2bf7273ec287fc48c40,39626,File:水月のどら焼き---2023-11-14 02.jpg
validation,data/not_mooncake/validation/commons_commons_182391246.jpg,not_mooncake,public photo,data/raw/not_mooncake/commons_182391246.jpg,Cupcakes,,AlphaLemur,CC BY 4.0,https://creativecommons.org/licenses/by/4.0,https://commons.wikimedia.org/wiki/File:Australian_butterfly_cupcakes_01.jpg,24ce8fc4196c56f36b494ffd81738ddf44779a042c731d0b7c34ff9236e92995,50696,File:Australian butterfly cupcakes 01.jpg
validation,data/not_mooncake/validation/commons_commons_186273751.jpg,not_mooncake,public photo,data/raw/not_mooncake/commons_186273751.jpg,Doughnuts,,Shixart1985,CC BY 2.0,https://creativecommons.org/licenses/by/2.0,https://commons.wikimedia.org/wiki/File:Feamle_doctor_inserted_the_syringe_in_the_donut.jpg,6fd01175bb5301ea4209c382e6ca4e2c3084ad19901016783428272d63c36591,23938,File:Feamle doctor inserted the syringe in the donut.jpg
validation,data/not_mooncake/validation/commons_commons_195963596.jpg,not_mooncake,public photo,data/raw/not_mooncake/commons_195963596.jpg,Doughnuts,,Shixart1985,CC BY 2.0,https://creativecommons.org/licenses/by/2.0,https://commons.wikimedia.org/wiki/File:Health_choices_depicted_with_a_nurse_holding_an_apple_and_a_donut_in_a_modern_hospital_setting.jpg,b4f9ac54fb227c14cb5f2c4618151d3a51611521405f8488b8739f1a611220b6,17393,File:Health choices depicted with a nurse holding an apple and a donut in a modern hospital setting.jpg
validation,data/not_mooncake/validation/commons_commons_143000244.jpg,not_mooncake,public photo,data/raw/not_mooncake/commons_143000244.jpg,Egg tarts,,Tang HungTze Fat,CC0,http://creativecommons.org/publicdomain/zero/1.0/deed.en,https://commons.wikimedia.org/wiki/File:GD_%E5%BB%A3%E6%9D%B1_Guangdong_%E6%B1%95%E9%A0%AD%E7%8C%9B%E7%8D%85%E5%87%B1%E8%90%8A%E9%85%92%E5%BA%97_Shantou_Menshine_Gloria_Plaza_Hotel_%E9%A4%90%E5%BB%B3_restaurant_%E6%97%A9%E9%A4%90_breakfast_buffet_bread_n_egg_tart_December_2023_Red7_02.jpg,c9176958e5968c7cda2ca030f869a33da8f63dbb68ce9e74b56fbf3f3ccb4978,30811,File:GD 廣東 Guangdong 汕頭猛獅凱萊酒店 Shantou Menshine Gloria Plaza Hotel 餐廳 restaurant 早餐 breakfast buffet bread n egg tart December 2023 Red7 02.jpg
validation,data/not_mooncake/validation/commons_commons_157730438.jpg,not_mooncake,public photo,data/raw/not_mooncake/commons_157730438.jpg,Muffins,,"Kai Brinker from Brooklyn, United States",CC BY-SA 2.0,https://creativecommons.org/licenses/by-sa/2.0,"https://commons.wikimedia.org/wiki/File:Cafe_Kubal,_S._Salina_St,_Syracuse,_NY_(2013).jpg",c5ca61ca843c7ecbabb105110a8dead58c0b02f152f369872261b110cc940945,27307,"File:Cafe Kubal, S. Salina St, Syracuse, NY (2013).jpg"
validation,data/not_mooncake/validation/commons_commons_84937169.jpg,not_mooncake,public photo,data/raw/not_mooncake/commons_84937169.jpg,Muffins,,Alabama Extension,CC0,http://creativecommons.org/publicdomain/zero/1.0/deed.en,https://commons.wikimedia.org/wiki/File:Sunrise_English_Muffins_(49164717317).jpg,df6577f4ff48e5a91a60f088b70da97bc32c88b47aee8187066d7c11511ae555,30269,File:Sunrise English Muffins (49164717317).jpg
validation,data/not_mooncake/validation/commons_commons_40415153.jpg,not_mooncake,public photo,data/raw/not_mooncake/commons_40415153.jpg,Cupcakes,,Thamizhpparithi Maari,CC BY-SA 4.0,https://creativecommons.org/licenses/by-sa/4.0,https://commons.wikimedia.org/wiki/File:Cup_cake_of_Salem.jpg,a149fe04c796d164d81d337178cabcc2f4b6ce87ef5c4d84f02b535fcd5f34b8,25112,File:Cup cake of Salem.jpg
validation,data/not_mooncake/validation/commons_commons_10538652.jpg,not_mooncake,public photo,data/raw/not_mooncake/commons_10538652.jpg,Cupcakes,,Cmoens,CC BY 3.0,https://creativecommons.org/licenses/by/3.0,https://commons.wikimedia.org/wiki/File:Cupcakevoorbeeld.jpg,eba53c8156a771a0e5bc6ae055fdd4251c6bc1a0b23fed0ae5d478488ddf6f22,22179,File:Cupcakevoorbeeld.jpg
validation,data/not_mooncake/validation/commons_commons_1764281.jpg,not_mooncake,public photo,data/raw/not_mooncake/commons_1764281.jpg,Cupcakes,,User:Lcarsdata,CC BY-SA 3.0,http://creativecommons.org/licenses/by-sa/3.0/,https://commons.wikimedia.org/wiki/File:Fairy_cakes_in_oven_stage_2.jpg,30b98f37fc6b1429c0d0688e708449175ed35555abc5727229b4fadbe619f83a,20976,File:Fairy cakes in oven stage 2.jpg
validation,data/not_mooncake/validation/commons_commons_73860857.jpg,not_mooncake,public photo,data/raw/not_mooncake/commons_73860857.jpg,Cookies,,J Doll,CC BY 3.0,https://creativecommons.org/licenses/by/3.0,https://commons.wikimedia.org/wiki/File:Peanut_Ginger_Sesame_Cookies_(140491179).jpeg,c1b759e9a6c2699ab5b0b92b282675a83fad84191a77382471bc2cfd66f5239d,32019,File:Peanut Ginger Sesame Cookies (140491179).jpeg
validation,data/not_mooncake/validation/commons_commons_64669200.jpg,not_mooncake,public photo,data/raw/not_mooncake/commons_64669200.jpg,Muffins,,Jeangagnon,CC BY-SA 4.0,https://creativecommons.org/licenses/by-sa/4.0,https://commons.wikimedia.org/wiki/File:Dejeuner_-_Caffe_Napoletana.jpg,bc6506b7f40bc7c1a2c5625e05882cd81f8239d0c6b4113e62bf53477fa18979,33713,File:Dejeuner - Caffe Napoletana.jpg
validation,data/not_mooncake/validation/commons_commons_117062720.jpg,not_mooncake,public photo,data/raw/not_mooncake/commons_117062720.jpg,Doughnuts,,Idatbg,CC BY-SA 4.0,https://creativecommons.org/licenses/by-sa/4.0,https://commons.wikimedia.org/wiki/File:Maman_entrain_de_pr%C3%A9parer_le_beignets.jpg,2b44e43850819f63203837ac01bf40d9dce333e2c4b7db5a3ecb6c6276952179,30828,File:Maman entrain de préparer le beignets.jpg
validation,data/not_mooncake/validation/commons_commons_112375493.jpg,not_mooncake,public photo,data/raw/not_mooncake/commons_112375493.jpg,Cupcakes,,Cbogsin,CC BY-SA 4.0,https://creativecommons.org/licenses/by-sa/4.0,https://commons.wikimedia.org/wiki/File:Cupcakes_from_Get_Caked.png,1d18e8edb6eface4eb268acce8e43f0767a652a8c5687e689279f7e3ea10716f,34155,File:Cupcakes from Get Caked.png
validation,data/not_mooncake/validation/commons_commons_52027721.jpg,not_mooncake,public photo,data/raw/not_mooncake/commons_52027721.jpg,Muffins,,Gzen92,CC BY-SA 4.0,https://creativecommons.org/licenses/by-sa/4.0,https://commons.wikimedia.org/wiki/File:G%C3%A2teaux_(4).jpg,8e3ac6541fee488419cde60e21415247ec317d387c56a21fab8f2ea5dac28fa8,40126,File:Gâteaux (4).jpg
validation,data/not_mooncake/validation/commons_commons_81989502.jpg,not_mooncake,public photo,data/raw/not_mooncake/commons_81989502.jpg,Muffins,,毒島みるく,CC0,http://creativecommons.org/publicdomain/zero/1.0/deed.en,https://commons.wikimedia.org/wiki/File:Cream-in_Muffin_Soy_Latte_of_Mister_Donut_in_Japan.jpg,12b164a289d78be8c4f773e32e4e8825ef065c5d9d9a9377b60e658a7493df02,38670,File:Cream-in Muffin Soy Latte of Mister Donut in Japan.jpg
validation,data/not_mooncake/validation/commons_commons_43743814.jpg,not_mooncake,public photo,data/raw/not_mooncake/commons_43743814.jpg,Cupcakes,,"Madison Scott-Clary from Loveland, USA",CC BY 2.0,https://creativecommons.org/licenses/by/2.0,https://commons.wikimedia.org/wiki/File:Applesauce_cupcakes.jpg,eee109552d8e0df3507f09ace533bfda85af578de816015d3bb49a0574c9c0bd,28228,File:Applesauce cupcakes.jpg
validation,data/not_mooncake/validation/commons_commons_94432324.jpg,not_mooncake,public photo,data/raw/not_mooncake/commons_94432324.jpg,Egg tarts,,Peachyeung316,CC BY-SA 4.0,https://creativecommons.org/licenses/by-sa/4.0,https://commons.wikimedia.org/wiki/File:Egg_tarts_with_bird%27s_nest.jpg,5ac04e22d02b3310ce0a9556ea0cf9f747bd52970bb616da3019e7396be2b6b4,26995,File:Egg tarts with bird's nest.jpg
validation,data/not_mooncake/validation/commons_commons_22619556.jpg,not_mooncake,public photo,data/raw/not_mooncake/commons_22619556.jpg,Cupcakes,,Bin im Garten,CC BY-SA 3.0,https://creativecommons.org/licenses/by-sa/3.0,https://commons.wikimedia.org/wiki/File:Brighton_2010_PD_113.JPG,97fadfd2242713a07eb9b1a4bf35a98048e2a70f497b0130bd4f11d752a857a9,18541,File:Brighton 2010 PD 113.JPG
validation,data/not_mooncake/validation/commons_commons_97404347.jpg,not_mooncake,public photo,data/raw/not_mooncake/commons_97404347.jpg,Cookies,,"Markus Spiske from Forchheim, Bavaria Upper Franconia",CC0,http://creativecommons.org/publicdomain/zero/1.0/deed.en,https://commons.wikimedia.org/wiki/File:Mama_(40124912013).jpg,1bf201cc35670eb24fdef2f1d1df977e6c8eeebeb9011c484736e225eb3cc57e,13090,File:Mama (40124912013).jpg
validation,data/not_mooncake/validation/commons_commons_179396252.jpg,not_mooncake,public photo,data/raw/not_mooncake/commons_179396252.jpg,Cookies,,Emizval,CC0,http://creativecommons.org/publicdomain/zero/1.0/deed.en,https://commons.wikimedia.org/wiki/File:Dulce_Capricho.jpg,bb181f922dfe7736b9acad7a7a9bf3094dd2923f57a17f1a1f50d0ecf1450dee,57005,File:Dulce Capricho.jpg
validation,data/not_mooncake/validation/commons_commons_98923845.jpg,not_mooncake,public photo,data/raw/not_mooncake/commons_98923845.jpg,Cookies,,NA,CC BY-SA 4.0,https://creativecommons.org/licenses/by-sa/4.0,https://commons.wikimedia.org/wiki/File:Balaram-Mullick-Chandrapuli_2.jpg,b9f23033c4b3d902ddec6a6499d15fefef4b5b260801ad16fc59e2cfce318824,29552,File:Balaram-Mullick-Chandrapuli 2.jpg
validation,data/not_mooncake/validation/commons_commons_29386056.jpg,not_mooncake,public photo,data/raw/not_mooncake/commons_29386056.jpg,Muffins,,MaGIc2laNTern,CC BY 3.0,https://creativecommons.org/licenses/by/3.0,https://commons.wikimedia.org/wiki/File:Muffin_with_pecan_nuts.jpg,32a3b30c5fc8eb7dbff82351375be9f472717695e1eaba653bfeda31bd3cd660,23879,File:Muffin with pecan nuts.jpg
validation,data/not_mooncake/validation/commons_commons_44836801.jpg,not_mooncake,public photo,data/raw/not_mooncake/commons_44836801.jpg,Doughnuts,,Keystone Film Company,Public domain,,"https://commons.wikimedia.org/wiki/File:Bobby_Vernon,_Gloria_Swanson,_and_Teddy_the_Dog.jpg",2bb9e146c5dd353264bd35ce5df6b9e1d0c868d011051e3c03985c2d81f24743,49533,"File:Bobby Vernon, Gloria Swanson, and Teddy the Dog.jpg"
validation,data/not_mooncake/validation/commons_commons_186996967.jpg,not_mooncake,public photo,data/raw/not_mooncake/commons_186996967.jpg,Cookies,,Shixart1985,CC BY 2.0,https://creativecommons.org/licenses/by/2.0,https://commons.wikimedia.org/wiki/File:Freshly_baked_cookies_with_cream_topping_on_a_brown_surface_in_a_cozy_kitchen_setting.jpg,19b7b8b7cb7211d37648db56db224efb95c6891c47f024cb1e12d95c38baea6d,24174,File:Freshly baked cookies with cream topping on a brown surface in a cozy kitchen setting.jpg
validation,data/not_mooncake/validation/commons_commons_187821569.jpg,not_mooncake,public photo,data/raw/not_mooncake/commons_187821569.jpg,Doughnuts,,MichaellaaRubio,CC BY 4.0,https://creativecommons.org/licenses/by/4.0,https://commons.wikimedia.org/wiki/File:Krispy_kreme_glazed_doughnut.jpg,b001815e75039fb6ff1c5a3797ec415a685dfdb0c55b6db0704059cf6552af01,40745,File:Krispy kreme glazed doughnut.jpg
validation,data/not_mooncake/validation/commons_commons_142981128.jpg,not_mooncake,public photo,data/raw/not_mooncake/commons_142981128.jpg,Cupcakes,,Harpreet 712,CC BY-SA 4.0,https://creativecommons.org/licenses/by-sa/4.0,https://commons.wikimedia.org/wiki/File:Cupckaes_2.jpg,9f1031d88fd529c97911a8dae28f8076d066e2705b422e0ff308836b6e4def4b,28051,File:Cupckaes 2.jpg
validation,data/not_mooncake/validation/commons_commons_106214995.jpg,not_mooncake,public photo,data/raw/not_mooncake/commons_106214995.jpg,Cookies,,istolethetv,CC BY 2.0,https://creativecommons.org/licenses/by/2.0,https://commons.wikimedia.org/wiki/File:Green_Lantern_-_Larfleeze_Christmas_Special_001_(5332342461).jpg,56f349c68d2d387a1b6118234935f8624bb937ba37618d073ab41610592add1e,42207,File:Green Lantern - Larfleeze Christmas Special 001 (5332342461).jpg
validation,data/not_mooncake/validation/commons_commons_78710923.jpg,not_mooncake,public photo,data/raw/not_mooncake/commons_78710923.jpg,Muffins,,Willis Lam,CC BY-SA 2.0,https://creativecommons.org/licenses/by-sa/2.0,https://commons.wikimedia.org/wiki/File:Devil%27s_Teeth_Baking_Company_Donut_Muffin_(28024694964).jpg,17f3796fd4667b4115e485a3823a2fbf302f19404eeb14fe547b3c2a251d651f,31816,File:Devil's Teeth Baking Company Donut Muffin (28024694964).jpg
validation,data/not_mooncake/validation/commons_commons_63800305.jpg,not_mooncake,public photo,data/raw/not_mooncake/commons_63800305.jpg,Muffins,,Armin S Kowalski,CC BY-SA 2.0,https://creativecommons.org/licenses/by-sa/2.0,https://commons.wikimedia.org/wiki/File:Muffin_-_170321_(37219013952).jpg,7a83e7a97fa9ca6c26af39d82298355c8ebb0777dca283c4608589fb0561f15b,49095,File:Muffin - 170321 (37219013952).jpg
validation,data/not_mooncake/validation/commons_commons_24953166.jpg,not_mooncake,public photo,data/raw/not_mooncake/commons_24953166.jpg,Doughnuts,,"Jeremy Noble from St. Paul, United States",CC BY 2.0,https://creativecommons.org/licenses/by/2.0,https://commons.wikimedia.org/wiki/File:Donut_(47609116).jpg,09fc0a95d72780d7bf306a738093c1364a7ccd92ff3c2db56af9efb1a54579b8,18145,File:Donut (47609116).jpg
validation,data/not_mooncake/validation/commons_commons_73879276.jpg,not_mooncake,public photo,data/raw/not_mooncake/commons_73879276.jpg,Cupcakes,,J Doll,CC BY 3.0,https://creativecommons.org/licenses/by/3.0,https://commons.wikimedia.org/wiki/File:Caramel_Apple_Spice_Cupcakes_(140490113).jpeg,df72941fe3931b36e7006528b455f531d04702b7d57f4ce50724eb493636cd03,34632,File:Caramel Apple Spice Cupcakes (140490113).jpeg
validation,data/not_mooncake/validation/commons_commons_39736916.jpg,not_mooncake,public photo,data/raw/not_mooncake/commons_39736916.jpg,Cupcakes,,Rangan Datta Wiki,CC BY-SA 4.0,https://creativecommons.org/licenses/by-sa/4.0,https://commons.wikimedia.org/wiki/File:Cup_Cakes_and_Deasserts_from_Sugar_Me.jpg,1eaf8f8439a5b73b98f766d0b09eee6e27fcf54a7ee2ca2b276ff7512a2ab79c,19419,File:Cup Cakes and Deasserts from Sugar Me.jpg
validation,data/not_mooncake/validation/commons_commons_149661093.jpg,not_mooncake,public photo,data/raw/not_mooncake/commons_149661093.jpg,Doughnuts,,Ganesh Mohan T,CC BY-SA 4.0,https://creativecommons.org/licenses/by-sa/4.0,https://commons.wikimedia.org/wiki/File:Donut_on_a_stick.jpg,fa3b546b4ae6de6d2bc54eaf3cbd343a70771f71791ed7c4c62bd63288de2c34,33901,File:Donut on a stick.jpg
validation,data/not_mooncake/validation/commons_commons_9036287.jpg,not_mooncake,public photo,data/raw/not_mooncake/commons_9036287.jpg,Cupcakes,,JPCP,Public domain,,https://commons.wikimedia.org/wiki/File:ANA_BOLOS7.jpg,56cd6f20c404bf3df82f10e630c96f322002defb69138ea081699c9c96a8e7c4,26904,File:ANA BOLOS7.jpg
validation,data/not_mooncake/validation/commons_commons_87527859.jpg,not_mooncake,public photo,data/raw/not_mooncake/commons_87527859.jpg,Cookies,,Maja Dumat from Deutschland (Germany),CC BY 2.0,https://creativecommons.org/licenses/by/2.0,https://commons.wikimedia.org/wiki/File:Low_Carb_Cookies_(32595444008).jpg,694f00e51a626b37ec4eeff733ad8943a207ba2f718e7b52a6035cd7995f8805,22042,File:Low Carb Cookies (32595444008).jpg
validation,data/not_mooncake/validation/commons_commons_191175490.jpg,not_mooncake,public photo,data/raw/not_mooncake/commons_191175490.jpg,Cookies,,Brassluff,CC0,http://creativecommons.org/publicdomain/zero/1.0/deed.en,https://commons.wikimedia.org/wiki/File:Chocolate_Chip_Cookie_squashed_Together.jpg,0a4b221de2f459cd586d2e488b1da41694a00137c4569f8964c72ff39fc62f22,40594,File:Chocolate Chip Cookie squashed Together.jpg
validation,data/not_mooncake/validation/commons_commons_99102734.jpg,not_mooncake,public photo,data/raw/not_mooncake/commons_99102734.jpg,Doughnuts,,KKPCW,CC BY-SA 4.0,https://creativecommons.org/licenses/by-sa/4.0,https://commons.wikimedia.org/wiki/File:Pasta_Donuts.jpg,03f39069a8485aeff773e949e08b376e3977657635292f930ccc1250cd552c7b,37657,File:Pasta Donuts.jpg
validation,data/not_mooncake/validation/commons_commons_10882161.jpg,not_mooncake,public photo,data/raw/not_mooncake/commons_10882161.jpg,Muffins,,Infrogmation of New Orleans,CC BY-SA 3.0,https://creativecommons.org/licenses/by-sa/3.0,https://commons.wikimedia.org/wiki/File:Muffins_in_tins.JPG,f095f790bda2457eb43fb2c8724fac52e3995fc23ded355a4ca538225ce89c87,50305,File:Muffins in tins.JPG
validation,data/not_mooncake/validation/commons_commons_175244921.jpg,not_mooncake,public photo,data/raw/not_mooncake/commons_175244921.jpg,Dorayaki,,Syced,CC0,http://creativecommons.org/publicdomain/zero/1.0/deed.en,https://commons.wikimedia.org/wiki/File:An-dorayaki_roll.jpg,4925a3e5a4eed00c6bdcdada4737cdb8596a46b26d615f631ad1543616d0fc53,24664,File:An-dorayaki roll.jpg
validation,data/not_mooncake/validation/commons_commons_144513406.jpg,not_mooncake,public photo,data/raw/not_mooncake/commons_144513406.jpg,Cookies,,Gaurav Dhwaj Khadka,CC BY-SA 4.0,https://creativecommons.org/licenses/by-sa/4.0,https://commons.wikimedia.org/wiki/File:Hazelnut_Cookies.jpg,07c951c20871ef6f757ee97621c17f98a2a4a25cb5b8c65d6165da2b6ff1418a,29285,File:Hazelnut Cookies.jpg
validation,data/not_mooncake/validation/commons_commons_179214481.jpg,not_mooncake,public photo,data/raw/not_mooncake/commons_179214481.jpg,Doughnuts,,Sentimentalna,CC BY-SA 4.0,https://creativecommons.org/licenses/by-sa/4.0,https://commons.wikimedia.org/wiki/File:%D0%9A%D1%80%D0%BE%D1%84%D0%BD%D0%B8.jpg,6450b291641a2654ba5eb41d68206fa6f958ca3966ec3092c5b22d7d0658338f,34402,File:Крофни.jpg
validation,data/not_mooncake/validation/commons_commons_87512650.jpg,not_mooncake,public photo,data/raw/not_mooncake/commons_87512650.jpg,Muffins,,Theo Crazzolara,CC BY 2.0,https://creativecommons.org/licenses/by/2.0,https://commons.wikimedia.org/wiki/File:Muffin_(36897336316).jpg,183c7490d974f4989a389f68689b222f36389a17b7121e123202c19862ed164c,17925,File:Muffin (36897336316).jpg
validation,data/not_mooncake/validation/commons_commons_45294432.jpg,not_mooncake,public photo,data/raw/not_mooncake/commons_45294432.jpg,Muffins,,Roozitaa,CC BY-SA 4.0,https://creativecommons.org/licenses/by-sa/4.0,https://commons.wikimedia.org/wiki/File:Orange_Peel_Muffin.jpg,d44e2c008f4c4c1625caec5add916117755e7d47568280a947917fdc5461cdcd,23202,File:Orange Peel Muffin.jpg
validation,data/not_mooncake/validation/commons_commons_186996946.jpg,not_mooncake,public photo,data/raw/not_mooncake/commons_186996946.jpg,Cookies,,Shixart1985,CC BY 2.0,https://creativecommons.org/licenses/by/2.0,https://commons.wikimedia.org/wiki/File:Delicious_cream_puffs_and_chocolate_cakes_on_a_white_plate_in_a_dimly_lit_setting.jpg,68b75105f19f7320061b1eac3479ac2c9d3fc8f036a0f346823d6bdcc88f5a86,16419,File:Delicious cream puffs and chocolate cakes on a white plate in a dimly lit setting.jpg
validation,data/not_mooncake/validation/commons_commons_178588936.jpg,not_mooncake,public photo,data/raw/not_mooncake/commons_178588936.jpg,Doughnuts,,Sentimentalna,CC BY-SA 4.0,https://creativecommons.org/licenses/by-sa/4.0,https://commons.wikimedia.org/wiki/File:%D0%9E%D0%B2%D0%BE%D1%88%D0%BD%D0%B8_%D0%BA%D1%80%D0%BE%D1%84%D0%BD%D0%B8_%D1%81%D0%BE_%D0%B1%D0%B5%D0%BB%D0%BE_%D1%87%D0%BE%D0%BA%D0%BE%D0%BB%D0%B0%D0%B4%D0%BE.jpg,0f71dc569988a92545a45e5f744f13913623faa2d535a8d47a4e9a3132644321,32940,File:Овошни крофни со бело чоколадо.jpg
validation,data/not_mooncake/validation/commons_commons_192301982.jpg,not_mooncake,public photo,data/raw/not_mooncake/commons_192301982.jpg,Muffins,,Andy Li,CC0,http://creativecommons.org/publicdomain/zero/1.0/deed.en,"https://commons.wikimedia.org/wiki/File:Cappuccino_muffin_-_Fitzalan_Coffee_Shop,_Arundel_Castle_2026-05-14.jpg",1ab565949ea6f171b0fc162d29dea064f2c6de09bdf4a54660116ff46754ea45,26804,"File:Cappuccino muffin - Fitzalan Coffee Shop, Arundel Castle 2026-05-14.jpg"
validation,data/not_mooncake/validation/commons_commons_84717310.jpg,not_mooncake,public photo,data/raw/not_mooncake/commons_84717310.jpg,Cupcakes,,"Stephanie Clifford from Arlington, VA, USA",CC BY 2.0,https://creativecommons.org/licenses/by/2.0,https://commons.wikimedia.org/wiki/File:Coconut_Angel_Food_Cupcakes_(25619637844).jpg,d37db9b12bd3731a6929765d0f889b291228e1af5098aa76aba07f4144903c9a,24049,File:Coconut Angel Food Cupcakes (25619637844).jpg
validation,data/not_mooncake/validation/commons_commons_157115266.jpg,not_mooncake,public photo,data/raw/not_mooncake/commons_157115266.jpg,Doughnuts,,Fumikas Sagisavas,CC0,http://creativecommons.org/publicdomain/zero/1.0/deed.en,https://commons.wikimedia.org/wiki/File:Marketside_donuts.jpg,99f1df208447034868f38b570e5fead0378f6b5705156a4734c6c6f361c41b3a,21552,File:Marketside donuts.jpg
validation,data/not_mooncake/validation/commons_commons_150290891.jpg,not_mooncake,public photo,data/raw/not_mooncake/commons_150290891.jpg,Cookies,,NosirNurmuhammad,CC BY-SA 4.0,https://creativecommons.org/licenses/by-sa/4.0,"https://commons.wikimedia.org/wiki/File:3523.%D0%A1%D0%B0%D1%85%D0%B0%D1%80%D0%BD%D0%BE%D0%B5_%D0%BF%D0%B5%D1%87%D0%B5%D0%BD%D1%8C%D0%B5_%D1%81%D0%BE_%D0%B2%D0%BA%D1%83%D1%81%D0%BE%D0%BC_%D0%B0%D0%BF%D0%B5%D0%BB%D1%8C%D1%81%D0%B8%D0%BD%D0%B0_%C2%ABMini_orange_cookies%C2%BB_%D0%B2%D0%B5%D1%81.2,1%D0%BA%D0%B3_%D0%97%D0%B0%D1%80%D0%BA%D0%B0%D0%BD%D0%B4.jpg",999032dfdf53a5c5f26525c1d59fddd74710873e1cb59e82f68b8699d7a29182,17301,"File:3523.Сахарное печенье со вкусом апельсина «Mini orange cookies» вес.2,1кг Зарканд.jpg"
validation,data/not_mooncake/validation/commons_commons_45095839.jpg,not_mooncake,public photo,data/raw/not_mooncake/commons_45095839.jpg,Muffins,,Roozitaa,CC BY-SA 4.0,https://creativecommons.org/licenses/by-sa/4.0,https://commons.wikimedia.org/wiki/File:Vegetable_Muffin_(1).jpg,222c061e557a4ea0c2b5d85ea86db518aa8cc253f6bed43401fe8fdb0d22e278,24563,File:Vegetable Muffin (1).jpg
validation,data/not_mooncake/validation/commons_commons_80143487.jpg,not_mooncake,public photo,data/raw/not_mooncake/commons_80143487.jpg,Cupcakes,,Waggers,CC BY-SA 4.0,https://creativecommons.org/licenses/by-sa/4.0,https://commons.wikimedia.org/wiki/File:Fairy_cake.jpg,66c78f070507550a8eec30b7fee5bec11b7f3c78fff1c813a5af8233c782ec97,45846,File:Fairy cake.jpg
validation,data/not_mooncake/validation/commons_commons_184322617.jpg,not_mooncake,public photo,data/raw/not_mooncake/commons_184322617.jpg,Doughnuts,,NORTLAUKAU 26088 JP,CC0,http://creativecommons.org/publicdomain/zero/1.0/deed.en,https://commons.wikimedia.org/wiki/File:JP_%E6%B2%96%E7%B9%A9_Okinawa_%E9%82%A3%E9%9C%B8%E5%B8%82_Naha_City_mall_shop_Mister_Donut_baked_food_products_in_February_2026_N13P_01.jpg,9560cf75685f2990d54f1882ea6c17e30131a3b95899bd2b3f915766262bdebb,46032,File:JP 沖繩 Okinawa 那霸市 Naha City mall shop Mister Donut baked food products in February 2026 N13P 01.jpg
validation,data/not_mooncake/validation/commons_commons_23086323.jpg,not_mooncake,public photo,data/raw/not_mooncake/commons_23086323.jpg,Cookies,,"Jules Morgan from Montreal, Canada",CC BY 2.0,https://creativecommons.org/licenses/by/2.0,https://commons.wikimedia.org/wiki/File:Boba_Fett_(5312967789).jpg,63dff82beea35d43df10b5aa4de673c34895bee3ea64cbf33d3d1567d0be550b,51912,File:Boba Fett (5312967789).jpg
validation,data/not_mooncake/validation/commons_commons_177881779.jpg,not_mooncake,public photo,data/raw/not_mooncake/commons_177881779.jpg,Cookies,,Hari Adivarekar,CC BY 4.0,https://creativecommons.org/licenses/by/4.0,https://commons.wikimedia.org/wiki/File:032WCNA25_HariA_DSCF2046.jpg,ed8417bb736cceded1fb6ebe8e2791d40eefa315028e1cad6a2b0c3c12773999,48433,File:032WCNA25 HariA DSCF2046.jpg
validation,data/not_mooncake/validation/commons_commons_197215845.jpg,not_mooncake,public photo,data/raw/not_mooncake/commons_197215845.jpg,Doughnuts,,Shixart1985,CC BY 2.0,https://creativecommons.org/licenses/by/2.0,https://commons.wikimedia.org/wiki/File:A_person_holds_a_donut_topped_with_chocolate.jpg,d66e26b274cda5596bb72cfd373790c15ffe50585390db8762b786a5fb013cd0,27651,File:A person holds a donut topped with chocolate.jpg
validation,data/not_mooncake/validation/commons_commons_89958697.jpg,not_mooncake,public photo,data/raw/not_mooncake/commons_89958697.jpg,Cookies,,Katrin Gilger,CC BY-SA 2.0,https://creativecommons.org/licenses/by-sa/2.0,https://commons.wikimedia.org/wiki/File:Cookies_(4122547995).jpg,278e45a26e37da01f3f208d9d6267d552ab2e0aaa7e277afe289e6f2f815269d,27902,File:Cookies (4122547995).jpg
validation,data/not_mooncake/validation/commons_commons_152078279.jpg,not_mooncake,public photo,data/raw/not_mooncake/commons_152078279.jpg,Pineapple cakes,,褒忠國中 雲端網,CC BY 2.0,https://creativecommons.org/licenses/by/2.0,https://commons.wikimedia.org/wiki/File:Pineapple_cakes_made_by_students_of_Baozhong_Junior_High_School_at_the_culinary_class_20121130.jpg,277b090745c4142245eb4ed94fd607bdf8fad113b6bc6db773b50de646ef3f36,24875,File:Pineapple cakes made by students of Baozhong Junior High School at the culinary class 20121130.jpg
validation,data/not_mooncake/validation/commons_commons_67193213.jpg,not_mooncake,public photo,data/raw/not_mooncake/commons_67193213.jpg,Cupcakes,,Koffermejia,CC BY-SA 4.0,https://creativecommons.org/licenses/by-sa/4.0,https://commons.wikimedia.org/wiki/File:Cupcakes_Drupalcamp.jpg,28091e02494ed83bca76ce58bd18f2e82dd79fa8f37cf2ab1a70d45437b33d58,34175,File:Cupcakes Drupalcamp.jpg
validation,data/not_mooncake/validation/commons_commons_84717313.jpg,not_mooncake,public photo,data/raw/not_mooncake/commons_84717313.jpg,Cupcakes,,"Stephanie Clifford from Arlington, VA, USA",CC BY 2.0,https://creativecommons.org/licenses/by/2.0,https://commons.wikimedia.org/wiki/File:Coconut_Angel_Food_Cupcakes_(26158096591).jpg,874da4f6b21d2fab083738e1ce3d479ee70c9abf56adbc1591a3ec633355adde,26276,File:Coconut Angel Food Cupcakes (26158096591).jpg
validation,data/not_mooncake/validation/commons_commons_133434143.jpg,not_mooncake,public photo,data/raw/not_mooncake/commons_133434143.jpg,Doughnuts,,Lim Natee,CC BY-SA 4.0,https://creativecommons.org/licenses/by-sa/4.0,https://commons.wikimedia.org/wiki/File:Donut_yang_Sudah_di_makan.jpg,9c3cb7d9779bfdf705a1fd5897e653d55284fec7a6e4722156fff6591f0f29b7,21113,File:Donut yang Sudah di makan.jpg
validation,data/not_mooncake/validation/commons_commons_30097133.jpg,not_mooncake,public photo,data/raw/not_mooncake/commons_30097133.jpg,Muffins,,Diego Delso,CC BY-SA 3.0,https://creativecommons.org/licenses/by-sa/3.0,"https://commons.wikimedia.org/wiki/File:Muffin,_Ciudad_Ho_Chi_Minh,_Vietnam,_2013-08-14,_DD_01.JPG",e7fa7bd3f6fec2d66db6873bf1a1ca84f0173508a119f715d5e3947e8f9416c3,34319,"File:Muffin, Ciudad Ho Chi Minh, Vietnam, 2013-08-14, DD 01.JPG"
validation,data/not_mooncake/validation/commons_commons_122409500.jpg,not_mooncake,public photo,data/raw/not_mooncake/commons_122409500.jpg,Pineapple cakes,,Khả Vân Đại Hãn,CC BY-SA 4.0,https://creativecommons.org/licenses/by-sa/4.0,https://commons.wikimedia.org/wiki/File:Vietnam_Pineapple_cake.jpg,34a0fc55c4e63f457730d5bb90b000a5cda91541469e9854fa13d792ff9f228c,48542,File:Vietnam Pineapple cake.jpg
validation,data/not_mooncake/validation/commons_commons_36300000.jpg,not_mooncake,public photo,data/raw/not_mooncake/commons_36300000.jpg,Doughnuts,,,CC BY 4.0,https://creativecommons.org/licenses/by/4.0,https://commons.wikimedia.org/wiki/File:Recipes_for_Do_Nuts_and_Elder_Wine_Wellcome_L0074538.jpg,f3b32bb185be71547fed2a6ed68488ee64413d1c7ae770497ff22518551dbb4a,36126,File:Recipes for Do Nuts and Elder Wine Wellcome L0074538.jpg
validation,data/not_mooncake/validation/commons_commons_18544741.jpg,not_mooncake,public photo,data/raw/not_mooncake/commons_18544741.jpg,Muffins,,WellamLAU,CC BY-SA 3.0,https://creativecommons.org/licenses/by-sa/3.0,https://commons.wikimedia.org/wiki/File:HK_Kennedy_Town_%E5%AF%B6%E7%BF%A0%E5%9C%92_Belcher%27s_%E8%A5%BF%E5%AF%B6%E5%9F%8E_Westwood_mall_Panash_Bakery_%26_Cafe_Feb-2012_cakes_002.jpg,e913db584bc2069d507d23a7a21001706eeeba2c1c9d1793556518962f5bbfba,46521,File:HK Kennedy Town 寶翠園 Belcher's 西寶城 Westwood mall Panash Bakery & Cafe Feb-2012 cakes 002.jpg
validation,data/not_mooncake/validation/commons_commons_76495695.jpg,not_mooncake,public photo,data/raw/not_mooncake/commons_76495695.jpg,Cookies,,SylowX,CC BY-SA 4.0,https://creativecommons.org/licenses/by-sa/4.0,https://commons.wikimedia.org/wiki/File:Cocolate_mexicano.jpg,ac9fa67dbe2c22e0cb12983daf0f17d049605a4f0c5aa5f4d2084b3de1be90a1,23697,File:Cocolate mexicano.jpg
validation,data/not_mooncake/validation/commons_commons_55901490.jpg,not_mooncake,public photo,data/raw/not_mooncake/commons_55901490.jpg,Cupcakes,,F_A,CC BY 2.0,https://creativecommons.org/licenses/by/2.0,"https://commons.wikimedia.org/wiki/File:Dough_preparation,_2010.jpg",fea54c5044586ef4fb42353d97b06713750a239d9ea6a56642236cc3ebb845af,37062,"File:Dough preparation, 2010.jpg"
validation,data/not_mooncake/validation/commons_commons_6727791.jpg,not_mooncake,public photo,data/raw/not_mooncake/commons_6727791.jpg,Cookies,,"Mischiefmari, see http://www.mischiefmaricookies.com/",CC BY-SA 2.0,https://creativecommons.org/licenses/by-sa/2.0,https://commons.wikimedia.org/wiki/File:AustenTeapotCookies.jpg,bf7aac743dac06c673285c8eb5a74541dde37e6928ef23b0c51e29934005c9aa,27498,File:AustenTeapotCookies.jpg
validation,data/not_mooncake/validation/commons_commons_132829434.jpg,not_mooncake,public photo,data/raw/not_mooncake/commons_132829434.jpg,Doughnuts,,Ivan Popov,CC BY-SA 4.0,https://creativecommons.org/licenses/by-sa/4.0,https://commons.wikimedia.org/wiki/File:Donut_Selection.jpg,f4f99cc89e8fd3bbff078f083a4648f91509c2a64b1e6cb19285e56884a34e78,39034,File:Donut Selection.jpg
validation,data/not_mooncake/validation/commons_commons_195564525.jpg,not_mooncake,public photo,data/raw/not_mooncake/commons_195564525.jpg,Cupcakes,,SarKaLay,CC0,http://creativecommons.org/publicdomain/zero/1.0/deed.en,https://commons.wikimedia.org/wiki/File:Butter_Cakes.jpg,0237843859f23f79354391aa31ccab3645828fa1d97a4fd0604bca818c4c1d6f,29078,File:Butter Cakes.jpg
validation,data/not_mooncake/validation/commons_commons_20256582.jpg,not_mooncake,public photo,data/raw/not_mooncake/commons_20256582.jpg,Muffins,,Ralf Roletschek (talk) - Infos über Fahrräder auf fahrradmonteur.de Wikis in der Ausbildung,CC BY-SA 3.0,https://creativecommons.org/licenses/by-sa/3.0,https://commons.wikimedia.org/wiki/File:12-07-14-wikimania-wdc-by-RalfR-27.jpg,6c50b857560bbb83e36b25f897deb99aaf138a48f7473d813f4f06a30f7806ab,40822,File:12-07-14-wikimania-wdc-by-RalfR-27.jpg
validation,data/not_mooncake/validation/commons_commons_78025443.jpg,not_mooncake,public photo,data/raw/not_mooncake/commons_78025443.jpg,Muffins,,George E. Koronaios,CC BY-SA 4.0,https://creativecommons.org/licenses/by-sa/4.0,https://commons.wikimedia.org/wiki/File:Strawberry_muffins_at_Athenaikos_Fencing_Club.jpg,90329fb60fad07fd2a1258d1923fb2f59aec9734c1f9318ac2b83ba6be2aea4f,27642,File:Strawberry muffins at Athenaikos Fencing Club.jpg
validation,data/not_mooncake/validation/commons_commons_99356210.jpg,not_mooncake,public photo,data/raw/not_mooncake/commons_99356210.jpg,Egg tarts,,Peachyeung316,CC BY-SA 4.0,https://creativecommons.org/licenses/by-sa/4.0,https://commons.wikimedia.org/wiki/File:A_cup_of_Ovaltine_a_piece_of_egg_tart_and_coconut_tart.jpg,59c69185f3ca97b49e2c05140ed9856dd48cd826b29dc6bea7170dc110b27a51,30464,File:A cup of Ovaltine a piece of egg tart and coconut tart.jpg
