file,kind,source_file,generation_model,prompt,background_source,source_page,creator,license
data/mooncake/ai_0001.jpg,AI composite,generated_mooncake_0001.png,gpt-image-2,"a single traditional Chinese mooncake on a ceramic plate, realistic smartphone food photo, warm indoor light, simple table background, no text, no logo, no packaging",procedural-noise,,,
data/mooncake/ai_0002.jpg,AI composite,generated_mooncake_0002.png,gpt-image-2,"a single Cantonese mooncake with a stamped golden-brown crust, realistic casual home photo, slightly imperfect focus, natural window light, no text, no logo",procedural-color-shapes,,,
data/mooncake/ai_0003.jpg,AI composite,generated_mooncake_0003.png,gpt-image-2,"a single snow-skin mooncake on a small plate, realistic food photo, mild background clutter, natural colors, no text, no logo, no packaging",commons_156822449.jpg,https://commons.wikimedia.org/wiki/File:2024_Pride_Reception_at_U.S._Embassy_Sweden_-_4A0A5782_(53968422745).jpg,US Embassy Sweden,CC BY 2.0
data/mooncake/ai_0004.jpg,AI composite,generated_mooncake_0004.png,gpt-image-2,"a single mooncake photographed from a slightly tilted angle, ordinary kitchen lighting, realistic phone-camera look, mild motion blur, no text, no logo",procedural-noise,,,
data/mooncake/ai_0005.jpg,AI composite,generated_mooncake_0005.png,gpt-image-2,"a single mooncake partly beside a cup of tea, realistic dining-table photo, soft shadows, recognizable shape, no text, no logo, no packaging",procedural-color-shapes,,,
data/mooncake/ai_0006.jpg,AI composite,generated_mooncake_0006.png,gpt-image-2,"a close but ordinary photo of one mooncake with a traditional pattern, slightly uneven lighting and focus, realistic food photography, no text, no logo",commons_118048.jpg,https://commons.wikimedia.org/wiki/File:Doughnuts.jpg,No machine-readable author provided. Pacian~commonswiki assumed (based on copyright claims).,CC BY-SA 3.0
data/mooncake/ai_0007.jpg,AI composite,generated_mooncake_0007.png,gpt-image-2,"one mooncake on a white plate photographed from a little farther away, realistic indoor photo, neutral background, clear enough to recognize, no text, no logo",procedural-noise,,,
data/mooncake/ai_0008.jpg,AI composite,generated_mooncake_0008.png,gpt-image-2,"one mooncake with a different filling style and stamped pattern, realistic casual food photo, warm light, no people, no text, no logo, no packaging",procedural-color-shapes,,,
data/mooncake/ai_0009.jpg,AI composite,generated_mooncake_0009.png,gpt-image-2,"a single colorful snow-skin mooncake, realistic phone photo, simple tabletop, mild shadows and imperfect composition, no text, no logo",commons_153714863.jpg,https://commons.wikimedia.org/wiki/File:Donatee.jpg,Toshtemirova Mushtariy,CC0
data/mooncake/ai_0010.jpg,AI composite,generated_mooncake_0010.png,gpt-image-2,"a single mooncake cut slightly open to show filling, realistic food photo, natural indoor light, no text, no logo, no packaging",procedural-noise,,,
data/mooncake/ai_0011.jpg,AI composite,generated_mooncake_0011.png,gpt-image-2,"a single mini mooncake on a plate, realistic home photo, slightly soft focus but clearly recognizable, no text, no logo",procedural-color-shapes,,,
data/mooncake/ai_0012.jpg,AI composite,generated_mooncake_0012.png,gpt-image-2,"a single mooncake photographed in a bakery-like setting without readable signs, realistic casual photo, no text, no logo, no packaging",commons_15548590.jpg,https://commons.wikimedia.org/wiki/File:Taube_mit_Muffin.jpg,Elke Wetzig (Elya),CC BY-SA 3.0
data/mooncake/ai_0013.jpg,AI composite,generated_mooncake_0013.png,gpt-image-2,"a single traditional Chinese mooncake on a ceramic plate, realistic smartphone food photo, warm indoor light, simple table background, no text, no logo, no packaging",procedural-noise,,,
data/mooncake/ai_0014.jpg,AI composite,generated_mooncake_0014.png,gpt-image-2,"a single Cantonese mooncake with a stamped golden-brown crust, realistic casual home photo, slightly imperfect focus, natural window light, no text, no logo",procedural-color-shapes,,,
data/mooncake/ai_0015.jpg,AI composite,generated_mooncake_0015.png,gpt-image-2,"a single snow-skin mooncake on a small plate, realistic food photo, mild background clutter, natural colors, no text, no logo, no packaging",commons_167297665.jpg,https://commons.wikimedia.org/wiki/File:Beignes_-_2025-04-29.jpg,Jeangagnon,CC BY-SA 4.0
data/mooncake/ai_0016.jpg,AI composite,generated_mooncake_0016.png,gpt-image-2,"a single mooncake photographed from a slightly tilted angle, ordinary kitchen lighting, realistic phone-camera look, mild motion blur, no text, no logo",procedural-noise,,,
data/mooncake/ai_0017.jpg,AI composite,generated_mooncake_0017.png,gpt-image-2,"a single mooncake partly beside a cup of tea, realistic dining-table photo, soft shadows, recognizable shape, no text, no logo, no packaging",procedural-color-shapes,,,
data/mooncake/ai_0018.jpg,AI composite,generated_mooncake_0018.png,gpt-image-2,"a close but ordinary photo of one mooncake with a traditional pattern, slightly uneven lighting and focus, realistic food photography, no text, no logo",commons_189436543.jpg,https://commons.wikimedia.org/wiki/File:Colorful_cupcakes_with_blue_frosting_are_beautifully_arranged_on_a_table_adorned_with_white_and_light_blue_decorations.jpg,Shixart1985,CC BY 2.0
data/mooncake/ai_0019.jpg,AI composite,generated_mooncake_0019.png,gpt-image-2,"one mooncake on a white plate photographed from a little farther away, realistic indoor photo, neutral background, clear enough to recognize, no text, no logo",procedural-noise,,,
data/mooncake/ai_0020.jpg,AI composite,generated_mooncake_0020.png,gpt-image-2,"one mooncake with a different filling style and stamped pattern, realistic casual food photo, warm light, no people, no text, no logo, no packaging",procedural-color-shapes,,,
data/mooncake/ai_0021.jpg,AI composite,generated_mooncake_0021.png,gpt-image-2,"a single colorful snow-skin mooncake, realistic phone photo, simple tabletop, mild shadows and imperfect composition, no text, no logo",commons_10312729.jpg,https://commons.wikimedia.org/wiki/File:EXTERMINATE!_explored.jpg,alicia rae,CC BY-SA 2.0
data/mooncake/ai_0022.jpg,AI composite,generated_mooncake_0022.png,gpt-image-2,"a single mooncake cut slightly open to show filling, realistic food photo, natural indoor light, no text, no logo, no packaging",procedural-noise,,,
data/mooncake/ai_0023.jpg,AI composite,generated_mooncake_0023.png,gpt-image-2,"a single mini mooncake on a plate, realistic home photo, slightly soft focus but clearly recognizable, no text, no logo",procedural-color-shapes,,,
data/mooncake/ai_0024.jpg,AI composite,generated_mooncake_0024.png,gpt-image-2,"a single mooncake photographed in a bakery-like setting without readable signs, realistic casual photo, no text, no logo, no packaging",commons_141518895.jpg,https://commons.wikimedia.org/wiki/File:Cookies_with_Cranberry.jpg,Bajinra,CC0
data/mooncake/ai_0025.jpg,AI composite,generated_mooncake_0025.png,gpt-image-2,"a single traditional Chinese mooncake on a ceramic plate, realistic smartphone food photo, warm indoor light, simple table background, no text, no logo, no packaging",procedural-noise,,,
data/mooncake/ai_0026.jpg,AI composite,generated_mooncake_0026.png,gpt-image-2,"a single Cantonese mooncake with a stamped golden-brown crust, realistic casual home photo, slightly imperfect focus, natural window light, no text, no logo",procedural-color-shapes,,,
data/mooncake/ai_0027.jpg,AI composite,generated_mooncake_0027.png,gpt-image-2,"a single snow-skin mooncake on a small plate, realistic food photo, mild background clutter, natural colors, no text, no logo, no packaging",commons_178823646.jpg,https://commons.wikimedia.org/wiki/File:%D0%9A%D1%80%D0%BE%D1%84%D0%BD%D0%B8_%D1%81%D0%BE_%D0%BA%D0%B0%D1%98%D1%81%D0%B8%D1%98%D0%B0.jpg,Тиверополник,CC BY-SA 4.0
data/mooncake/ai_0028.jpg,AI composite,generated_mooncake_0028.png,gpt-image-2,"a single mooncake photographed from a slightly tilted angle, ordinary kitchen lighting, realistic phone-camera look, mild motion blur, no text, no logo",procedural-noise,,,
data/mooncake/ai_0029.jpg,AI composite,generated_mooncake_0029.png,gpt-image-2,"a single mooncake partly beside a cup of tea, realistic dining-table photo, soft shadows, recognizable shape, no text, no logo, no packaging",procedural-color-shapes,,,
data/mooncake/ai_0030.jpg,AI composite,generated_mooncake_0030.png,gpt-image-2,"a close but ordinary photo of one mooncake with a traditional pattern, slightly uneven lighting and focus, realistic food photography, no text, no logo",commons_19103517.jpg,https://commons.wikimedia.org/wiki/File:Cupcakes_-_babeczki_(3).JPG,Alina Zienowicz (Ala_z),CC BY 3.0
data/mooncake/ai_0031.jpg,AI composite,generated_mooncake_0031.png,gpt-image-2,"one mooncake on a white plate photographed from a little farther away, realistic indoor photo, neutral background, clear enough to recognize, no text, no logo",procedural-noise,,,
data/mooncake/ai_0032.jpg,AI composite,generated_mooncake_0032.png,gpt-image-2,"one mooncake with a different filling style and stamped pattern, realistic casual food photo, warm light, no people, no text, no logo, no packaging",procedural-color-shapes,,,
data/mooncake/ai_0033.jpg,AI composite,generated_mooncake_0033.png,gpt-image-2,"a single colorful snow-skin mooncake, realistic phone photo, simple tabletop, mild shadows and imperfect composition, no text, no logo",commons_181384496.jpg,"https://commons.wikimedia.org/wiki/File:2026-01-06_22_09_48_Molasses_cookie_in_Westampton_Township,_Burlington_County,_New_Jersey.jpg",Famartin,CC BY-SA 4.0
data/mooncake/ai_0034.jpg,AI composite,generated_mooncake_0034.png,gpt-image-2,"a single mooncake cut slightly open to show filling, realistic food photo, natural indoor light, no text, no logo, no packaging",procedural-noise,,,
data/mooncake/ai_0035.jpg,AI composite,generated_mooncake_0035.png,gpt-image-2,"a single mini mooncake on a plate, realistic home photo, slightly soft focus but clearly recognizable, no text, no logo",procedural-color-shapes,,,
data/mooncake/ai_0036.jpg,AI composite,generated_mooncake_0036.png,gpt-image-2,"a single mooncake photographed in a bakery-like setting without readable signs, realistic casual photo, no text, no logo, no packaging",commons_181384495.jpg,"https://commons.wikimedia.org/wiki/File:2026-01-06_22_09_06_Molasses_cookies_in_Westampton_Township,_Burlington_County,_New_Jersey.jpg",Famartin,CC BY-SA 4.0
data/mooncake/ai_0037.jpg,AI composite,generated_mooncake_0037.png,gpt-image-2,"a single traditional Chinese mooncake on a ceramic plate, realistic smartphone food photo, warm indoor light, simple table background, no text, no logo, no packaging",procedural-noise,,,
data/mooncake/ai_0038.jpg,AI composite,generated_mooncake_0038.png,gpt-image-2,"a single Cantonese mooncake with a stamped golden-brown crust, realistic casual home photo, slightly imperfect focus, natural window light, no text, no logo",procedural-color-shapes,,,
data/mooncake/ai_0039.jpg,AI composite,generated_mooncake_0039.png,gpt-image-2,"a single snow-skin mooncake on a small plate, realistic food photo, mild background clutter, natural colors, no text, no logo, no packaging",commons_73879297.jpg,https://commons.wikimedia.org/wiki/File:Not_Tella_(140490677).jpeg,J Doll,CC BY 3.0
data/mooncake/ai_0040.jpg,AI composite,generated_mooncake_0040.png,gpt-image-2,"a single mooncake photographed from a slightly tilted angle, ordinary kitchen lighting, realistic phone-camera look, mild motion blur, no text, no logo",procedural-noise,,,
data/mooncake/ai_0041.jpg,AI composite,generated_mooncake_0041.png,gpt-image-2,"a single mooncake partly beside a cup of tea, realistic dining-table photo, soft shadows, recognizable shape, no text, no logo, no packaging",procedural-color-shapes,,,
data/mooncake/ai_0042.jpg,AI composite,generated_mooncake_0042.png,gpt-image-2,"a close but ordinary photo of one mooncake with a traditional pattern, slightly uneven lighting and focus, realistic food photography, no text, no logo",commons_84717268.jpg,https://commons.wikimedia.org/wiki/File:Chambord_Raspberry_Cupcakes_(26131942052).jpg,"Stephanie Clifford from Arlington, VA, USA",CC BY 2.0
data/mooncake/ai_0043.jpg,AI composite,generated_mooncake_0043.png,gpt-image-2,"one mooncake on a white plate photographed from a little farther away, realistic indoor photo, neutral background, clear enough to recognize, no text, no logo",procedural-noise,,,
data/mooncake/ai_0044.jpg,AI composite,generated_mooncake_0044.png,gpt-image-2,"one mooncake with a different filling style and stamped pattern, realistic casual food photo, warm light, no people, no text, no logo, no packaging",procedural-color-shapes,,,
data/mooncake/ai_0045.jpg,AI composite,generated_mooncake_0045.png,gpt-image-2,"a single colorful snow-skin mooncake, realistic phone photo, simple tabletop, mild shadows and imperfect composition, no text, no logo",commons_196834580.jpg,https://commons.wikimedia.org/wiki/File:A_hand_reaches_for_two_delightful_donuts.jpg,Shixart1985,CC BY 2.0
data/mooncake/ai_0046.jpg,AI composite,generated_mooncake_0046.png,gpt-image-2,"a single mooncake cut slightly open to show filling, realistic food photo, natural indoor light, no text, no logo, no packaging",procedural-noise,,,
data/mooncake/ai_0047.jpg,AI composite,generated_mooncake_0047.png,gpt-image-2,"a single mini mooncake on a plate, realistic home photo, slightly soft focus but clearly recognizable, no text, no logo",procedural-color-shapes,,,
data/mooncake/ai_0048.jpg,AI composite,generated_mooncake_0048.png,gpt-image-2,"a single mooncake photographed in a bakery-like setting without readable signs, realistic casual photo, no text, no logo, no packaging",commons_60583515.jpg,https://commons.wikimedia.org/wiki/File:K2_cookie.jpg,Sundevilkat,CC BY-SA 4.0
data/mooncake/ai_0049.jpg,AI composite,generated_mooncake_0049.png,gpt-image-2,"a single traditional Chinese mooncake on a ceramic plate, realistic smartphone food photo, warm indoor light, simple table background, no text, no logo, no packaging",procedural-noise,,,
data/mooncake/ai_0050.jpg,AI composite,generated_mooncake_0050.png,gpt-image-2,"a single Cantonese mooncake with a stamped golden-brown crust, realistic casual home photo, slightly imperfect focus, natural window light, no text, no logo",procedural-color-shapes,,,
data/mooncake/ai_0051.jpg,AI composite,generated_mooncake_0051.png,gpt-image-2,"a single snow-skin mooncake on a small plate, realistic food photo, mild background clutter, natural colors, no text, no logo, no packaging",commons_115017107.jpg,https://commons.wikimedia.org/wiki/File:Orange_Cookies.jpg,Emarline,CC BY 2.0
data/mooncake/ai_0052.jpg,AI composite,generated_mooncake_0052.png,gpt-image-2,"a single mooncake photographed from a slightly tilted angle, ordinary kitchen lighting, realistic phone-camera look, mild motion blur, no text, no logo",procedural-noise,,,
data/mooncake/ai_0053.jpg,AI composite,generated_mooncake_0053.png,gpt-image-2,"a single mooncake partly beside a cup of tea, realistic dining-table photo, soft shadows, recognizable shape, no text, no logo, no packaging",procedural-color-shapes,,,
data/mooncake/ai_0054.jpg,AI composite,generated_mooncake_0054.png,gpt-image-2,"a close but ordinary photo of one mooncake with a traditional pattern, slightly uneven lighting and focus, realistic food photography, no text, no logo",commons_109450247.jpg,https://commons.wikimedia.org/wiki/File:Cupcakes_(2400071084).jpg,"Mack Male from Edmonton, AB, Canada",CC BY-SA 2.0
data/mooncake/ai_0055.jpg,AI composite,generated_mooncake_0055.png,gpt-image-2,"one mooncake on a white plate photographed from a little farther away, realistic indoor photo, neutral background, clear enough to recognize, no text, no logo",procedural-noise,,,
data/mooncake/ai_0056.jpg,AI composite,generated_mooncake_0056.png,gpt-image-2,"one mooncake with a different filling style and stamped pattern, realistic casual food photo, warm light, no people, no text, no logo, no packaging",procedural-color-shapes,,,
data/mooncake/ai_0057.jpg,AI composite,generated_mooncake_0057.png,gpt-image-2,"a single colorful snow-skin mooncake, realistic phone photo, simple tabletop, mild shadows and imperfect composition, no text, no logo",commons_38939497.jpg,https://commons.wikimedia.org/wiki/File:Cupcakes_decorados..jpg,Joanai64,CC BY-SA 4.0
data/mooncake/ai_0058.jpg,AI composite,generated_mooncake_0058.png,gpt-image-2,"a single mooncake cut slightly open to show filling, realistic food photo, natural indoor light, no text, no logo, no packaging",procedural-noise,,,
data/mooncake/ai_0059.jpg,AI composite,generated_mooncake_0059.png,gpt-image-2,"a single mini mooncake on a plate, realistic home photo, slightly soft focus but clearly recognizable, no text, no logo",procedural-color-shapes,,,
data/mooncake/ai_0060.jpg,AI composite,generated_mooncake_0060.png,gpt-image-2,"a single mooncake photographed in a bakery-like setting without readable signs, realistic casual photo, no text, no logo, no packaging",commons_109570426.jpg,https://commons.wikimedia.org/wiki/File:Cupcakes_Cooling_(450370732).jpg,"Mack Male from Edmonton, AB, Canada",CC BY-SA 2.0
data/mooncake/ai_0061.jpg,AI composite,generated_mooncake_0061.png,gpt-image-2,"a single traditional Chinese mooncake on a ceramic plate, realistic smartphone food photo, warm indoor light, simple table background, no text, no logo, no packaging",procedural-noise,,,
data/mooncake/ai_0062.jpg,AI composite,generated_mooncake_0062.png,gpt-image-2,"a single Cantonese mooncake with a stamped golden-brown crust, realistic casual home photo, slightly imperfect focus, natural window light, no text, no logo",procedural-color-shapes,,,
data/mooncake/ai_0063.jpg,AI composite,generated_mooncake_0063.png,gpt-image-2,"a single snow-skin mooncake on a small plate, realistic food photo, mild background clutter, natural colors, no text, no logo, no packaging",commons_89957848.jpg,https://commons.wikimedia.org/wiki/File:Cookies_(5227598672).jpg,Katrin Gilger,CC BY-SA 2.0
data/mooncake/ai_0064.jpg,AI composite,generated_mooncake_0064.png,gpt-image-2,"a single mooncake photographed from a slightly tilted angle, ordinary kitchen lighting, realistic phone-camera look, mild motion blur, no text, no logo",procedural-noise,,,
data/mooncake/ai_0065.jpg,AI composite,generated_mooncake_0065.png,gpt-image-2,"a single mooncake partly beside a cup of tea, realistic dining-table photo, soft shadows, recognizable shape, no text, no logo, no packaging",procedural-color-shapes,,,
data/mooncake/ai_0066.jpg,AI composite,generated_mooncake_0066.png,gpt-image-2,"a close but ordinary photo of one mooncake with a traditional pattern, slightly uneven lighting and focus, realistic food photography, no text, no logo",commons_99920911.jpg,https://commons.wikimedia.org/wiki/File:Donut_Phone.jpg,Doggo19292,Public domain
data/mooncake/ai_0067.jpg,AI composite,generated_mooncake_0067.png,gpt-image-2,"one mooncake on a white plate photographed from a little farther away, realistic indoor photo, neutral background, clear enough to recognize, no text, no logo",procedural-noise,,,
data/mooncake/ai_0068.jpg,AI composite,generated_mooncake_0068.png,gpt-image-2,"one mooncake with a different filling style and stamped pattern, realistic casual food photo, warm light, no people, no text, no logo, no packaging",procedural-color-shapes,,,
data/mooncake/ai_0069.jpg,AI composite,generated_mooncake_0069.png,gpt-image-2,"a single colorful snow-skin mooncake, realistic phone photo, simple tabletop, mild shadows and imperfect composition, no text, no logo",commons_167372183.jpg,https://commons.wikimedia.org/wiki/File:5-25-2025_Earl_grey_cookies_with_extra_orange_rind_-_005.jpg,Wheeler Cowperthwaite,CC BY 2.0
data/mooncake/ai_0070.jpg,AI composite,generated_mooncake_0070.png,gpt-image-2,"a single mooncake cut slightly open to show filling, realistic food photo, natural indoor light, no text, no logo, no packaging",procedural-noise,,,
data/mooncake/ai_0071.jpg,AI composite,generated_mooncake_0071.png,gpt-image-2,"a single mini mooncake on a plate, realistic home photo, slightly soft focus but clearly recognizable, no text, no logo",procedural-color-shapes,,,
data/mooncake/ai_0072.jpg,AI composite,generated_mooncake_0072.png,gpt-image-2,"a single mooncake photographed in a bakery-like setting without readable signs, realistic casual photo, no text, no logo, no packaging",commons_103534589.jpg,https://commons.wikimedia.org/wiki/File:Blackberry_and_peach_muffins_(3590284134).jpg,Karen and Brad Emerson,CC BY 2.0
data/mooncake/ai_0073.jpg,AI composite,generated_mooncake_0073.png,gpt-image-2,"a single traditional Chinese mooncake on a ceramic plate, realistic smartphone food photo, warm indoor light, simple table background, no text, no logo, no packaging",procedural-noise,,,
data/mooncake/ai_0074.jpg,AI composite,generated_mooncake_0074.png,gpt-image-2,"a single Cantonese mooncake with a stamped golden-brown crust, realistic casual home photo, slightly imperfect focus, natural window light, no text, no logo",procedural-color-shapes,,,
data/mooncake/ai_0075.jpg,AI composite,generated_mooncake_0075.png,gpt-image-2,"a single snow-skin mooncake on a small plate, realistic food photo, mild background clutter, natural colors, no text, no logo, no packaging",commons_119894347.jpg,https://commons.wikimedia.org/wiki/File:DrPaulineNeveu01_Cookie.png,Drpaulineneveu,CC BY-SA 4.0
data/mooncake/ai_0076.jpg,AI composite,generated_mooncake_0076.png,gpt-image-2,"a single mooncake photographed from a slightly tilted angle, ordinary kitchen lighting, realistic phone-camera look, mild motion blur, no text, no logo",procedural-noise,,,
data/mooncake/ai_0077.jpg,AI composite,generated_mooncake_0077.png,gpt-image-2,"a single mooncake partly beside a cup of tea, realistic dining-table photo, soft shadows, recognizable shape, no text, no logo, no packaging",procedural-color-shapes,,,
data/mooncake/ai_0078.jpg,AI composite,generated_mooncake_0078.png,gpt-image-2,"a close but ordinary photo of one mooncake with a traditional pattern, slightly uneven lighting and focus, realistic food photography, no text, no logo",commons_141518895.jpg,https://commons.wikimedia.org/wiki/File:Cookies_with_Cranberry.jpg,Bajinra,CC0
data/mooncake/ai_0079.jpg,AI composite,generated_mooncake_0079.png,gpt-image-2,"one mooncake on a white plate photographed from a little farther away, realistic indoor photo, neutral background, clear enough to recognize, no text, no logo",procedural-noise,,,
data/mooncake/ai_0080.jpg,AI composite,generated_mooncake_0080.png,gpt-image-2,"one mooncake with a different filling style and stamped pattern, realistic casual food photo, warm light, no people, no text, no logo, no packaging",procedural-color-shapes,,,
data/mooncake/ai_0081.jpg,AI composite,generated_mooncake_0081.png,gpt-image-2,"a single colorful snow-skin mooncake, realistic phone photo, simple tabletop, mild shadows and imperfect composition, no text, no logo",commons_194552176.jpg,https://commons.wikimedia.org/wiki/File:Dunkin%27_Brickell_(55354997818).jpg,Phillip Pessar,CC BY 4.0
data/mooncake/ai_0082.jpg,AI composite,generated_mooncake_0082.png,gpt-image-2,"a single mooncake cut slightly open to show filling, realistic food photo, natural indoor light, no text, no logo, no packaging",procedural-noise,,,
data/mooncake/ai_0083.jpg,AI composite,generated_mooncake_0083.png,gpt-image-2,"a single mini mooncake on a plate, realistic home photo, slightly soft focus but clearly recognizable, no text, no logo",procedural-color-shapes,,,
data/mooncake/ai_0084.jpg,AI composite,generated_mooncake_0084.png,gpt-image-2,"a single mooncake photographed in a bakery-like setting without readable signs, realistic casual photo, no text, no logo, no packaging",commons_142446973.jpg,https://commons.wikimedia.org/wiki/File:Nice_Cookie.jpg,Gaurav Dhwaj Khadka,CC BY-SA 4.0
data/mooncake/ai_0085.jpg,AI composite,generated_mooncake_0085.png,gpt-image-2,"a single traditional Chinese mooncake on a ceramic plate, realistic smartphone food photo, warm indoor light, simple table background, no text, no logo, no packaging",procedural-noise,,,
data/mooncake/ai_0086.jpg,AI composite,generated_mooncake_0086.png,gpt-image-2,"a single Cantonese mooncake with a stamped golden-brown crust, realistic casual home photo, slightly imperfect focus, natural window light, no text, no logo",procedural-color-shapes,,,
data/mooncake/ai_0087.jpg,AI composite,generated_mooncake_0087.png,gpt-image-2,"a single snow-skin mooncake on a small plate, realistic food photo, mild background clutter, natural colors, no text, no logo, no packaging",commons_178585771.jpg,https://commons.wikimedia.org/wiki/File:%D0%91%D0%B5%D0%BB%D0%B8_%D0%BA%D1%80%D0%BE%D1%84%D0%BD%D0%B8_%D1%81%D0%BE_%D1%88%D0%B0%D1%80%D0%B5%D0%BD%D0%B8_%D0%BC%D1%80%D0%B2%D0%B8%D1%86%D0%B8.jpg,Sentimentalna,CC BY-SA 4.0
data/mooncake/ai_0088.jpg,AI composite,generated_mooncake_0088.png,gpt-image-2,"a single mooncake photographed from a slightly tilted angle, ordinary kitchen lighting, realistic phone-camera look, mild motion blur, no text, no logo",procedural-noise,,,
data/mooncake/ai_0089.jpg,AI composite,generated_mooncake_0089.png,gpt-image-2,"a single mooncake partly beside a cup of tea, realistic dining-table photo, soft shadows, recognizable shape, no text, no logo, no packaging",procedural-color-shapes,,,
data/mooncake/ai_0090.jpg,AI composite,generated_mooncake_0090.png,gpt-image-2,"a close but ordinary photo of one mooncake with a traditional pattern, slightly uneven lighting and focus, realistic food photography, no text, no logo",commons_148549547.jpg,https://commons.wikimedia.org/wiki/File:Chak_chak.jpg,UzbekistanWikiEditor,CC0
data/mooncake/ai_0091.jpg,AI composite,generated_mooncake_0091.png,gpt-image-2,"one mooncake on a white plate photographed from a little farther away, realistic indoor photo, neutral background, clear enough to recognize, no text, no logo",procedural-noise,,,
data/mooncake/ai_0092.jpg,AI composite,generated_mooncake_0092.png,gpt-image-2,"one mooncake with a different filling style and stamped pattern, realistic casual food photo, warm light, no people, no text, no logo, no packaging",procedural-color-shapes,,,
data/mooncake/ai_0093.jpg,AI composite,generated_mooncake_0093.png,gpt-image-2,"a single colorful snow-skin mooncake, realistic phone photo, simple tabletop, mild shadows and imperfect composition, no text, no logo",commons_144649976.jpg,https://commons.wikimedia.org/wiki/File:%E6%B0%B4%E6%9C%88%E3%81%AE%E3%81%A9%E3%82%89%E7%84%BC%E3%81%8D---2023-11-14_01.jpg,RuinDig/Yuki Uchida,CC BY 4.0
data/mooncake/ai_0094.jpg,AI composite,generated_mooncake_0094.png,gpt-image-2,"a single mooncake cut slightly open to show filling, realistic food photo, natural indoor light, no text, no logo, no packaging",procedural-noise,,,
data/mooncake/ai_0095.jpg,AI composite,generated_mooncake_0095.png,gpt-image-2,"a single mini mooncake on a plate, realistic home photo, slightly soft focus but clearly recognizable, no text, no logo",procedural-color-shapes,,,
data/mooncake/ai_0096.jpg,AI composite,generated_mooncake_0096.png,gpt-image-2,"a single mooncake photographed in a bakery-like setting without readable signs, realistic casual photo, no text, no logo, no packaging",commons_105329872.jpg,https://commons.wikimedia.org/wiki/File:A_heavy_snack_(3827228447).jpg,anemoneprojectors,CC BY-SA 2.0
data/mooncake/ai_0097.jpg,AI composite,generated_mooncake_0097.png,gpt-image-2,"a single traditional Chinese mooncake on a ceramic plate, realistic smartphone food photo, warm indoor light, simple table background, no text, no logo, no packaging",procedural-noise,,,
data/mooncake/ai_0098.jpg,AI composite,generated_mooncake_0098.png,gpt-image-2,"a single Cantonese mooncake with a stamped golden-brown crust, realistic casual home photo, slightly imperfect focus, natural window light, no text, no logo",procedural-color-shapes,,,
data/mooncake/ai_0099.jpg,AI composite,generated_mooncake_0099.png,gpt-image-2,"a single snow-skin mooncake on a small plate, realistic food photo, mild background clutter, natural colors, no text, no logo, no packaging",commons_163342353.jpg,https://commons.wikimedia.org/wiki/File:Cincin.jpg,أبو عمار عمر بن ثاني,CC BY-SA 4.0
data/mooncake/ai_0100.jpg,AI composite,generated_mooncake_0100.png,gpt-image-2,"a single mooncake photographed from a slightly tilted angle, ordinary kitchen lighting, realistic phone-camera look, mild motion blur, no text, no logo",procedural-noise,,,
data/mooncake/ai_0101.jpg,AI composite,generated_mooncake_0101.png,gpt-image-2,"a single mooncake partly beside a cup of tea, realistic dining-table photo, soft shadows, recognizable shape, no text, no logo, no packaging",procedural-color-shapes,,,
data/mooncake/ai_0102.jpg,AI composite,generated_mooncake_0102.png,gpt-image-2,"a close but ordinary photo of one mooncake with a traditional pattern, slightly uneven lighting and focus, realistic food photography, no text, no logo",commons_178823636.jpg,https://commons.wikimedia.org/wiki/File:%D0%9A%D1%80%D0%BE%D1%84%D0%BD%D0%B8_%D1%81%D0%BE_%D0%B1%D0%B5%D0%BB%D0%BE_%D1%87%D0%BE%D0%BA%D0%BE%D0%BB%D0%B0%D0%B4%D0%BE_%D0%B8_%D0%BA%D0%BE%D0%BA%D0%BE%D1%81.jpg,Тиверополник,CC BY-SA 4.0
data/mooncake/ai_0103.jpg,AI composite,generated_mooncake_0103.png,gpt-image-2,"one mooncake on a white plate photographed from a little farther away, realistic indoor photo, neutral background, clear enough to recognize, no text, no logo",procedural-noise,,,
data/mooncake/ai_0104.jpg,AI composite,generated_mooncake_0104.png,gpt-image-2,"one mooncake with a different filling style and stamped pattern, realistic casual food photo, warm light, no people, no text, no logo, no packaging",procedural-color-shapes,,,
data/mooncake/ai_0105.jpg,AI composite,generated_mooncake_0105.png,gpt-image-2,"a single colorful snow-skin mooncake, realistic phone photo, simple tabletop, mild shadows and imperfect composition, no text, no logo",commons_35244593.jpg,https://commons.wikimedia.org/wiki/File:Raisin_doughnut_1.jpg,Robert Dell,CC BY-SA 4.0
data/mooncake/ai_0106.jpg,AI composite,generated_mooncake_0106.png,gpt-image-2,"a single mooncake cut slightly open to show filling, realistic food photo, natural indoor light, no text, no logo, no packaging",procedural-noise,,,
data/mooncake/ai_0107.jpg,AI composite,generated_mooncake_0107.png,gpt-image-2,"a single mini mooncake on a plate, realistic home photo, slightly soft focus but clearly recognizable, no text, no logo",procedural-color-shapes,,,
data/mooncake/ai_0108.jpg,AI composite,generated_mooncake_0108.png,gpt-image-2,"a single mooncake photographed in a bakery-like setting without readable signs, realistic casual photo, no text, no logo, no packaging",commons_15331255.jpg,https://commons.wikimedia.org/wiki/File:Muffin_Starbucks_2.jpg,picsishouldshare,CC BY-SA 2.0
data/mooncake/ai_0109.jpg,AI composite,generated_mooncake_0109.png,gpt-image-2,"a single traditional Chinese mooncake on a ceramic plate, realistic smartphone food photo, warm indoor light, simple table background, no text, no logo, no packaging",procedural-noise,,,
data/mooncake/ai_0110.jpg,AI composite,generated_mooncake_0110.png,gpt-image-2,"a single Cantonese mooncake with a stamped golden-brown crust, realistic casual home photo, slightly imperfect focus, natural window light, no text, no logo",procedural-color-shapes,,,
data/mooncake/ai_0111.jpg,AI composite,generated_mooncake_0111.png,gpt-image-2,"a single snow-skin mooncake on a small plate, realistic food photo, mild background clutter, natural colors, no text, no logo, no packaging",commons_54313580.jpg,https://commons.wikimedia.org/wiki/File:Doce_de_leite_(15511123111).jpg,"N i c o l a from Fiumicino (Rome), Italy",CC BY 2.0
data/mooncake/ai_0112.jpg,AI composite,generated_mooncake_0112.png,gpt-image-2,"a single mooncake photographed from a slightly tilted angle, ordinary kitchen lighting, realistic phone-camera look, mild motion blur, no text, no logo",procedural-noise,,,
data/mooncake/ai_0113.jpg,AI composite,generated_mooncake_0113.png,gpt-image-2,"a single mooncake partly beside a cup of tea, realistic dining-table photo, soft shadows, recognizable shape, no text, no logo, no packaging",procedural-color-shapes,,,
data/mooncake/ai_0114.jpg,AI composite,generated_mooncake_0114.png,gpt-image-2,"a close but ordinary photo of one mooncake with a traditional pattern, slightly uneven lighting and focus, realistic food photography, no text, no logo",commons_178823645.jpg,https://commons.wikimedia.org/wiki/File:%D0%9A%D1%80%D0%BE%D1%84%D0%BD%D0%B8_%D1%81%D0%BE_%D1%86%D1%80%D0%BD%D0%BE_%D1%87%D0%BE%D0%BA%D0%BE%D0%BB%D0%B0%D0%B4%D0%BE_%D0%B8_%D0%BB%D0%B5%D1%88%D0%BD%D0%B8%D1%86%D0%B8_(1).jpg,Тиверополник,CC BY-SA 4.0
data/mooncake/ai_0115.jpg,AI composite,generated_mooncake_0115.png,gpt-image-2,"one mooncake on a white plate photographed from a little farther away, realistic indoor photo, neutral background, clear enough to recognize, no text, no logo",procedural-noise,,,
data/mooncake/ai_0116.jpg,AI composite,generated_mooncake_0116.png,gpt-image-2,"one mooncake with a different filling style and stamped pattern, realistic casual food photo, warm light, no people, no text, no logo, no packaging",procedural-color-shapes,,,
data/mooncake/ai_0117.jpg,AI composite,generated_mooncake_0117.png,gpt-image-2,"a single colorful snow-skin mooncake, realistic phone photo, simple tabletop, mild shadows and imperfect composition, no text, no logo",commons_17974092.jpg,https://commons.wikimedia.org/wiki/File:Cake_Day.jpg,Karen,CC BY 2.0
data/mooncake/ai_0118.jpg,AI composite,generated_mooncake_0118.png,gpt-image-2,"a single mooncake cut slightly open to show filling, realistic food photo, natural indoor light, no text, no logo, no packaging",procedural-noise,,,
data/mooncake/ai_0119.jpg,AI composite,generated_mooncake_0119.png,gpt-image-2,"a single mini mooncake on a plate, realistic home photo, slightly soft focus but clearly recognizable, no text, no logo",procedural-color-shapes,,,
data/mooncake/ai_0120.jpg,AI composite,generated_mooncake_0120.png,gpt-image-2,"a single mooncake photographed in a bakery-like setting without readable signs, realistic casual photo, no text, no logo, no packaging",commons_107645338.jpg,https://commons.wikimedia.org/wiki/File:Cookies_4.jpg,Kurt Kaiser,CC0
data/mooncake/ai_0121.jpg,AI composite,generated_mooncake_0121.png,gpt-image-2,"a single traditional Chinese mooncake on a ceramic plate, realistic smartphone food photo, warm indoor light, simple table background, no text, no logo, no packaging",procedural-noise,,,
data/mooncake/ai_0122.jpg,AI composite,generated_mooncake_0122.png,gpt-image-2,"a single Cantonese mooncake with a stamped golden-brown crust, realistic casual home photo, slightly imperfect focus, natural window light, no text, no logo",procedural-color-shapes,,,
data/mooncake/ai_0123.jpg,AI composite,generated_mooncake_0123.png,gpt-image-2,"a single snow-skin mooncake on a small plate, realistic food photo, mild background clutter, natural colors, no text, no logo, no packaging",commons_87787169.jpg,https://commons.wikimedia.org/wiki/File:Cake_(187544387).jpeg,Topu Saha,CC BY-SA 3.0
data/mooncake/ai_0124.jpg,AI composite,generated_mooncake_0124.png,gpt-image-2,"a single mooncake photographed from a slightly tilted angle, ordinary kitchen lighting, realistic phone-camera look, mild motion blur, no text, no logo",procedural-noise,,,
data/mooncake/ai_0125.jpg,AI composite,generated_mooncake_0125.png,gpt-image-2,"a single mooncake partly beside a cup of tea, realistic dining-table photo, soft shadows, recognizable shape, no text, no logo, no packaging",procedural-color-shapes,,,
data/mooncake/ai_0126.jpg,AI composite,generated_mooncake_0126.png,gpt-image-2,"a close but ordinary photo of one mooncake with a traditional pattern, slightly uneven lighting and focus, realistic food photography, no text, no logo",commons_24881714.jpg,https://commons.wikimedia.org/wiki/File:Cupcakes_teal.jpg,Tazer876,CC BY-SA 3.0
data/mooncake/ai_0127.jpg,AI composite,generated_mooncake_0127.png,gpt-image-2,"one mooncake on a white plate photographed from a little farther away, realistic indoor photo, neutral background, clear enough to recognize, no text, no logo",procedural-noise,,,
data/mooncake/ai_0128.jpg,AI composite,generated_mooncake_0128.png,gpt-image-2,"one mooncake with a different filling style and stamped pattern, realistic casual food photo, warm light, no people, no text, no logo, no packaging",procedural-color-shapes,,,
data/mooncake/ai_0129.jpg,AI composite,generated_mooncake_0129.png,gpt-image-2,"a single colorful snow-skin mooncake, realistic phone photo, simple tabletop, mild shadows and imperfect composition, no text, no logo",commons_148756819.jpg,https://commons.wikimedia.org/wiki/File:Fish-Boll-Donuts.jpg,サンク7,CC BY-SA 4.0
data/mooncake/ai_0130.jpg,AI composite,generated_mooncake_0130.png,gpt-image-2,"a single mooncake cut slightly open to show filling, realistic food photo, natural indoor light, no text, no logo, no packaging",procedural-noise,,,
data/mooncake/ai_0131.jpg,AI composite,generated_mooncake_0131.png,gpt-image-2,"a single mini mooncake on a plate, realistic home photo, slightly soft focus but clearly recognizable, no text, no logo",procedural-color-shapes,,,
data/mooncake/ai_0132.jpg,AI composite,generated_mooncake_0132.png,gpt-image-2,"a single mooncake photographed in a bakery-like setting without readable signs, realistic casual photo, no text, no logo, no packaging",commons_31651948.jpg,https://commons.wikimedia.org/wiki/File:Cupcakes_and_sandwiches_at_the_celebration_(8655984311).jpg,"Jetstar Airways from Melbourne, Australia",CC BY-SA 2.0
data/mooncake/ai_0133.jpg,AI composite,generated_mooncake_0133.png,gpt-image-2,"a single traditional Chinese mooncake on a ceramic plate, realistic smartphone food photo, warm indoor light, simple table background, no text, no logo, no packaging",procedural-noise,,,
data/mooncake/ai_0134.jpg,AI composite,generated_mooncake_0134.png,gpt-image-2,"a single Cantonese mooncake with a stamped golden-brown crust, realistic casual home photo, slightly imperfect focus, natural window light, no text, no logo",procedural-color-shapes,,,
data/mooncake/ai_0135.jpg,AI composite,generated_mooncake_0135.png,gpt-image-2,"a single snow-skin mooncake on a small plate, realistic food photo, mild background clutter, natural colors, no text, no logo, no packaging",commons_148549547.jpg,https://commons.wikimedia.org/wiki/File:Chak_chak.jpg,UzbekistanWikiEditor,CC0
data/mooncake/ai_0136.jpg,AI composite,generated_mooncake_0136.png,gpt-image-2,"a single mooncake photographed from a slightly tilted angle, ordinary kitchen lighting, realistic phone-camera look, mild motion blur, no text, no logo",procedural-noise,,,
data/mooncake/ai_0137.jpg,AI composite,generated_mooncake_0137.png,gpt-image-2,"a single mooncake partly beside a cup of tea, realistic dining-table photo, soft shadows, recognizable shape, no text, no logo, no packaging",procedural-color-shapes,,,
data/mooncake/ai_0138.jpg,AI composite,generated_mooncake_0138.png,gpt-image-2,"a close but ordinary photo of one mooncake with a traditional pattern, slightly uneven lighting and focus, realistic food photography, no text, no logo",commons_186955663.jpg,https://commons.wikimedia.org/wiki/File:MC_%E6%BE%B3%E9%96%80_Macau_%E8%B7%AF%E6%B0%B9_Cotai_%E8%90%AC%E8%B1%AA%E9%85%92%E5%BA%97_JW_Marriott_Hotel_Macao_%E5%90%8D%E5%BB%9A%E9%83%BD%E5%8C%AF_Urban_Kitchen_Restaurant_%E8%87%AA%E5%8A%A9%E5%8D%88%E9%A4%90_lunch_buffet_food_%E7%94%9C%E5%93%81_desserts_sweet_cakes_n_egg_tart_March_2026_N13P_02.jpg,MCMAZ Lunggma,CC0
data/mooncake/ai_0139.jpg,AI composite,generated_mooncake_0139.png,gpt-image-2,"one mooncake on a white plate photographed from a little farther away, realistic indoor photo, neutral background, clear enough to recognize, no text, no logo",procedural-noise,,,
data/mooncake/ai_0140.jpg,AI composite,generated_mooncake_0140.png,gpt-image-2,"one mooncake with a different filling style and stamped pattern, realistic casual food photo, warm light, no people, no text, no logo, no packaging",procedural-color-shapes,,,
data/mooncake/ai_0141.jpg,AI composite,generated_mooncake_0141.png,gpt-image-2,"a single colorful snow-skin mooncake, realistic phone photo, simple tabletop, mild shadows and imperfect composition, no text, no logo",commons_1764275.jpg,https://commons.wikimedia.org/wiki/File:Fairy_cakes_in_oven_stage_1.jpg,User:Lcarsdata,CC BY-SA 3.0
data/mooncake/ai_0142.jpg,AI composite,generated_mooncake_0142.png,gpt-image-2,"a single mooncake cut slightly open to show filling, realistic food photo, natural indoor light, no text, no logo, no packaging",procedural-noise,,,
data/mooncake/ai_0143.jpg,AI composite,generated_mooncake_0143.png,gpt-image-2,"a single mini mooncake on a plate, realistic home photo, slightly soft focus but clearly recognizable, no text, no logo",procedural-color-shapes,,,
data/mooncake/ai_0144.jpg,AI composite,generated_mooncake_0144.png,gpt-image-2,"a single mooncake photographed in a bakery-like setting without readable signs, realistic casual photo, no text, no logo, no packaging",commons_146007930.jpg,https://commons.wikimedia.org/wiki/File:Muffiny_s_lesn%C3%ADm_ovocem_a_kr%C3%A9mem_03.jpg,Pohled 111,CC BY-SA 4.0
data/mooncake/ai_0145.jpg,AI composite,generated_mooncake_0145.png,gpt-image-2,"a single traditional Chinese mooncake on a ceramic plate, realistic smartphone food photo, warm indoor light, simple table background, no text, no logo, no packaging",procedural-noise,,,
data/mooncake/ai_0146.jpg,AI composite,generated_mooncake_0146.png,gpt-image-2,"a single Cantonese mooncake with a stamped golden-brown crust, realistic casual home photo, slightly imperfect focus, natural window light, no text, no logo",procedural-color-shapes,,,
data/mooncake/ai_0147.jpg,AI composite,generated_mooncake_0147.png,gpt-image-2,"a single snow-skin mooncake on a small plate, realistic food photo, mild background clutter, natural colors, no text, no logo, no packaging",commons_99396114.jpg,https://commons.wikimedia.org/wiki/File:Minx_enjoys_a_wikicookie_for_the_20th_Birthday_of_Wikipedia.jpg,Doctorxgc,CC BY-SA 4.0
data/mooncake/ai_0148.jpg,AI composite,generated_mooncake_0148.png,gpt-image-2,"a single mooncake photographed from a slightly tilted angle, ordinary kitchen lighting, realistic phone-camera look, mild motion blur, no text, no logo",procedural-noise,,,
data/mooncake/ai_0149.jpg,AI composite,generated_mooncake_0149.png,gpt-image-2,"a single mooncake partly beside a cup of tea, realistic dining-table photo, soft shadows, recognizable shape, no text, no logo, no packaging",procedural-color-shapes,,,
data/mooncake/ai_0150.jpg,AI composite,generated_mooncake_0150.png,gpt-image-2,"a close but ordinary photo of one mooncake with a traditional pattern, slightly uneven lighting and focus, realistic food photography, no text, no logo",commons_10253771.jpg,https://commons.wikimedia.org/wiki/File:Ginger_Mango_cupcake_with_Polka_Dots_on_green_plate.jpg,Janet Hudson,CC BY 2.0
data/mooncake/ai_0151.jpg,AI composite,generated_mooncake_0151.png,gpt-image-2,"one mooncake on a white plate photographed from a little farther away, realistic indoor photo, neutral background, clear enough to recognize, no text, no logo",procedural-noise,,,
data/mooncake/ai_0152.jpg,AI composite,generated_mooncake_0152.png,gpt-image-2,"one mooncake with a different filling style and stamped pattern, realistic casual food photo, warm light, no people, no text, no logo, no packaging",procedural-color-shapes,,,
data/mooncake/ai_0153.jpg,AI composite,generated_mooncake_0153.png,gpt-image-2,"a single colorful snow-skin mooncake, realistic phone photo, simple tabletop, mild shadows and imperfect composition, no text, no logo",commons_132785193.jpg,https://commons.wikimedia.org/wiki/File:FS_%E4%BD%9B%E5%B1%B1_Foshan_%E7%A6%AA%E5%9F%8E_Chancheng_%E8%8F%AF%E7%BE%8E%E9%81%94%E9%85%92%E5%BA%97_Foshan_Ramada_Hotel_by_Wyndham_%E9%A4%90%E5%BB%B3_restaurant_%E6%97%A9%E9%A4%90_breakfast_%E8%87%AA%E5%8A%A9%E9%A4%90_buffet_food_morning_May_2023_Px3_28.jpg,Shuma Shuam CHENMIEL,CC BY-SA 4.0
data/mooncake/ai_0154.jpg,AI composite,generated_mooncake_0154.png,gpt-image-2,"a single mooncake cut slightly open to show filling, realistic food photo, natural indoor light, no text, no logo, no packaging",procedural-noise,,,
data/mooncake/ai_0155.jpg,AI composite,generated_mooncake_0155.png,gpt-image-2,"a single mini mooncake on a plate, realistic home photo, slightly soft focus but clearly recognizable, no text, no logo",procedural-color-shapes,,,
data/mooncake/ai_0156.jpg,AI composite,generated_mooncake_0156.png,gpt-image-2,"a single mooncake photographed in a bakery-like setting without readable signs, realistic casual photo, no text, no logo, no packaging",commons_186092160.jpg,https://commons.wikimedia.org/wiki/File:Delicious_chocolate_donut_held_above_a_colorful_assortment_of_fresh_fruits_on_a_table_during_mid-morning_hours.jpg,Shixart1985,CC BY 2.0
data/mooncake/ai_0157.jpg,AI composite,generated_mooncake_0157.png,gpt-image-2,"a single traditional Chinese mooncake on a ceramic plate, realistic smartphone food photo, warm indoor light, simple table background, no text, no logo, no packaging",procedural-noise,,,
data/mooncake/ai_0158.jpg,AI composite,generated_mooncake_0158.png,gpt-image-2,"a single Cantonese mooncake with a stamped golden-brown crust, realistic casual home photo, slightly imperfect focus, natural window light, no text, no logo",procedural-color-shapes,,,
data/mooncake/ai_0159.jpg,AI composite,generated_mooncake_0159.png,gpt-image-2,"a single snow-skin mooncake on a small plate, realistic food photo, mild background clutter, natural colors, no text, no logo, no packaging",commons_143773676.jpg,https://commons.wikimedia.org/wiki/File:Coconut_Cookies_2.jpg,Gaurav Dhwaj Khadka,CC BY-SA 4.0
data/mooncake/ai_0160.jpg,AI composite,generated_mooncake_0160.png,gpt-image-2,"a single mooncake photographed from a slightly tilted angle, ordinary kitchen lighting, realistic phone-camera look, mild motion blur, no text, no logo",procedural-noise,,,
data/mooncake/ai_0161.jpg,AI composite,generated_mooncake_0161.png,gpt-image-2,"a single mooncake partly beside a cup of tea, realistic dining-table photo, soft shadows, recognizable shape, no text, no logo, no packaging",procedural-color-shapes,,,
data/mooncake/ai_0162.jpg,AI composite,generated_mooncake_0162.png,gpt-image-2,"a close but ordinary photo of one mooncake with a traditional pattern, slightly uneven lighting and focus, realistic food photography, no text, no logo",commons_199768625.jpg,https://commons.wikimedia.org/wiki/File:Nancy_Grace_Roman_Space_Telescope_Celebration_(NHQ202609010017).jpg,NASA Headquarters / NASA/Aubrey Gemignani,Public domain
data/mooncake/ai_0163.jpg,AI composite,generated_mooncake_0163.png,gpt-image-2,"one mooncake on a white plate photographed from a little farther away, realistic indoor photo, neutral background, clear enough to recognize, no text, no logo",procedural-noise,,,
data/mooncake/ai_0164.jpg,AI composite,generated_mooncake_0164.png,gpt-image-2,"one mooncake with a different filling style and stamped pattern, realistic casual food photo, warm light, no people, no text, no logo, no packaging",procedural-color-shapes,,,
data/mooncake/ai_0165.jpg,AI composite,generated_mooncake_0165.png,gpt-image-2,"a single colorful snow-skin mooncake, realistic phone photo, simple tabletop, mild shadows and imperfect composition, no text, no logo",commons_184322643.jpg,https://commons.wikimedia.org/wiki/File:JP_%E6%B2%96%E7%B9%A9_Okinawa_%E9%82%A3%E9%9C%B8%E5%B8%82_Naha_City_mall_shop_Mister_Donut_baked_food_products_in_February_2026_N13P_08.jpg,NORTLAUKAU 26088 JP,CC0
data/mooncake/ai_0166.jpg,AI composite,generated_mooncake_0166.png,gpt-image-2,"a single mooncake cut slightly open to show filling, realistic food photo, natural indoor light, no text, no logo, no packaging",procedural-noise,,,
data/mooncake/ai_0167.jpg,AI composite,generated_mooncake_0167.png,gpt-image-2,"a single mini mooncake on a plate, realistic home photo, slightly soft focus but clearly recognizable, no text, no logo",procedural-color-shapes,,,
data/mooncake/ai_0168.jpg,AI composite,generated_mooncake_0168.png,gpt-image-2,"a single mooncake photographed in a bakery-like setting without readable signs, realistic casual photo, no text, no logo, no packaging",commons_170857271.jpg,https://commons.wikimedia.org/wiki/File:Big_Apple_Fluffy_Donut.jpg,Saidatul Soleha,CC0
data/mooncake/ai_0169.jpg,AI composite,generated_mooncake_0169.png,gpt-image-2,"a single traditional Chinese mooncake on a ceramic plate, realistic smartphone food photo, warm indoor light, simple table background, no text, no logo, no packaging",procedural-noise,,,
data/mooncake/ai_0170.jpg,AI composite,generated_mooncake_0170.png,gpt-image-2,"a single Cantonese mooncake with a stamped golden-brown crust, realistic casual home photo, slightly imperfect focus, natural window light, no text, no logo",procedural-color-shapes,,,
data/mooncake/ai_0171.jpg,AI composite,generated_mooncake_0171.png,gpt-image-2,"a single snow-skin mooncake on a small plate, realistic food photo, mild background clutter, natural colors, no text, no logo, no packaging",commons_149643259.jpg,https://commons.wikimedia.org/wiki/File:020240623_131800_Donuts.jpg,Silar,CC BY-SA 4.0
data/mooncake/ai_0172.jpg,AI composite,generated_mooncake_0172.png,gpt-image-2,"a single mooncake photographed from a slightly tilted angle, ordinary kitchen lighting, realistic phone-camera look, mild motion blur, no text, no logo",procedural-noise,,,
data/mooncake/ai_0173.jpg,AI composite,generated_mooncake_0173.png,gpt-image-2,"a single mooncake partly beside a cup of tea, realistic dining-table photo, soft shadows, recognizable shape, no text, no logo, no packaging",procedural-color-shapes,,,
data/mooncake/ai_0174.jpg,AI composite,generated_mooncake_0174.png,gpt-image-2,"a close but ordinary photo of one mooncake with a traditional pattern, slightly uneven lighting and focus, realistic food photography, no text, no logo",commons_34997322.jpg,https://commons.wikimedia.org/wiki/File:Chocolate_chip_fairy_cakes_(13972224702).jpg,"James Petts from London, England",CC BY-SA 2.0
data/mooncake/ai_0175.jpg,AI composite,generated_mooncake_0175.png,gpt-image-2,"one mooncake on a white plate photographed from a little farther away, realistic indoor photo, neutral background, clear enough to recognize, no text, no logo",procedural-noise,,,
data/mooncake/ai_0176.jpg,AI composite,generated_mooncake_0176.png,gpt-image-2,"one mooncake with a different filling style and stamped pattern, realistic casual food photo, warm light, no people, no text, no logo, no packaging",procedural-color-shapes,,,
data/mooncake/ai_0177.jpg,AI composite,generated_mooncake_0177.png,gpt-image-2,"a single colorful snow-skin mooncake, realistic phone photo, simple tabletop, mild shadows and imperfect composition, no text, no logo",commons_105181455.jpg,https://commons.wikimedia.org/wiki/File:%D8%AF%D9%88%D9%86%D8%A7%D8%AA.png,تالا,CC BY-SA 4.0
data/mooncake/ai_0178.jpg,AI composite,generated_mooncake_0178.png,gpt-image-2,"a single mooncake cut slightly open to show filling, realistic food photo, natural indoor light, no text, no logo, no packaging",procedural-noise,,,
data/mooncake/ai_0179.jpg,AI composite,generated_mooncake_0179.png,gpt-image-2,"a single mini mooncake on a plate, realistic home photo, slightly soft focus but clearly recognizable, no text, no logo",procedural-color-shapes,,,
data/mooncake/ai_0180.jpg,AI composite,generated_mooncake_0180.png,gpt-image-2,"a single mooncake photographed in a bakery-like setting without readable signs, realistic casual photo, no text, no logo, no packaging",commons_89958691.jpg,https://commons.wikimedia.org/wiki/File:Cookies_(4123325658).jpg,Katrin Gilger,CC BY-SA 2.0
data/mooncake/ai_0181.jpg,AI composite,generated_mooncake_0181.png,gpt-image-2,"a single traditional Chinese mooncake on a ceramic plate, realistic smartphone food photo, warm indoor light, simple table background, no text, no logo, no packaging",procedural-noise,,,
data/mooncake/ai_0182.jpg,AI composite,generated_mooncake_0182.png,gpt-image-2,"a single Cantonese mooncake with a stamped golden-brown crust, realistic casual home photo, slightly imperfect focus, natural window light, no text, no logo",procedural-color-shapes,,,
data/mooncake/ai_0183.jpg,AI composite,generated_mooncake_0183.png,gpt-image-2,"a single snow-skin mooncake on a small plate, realistic food photo, mild background clutter, natural colors, no text, no logo, no packaging",commons_133624696.jpg,https://commons.wikimedia.org/wiki/File:Lotuska_01.jpg,Pohled 111,CC BY-SA 4.0
data/mooncake/ai_0184.jpg,AI composite,generated_mooncake_0184.png,gpt-image-2,"a single mooncake photographed from a slightly tilted angle, ordinary kitchen lighting, realistic phone-camera look, mild motion blur, no text, no logo",procedural-noise,,,
data/mooncake/ai_0185.jpg,AI composite,generated_mooncake_0185.png,gpt-image-2,"a single mooncake partly beside a cup of tea, realistic dining-table photo, soft shadows, recognizable shape, no text, no logo, no packaging",procedural-color-shapes,,,
data/mooncake/ai_0186.jpg,AI composite,generated_mooncake_0186.png,gpt-image-2,"a close but ordinary photo of one mooncake with a traditional pattern, slightly uneven lighting and focus, realistic food photography, no text, no logo",commons_162356386.jpg,https://commons.wikimedia.org/wiki/File:Making_of_Kosai_02.jpg,Ojonssss,CC BY-SA 4.0
data/mooncake/ai_0187.jpg,AI composite,generated_mooncake_0187.png,gpt-image-2,"one mooncake on a white plate photographed from a little farther away, realistic indoor photo, neutral background, clear enough to recognize, no text, no logo",procedural-noise,,,
data/mooncake/ai_0188.jpg,AI composite,generated_mooncake_0188.png,gpt-image-2,"one mooncake with a different filling style and stamped pattern, realistic casual food photo, warm light, no people, no text, no logo, no packaging",procedural-color-shapes,,,
data/mooncake/ai_0189.jpg,AI composite,generated_mooncake_0189.png,gpt-image-2,"a single colorful snow-skin mooncake, realistic phone photo, simple tabletop, mild shadows and imperfect composition, no text, no logo",commons_32642897.jpg,https://commons.wikimedia.org/wiki/File:Doggy_Cupcake_(8681979990).jpg,Jay from UK,CC BY 2.0
data/mooncake/ai_0190.jpg,AI composite,generated_mooncake_0190.png,gpt-image-2,"a single mooncake cut slightly open to show filling, realistic food photo, natural indoor light, no text, no logo, no packaging",procedural-noise,,,
data/mooncake/ai_0191.jpg,AI composite,generated_mooncake_0191.png,gpt-image-2,"a single mini mooncake on a plate, realistic home photo, slightly soft focus but clearly recognizable, no text, no logo",procedural-color-shapes,,,
data/mooncake/ai_0192.jpg,AI composite,generated_mooncake_0192.png,gpt-image-2,"a single mooncake photographed in a bakery-like setting without readable signs, realistic casual photo, no text, no logo, no packaging",commons_181384496.jpg,"https://commons.wikimedia.org/wiki/File:2026-01-06_22_09_48_Molasses_cookie_in_Westampton_Township,_Burlington_County,_New_Jersey.jpg",Famartin,CC BY-SA 4.0
data/mooncake/ai_0193.jpg,AI composite,generated_mooncake_0193.png,gpt-image-2,"a single traditional Chinese mooncake on a ceramic plate, realistic smartphone food photo, warm indoor light, simple table background, no text, no logo, no packaging",procedural-noise,,,
data/mooncake/ai_0194.jpg,AI composite,generated_mooncake_0194.png,gpt-image-2,"a single Cantonese mooncake with a stamped golden-brown crust, realistic casual home photo, slightly imperfect focus, natural window light, no text, no logo",procedural-color-shapes,,,
data/mooncake/ai_0195.jpg,AI composite,generated_mooncake_0195.png,gpt-image-2,"a single snow-skin mooncake on a small plate, realistic food photo, mild background clutter, natural colors, no text, no logo, no packaging",commons_184322635.jpg,https://commons.wikimedia.org/wiki/File:JP_%E6%B2%96%E7%B9%A9_Okinawa_%E9%82%A3%E9%9C%B8%E5%B8%82_Naha_City_mall_shop_Mister_Donut_baked_food_products_in_February_2026_N13P_06.jpg,NORTLAUKAU 26088 JP,CC0
data/mooncake/ai_0196.jpg,AI composite,generated_mooncake_0196.png,gpt-image-2,"a single mooncake photographed from a slightly tilted angle, ordinary kitchen lighting, realistic phone-camera look, mild motion blur, no text, no logo",procedural-noise,,,
data/mooncake/ai_0197.jpg,AI composite,generated_mooncake_0197.png,gpt-image-2,"a single mooncake partly beside a cup of tea, realistic dining-table photo, soft shadows, recognizable shape, no text, no logo, no packaging",procedural-color-shapes,,,
data/mooncake/ai_0198.jpg,AI composite,generated_mooncake_0198.png,gpt-image-2,"a close but ordinary photo of one mooncake with a traditional pattern, slightly uneven lighting and focus, realistic food photography, no text, no logo",commons_71283492.jpg,https://commons.wikimedia.org/wiki/File:Cupcake_(19143825).jpeg,Javier Martínez De La Puente,CC BY 3.0
data/mooncake/ai_0199.jpg,AI composite,generated_mooncake_0199.png,gpt-image-2,"one mooncake on a white plate photographed from a little farther away, realistic indoor photo, neutral background, clear enough to recognize, no text, no logo",procedural-noise,,,
data/mooncake/ai_0200.jpg,AI composite,generated_mooncake_0200.png,gpt-image-2,"one mooncake with a different filling style and stamped pattern, realistic casual food photo, warm light, no people, no text, no logo, no packaging",procedural-color-shapes,,,
data/mooncake/ai_0201.jpg,AI composite,generated_mooncake_0201.png,gpt-image-2,"a single colorful snow-skin mooncake, realistic phone photo, simple tabletop, mild shadows and imperfect composition, no text, no logo",commons_165877617.jpg,https://commons.wikimedia.org/wiki/File:Beigne_-_2025-05-23.jpg,Jeangagnon,CC BY-SA 4.0
data/mooncake/ai_0202.jpg,AI composite,generated_mooncake_0202.png,gpt-image-2,"a single mooncake cut slightly open to show filling, realistic food photo, natural indoor light, no text, no logo, no packaging",procedural-noise,,,
data/mooncake/ai_0203.jpg,AI composite,generated_mooncake_0203.png,gpt-image-2,"a single mini mooncake on a plate, realistic home photo, slightly soft focus but clearly recognizable, no text, no logo",procedural-color-shapes,,,
data/mooncake/ai_0204.jpg,AI composite,generated_mooncake_0204.png,gpt-image-2,"a single mooncake photographed in a bakery-like setting without readable signs, realistic casual photo, no text, no logo, no packaging",commons_2202590.jpg,https://commons.wikimedia.org/wiki/File:Recette_muffins_aux_pommes_et_stevia_etape_4.jpg,Romain Behar,Public domain
data/mooncake/ai_0205.jpg,AI composite,generated_mooncake_0205.png,gpt-image-2,"a single traditional Chinese mooncake on a ceramic plate, realistic smartphone food photo, warm indoor light, simple table background, no text, no logo, no packaging",procedural-noise,,,
data/mooncake/ai_0206.jpg,AI composite,generated_mooncake_0206.png,gpt-image-2,"a single Cantonese mooncake with a stamped golden-brown crust, realistic casual home photo, slightly imperfect focus, natural window light, no text, no logo",procedural-color-shapes,,,
data/mooncake/ai_0207.jpg,AI composite,generated_mooncake_0207.png,gpt-image-2,"a single snow-skin mooncake on a small plate, realistic food photo, mild background clutter, natural colors, no text, no logo, no packaging",commons_25936476.jpg,https://commons.wikimedia.org/wiki/File:Pink_muffins.jpg,Tiia Monto,CC BY-SA 3.0
data/mooncake/ai_0208.jpg,AI composite,generated_mooncake_0208.png,gpt-image-2,"a single mooncake photographed from a slightly tilted angle, ordinary kitchen lighting, realistic phone-camera look, mild motion blur, no text, no logo",procedural-noise,,,
data/mooncake/ai_0209.jpg,AI composite,generated_mooncake_0209.png,gpt-image-2,"a single mooncake partly beside a cup of tea, realistic dining-table photo, soft shadows, recognizable shape, no text, no logo, no packaging",procedural-color-shapes,,,
data/mooncake/ai_0210.jpg,AI composite,generated_mooncake_0210.png,gpt-image-2,"a close but ordinary photo of one mooncake with a traditional pattern, slightly uneven lighting and focus, realistic food photography, no text, no logo",commons_26584998.jpg,https://commons.wikimedia.org/wiki/File:Flor.jpg,Carlajesus,CC BY-SA 3.0
data/mooncake/ai_0211.jpg,AI composite,generated_mooncake_0211.png,gpt-image-2,"one mooncake on a white plate photographed from a little farther away, realistic indoor photo, neutral background, clear enough to recognize, no text, no logo",procedural-noise,,,
data/mooncake/ai_0212.jpg,AI composite,generated_mooncake_0212.png,gpt-image-2,"one mooncake with a different filling style and stamped pattern, realistic casual food photo, warm light, no people, no text, no logo, no packaging",procedural-color-shapes,,,
data/mooncake/ai_0213.jpg,AI composite,generated_mooncake_0213.png,gpt-image-2,"a single colorful snow-skin mooncake, realistic phone photo, simple tabletop, mild shadows and imperfect composition, no text, no logo",commons_191851151.jpg,https://commons.wikimedia.org/wiki/File:Deliciously_crafted_frosted_donuts_ready_for_customers_at_a_bakery_in_the_morning.jpg,Shixart1985,CC BY 2.0
data/mooncake/ai_0214.jpg,AI composite,generated_mooncake_0214.png,gpt-image-2,"a single mooncake cut slightly open to show filling, realistic food photo, natural indoor light, no text, no logo, no packaging",procedural-noise,,,
data/mooncake/ai_0215.jpg,AI composite,generated_mooncake_0215.png,gpt-image-2,"a single mini mooncake on a plate, realistic home photo, slightly soft focus but clearly recognizable, no text, no logo",procedural-color-shapes,,,
data/mooncake/ai_0216.jpg,AI composite,generated_mooncake_0216.png,gpt-image-2,"a single mooncake photographed in a bakery-like setting without readable signs, realistic casual photo, no text, no logo, no packaging",commons_36963820.jpg,https://commons.wikimedia.org/wiki/File:Biscuit_creme_fraiche.JPG,Ovva olfa,CC BY-SA 4.0
data/mooncake/ai_0217.jpg,AI composite,generated_mooncake_0217.png,gpt-image-2,"a single traditional Chinese mooncake on a ceramic plate, realistic smartphone food photo, warm indoor light, simple table background, no text, no logo, no packaging",procedural-noise,,,
data/mooncake/ai_0218.jpg,AI composite,generated_mooncake_0218.png,gpt-image-2,"a single Cantonese mooncake with a stamped golden-brown crust, realistic casual home photo, slightly imperfect focus, natural window light, no text, no logo",procedural-color-shapes,,,
data/mooncake/ai_0219.jpg,AI composite,generated_mooncake_0219.png,gpt-image-2,"a single snow-skin mooncake on a small plate, realistic food photo, mild background clutter, natural colors, no text, no logo, no packaging",commons_35185653.jpg,https://commons.wikimedia.org/wiki/File:Cupcakes_(5143354092).jpg,lamantin,CC BY 2.0
data/mooncake/ai_0220.jpg,AI composite,generated_mooncake_0220.png,gpt-image-2,"a single mooncake photographed from a slightly tilted angle, ordinary kitchen lighting, realistic phone-camera look, mild motion blur, no text, no logo",procedural-noise,,,
data/mooncake/ai_0221.jpg,AI composite,generated_mooncake_0221.png,gpt-image-2,"a single mooncake partly beside a cup of tea, realistic dining-table photo, soft shadows, recognizable shape, no text, no logo, no packaging",procedural-color-shapes,,,
data/mooncake/ai_0222.jpg,AI composite,generated_mooncake_0222.png,gpt-image-2,"a close but ordinary photo of one mooncake with a traditional pattern, slightly uneven lighting and focus, realistic food photography, no text, no logo",commons_15105130.jpg,https://commons.wikimedia.org/wiki/File:Cupcakes_110423.jpg,Petey21,CC0
data/mooncake/ai_0223.jpg,AI composite,generated_mooncake_0223.png,gpt-image-2,"one mooncake on a white plate photographed from a little farther away, realistic indoor photo, neutral background, clear enough to recognize, no text, no logo",procedural-noise,,,
data/mooncake/ai_0224.jpg,AI composite,generated_mooncake_0224.png,gpt-image-2,"one mooncake with a different filling style and stamped pattern, realistic casual food photo, warm light, no people, no text, no logo, no packaging",procedural-color-shapes,,,
data/mooncake/ai_0225.jpg,AI composite,generated_mooncake_0225.png,gpt-image-2,"a single colorful snow-skin mooncake, realistic phone photo, simple tabletop, mild shadows and imperfect composition, no text, no logo",commons_28119833.jpg,https://commons.wikimedia.org/wiki/File:Two_Egg_Tarts_CC_02_HK.jpg,CCheungimm,CC BY-SA 3.0
data/mooncake/ai_0226.jpg,AI composite,generated_mooncake_0226.png,gpt-image-2,"a single mooncake cut slightly open to show filling, realistic food photo, natural indoor light, no text, no logo, no packaging",procedural-noise,,,
data/mooncake/ai_0227.jpg,AI composite,generated_mooncake_0227.png,gpt-image-2,"a single mini mooncake on a plate, realistic home photo, slightly soft focus but clearly recognizable, no text, no logo",procedural-color-shapes,,,
data/mooncake/ai_0228.jpg,AI composite,generated_mooncake_0228.png,gpt-image-2,"a single mooncake photographed in a bakery-like setting without readable signs, realistic casual photo, no text, no logo, no packaging",commons_110122299.jpg,https://commons.wikimedia.org/wiki/File:Monster_Cookies_(5087959917).jpg,"Neil Conway from Oakland, USA",CC BY 2.0
data/mooncake/ai_0229.jpg,AI composite,generated_mooncake_0229.png,gpt-image-2,"a single traditional Chinese mooncake on a ceramic plate, realistic smartphone food photo, warm indoor light, simple table background, no text, no logo, no packaging",procedural-noise,,,
data/mooncake/ai_0230.jpg,AI composite,generated_mooncake_0230.png,gpt-image-2,"a single Cantonese mooncake with a stamped golden-brown crust, realistic casual home photo, slightly imperfect focus, natural window light, no text, no logo",procedural-color-shapes,,,
data/mooncake/ai_0231.jpg,AI composite,generated_mooncake_0231.png,gpt-image-2,"a single snow-skin mooncake on a small plate, realistic food photo, mild background clutter, natural colors, no text, no logo, no packaging",commons_24973101.jpg,https://commons.wikimedia.org/wiki/File:Muffin_Sweets.jpg,Pdpics,CC BY-SA 3.0
data/mooncake/ai_0232.jpg,AI composite,generated_mooncake_0232.png,gpt-image-2,"a single mooncake photographed from a slightly tilted angle, ordinary kitchen lighting, realistic phone-camera look, mild motion blur, no text, no logo",procedural-noise,,,
data/mooncake/ai_0233.jpg,AI composite,generated_mooncake_0233.png,gpt-image-2,"a single mooncake partly beside a cup of tea, realistic dining-table photo, soft shadows, recognizable shape, no text, no logo, no packaging",procedural-color-shapes,,,
data/mooncake/ai_0234.jpg,AI composite,generated_mooncake_0234.png,gpt-image-2,"a close but ordinary photo of one mooncake with a traditional pattern, slightly uneven lighting and focus, realistic food photography, no text, no logo",commons_160087697.jpg,https://commons.wikimedia.org/wiki/File:Biscoff_Cookies_on_Delta_Air_Lines_Flight.jpg,Tony Webster,CC BY 2.0
data/mooncake/ai_0235.jpg,AI composite,generated_mooncake_0235.png,gpt-image-2,"one mooncake on a white plate photographed from a little farther away, realistic indoor photo, neutral background, clear enough to recognize, no text, no logo",procedural-noise,,,
data/mooncake/ai_0236.jpg,AI composite,generated_mooncake_0236.png,gpt-image-2,"one mooncake with a different filling style and stamped pattern, realistic casual food photo, warm light, no people, no text, no logo, no packaging",procedural-color-shapes,,,
data/mooncake/ai_0237.jpg,AI composite,generated_mooncake_0237.png,gpt-image-2,"a single colorful snow-skin mooncake, realistic phone photo, simple tabletop, mild shadows and imperfect composition, no text, no logo",commons_44586192.jpg,https://commons.wikimedia.org/wiki/File:Marron_cream_muffins_(2).jpg,Roozitaa,CC BY-SA 4.0
data/mooncake/ai_0238.jpg,AI composite,generated_mooncake_0238.png,gpt-image-2,"a single mooncake cut slightly open to show filling, realistic food photo, natural indoor light, no text, no logo, no packaging",procedural-noise,,,
data/mooncake/ai_0239.jpg,AI composite,generated_mooncake_0239.png,gpt-image-2,"a single mini mooncake on a plate, realistic home photo, slightly soft focus but clearly recognizable, no text, no logo",procedural-color-shapes,,,
data/mooncake/ai_0240.jpg,AI composite,generated_mooncake_0240.png,gpt-image-2,"a single mooncake photographed in a bakery-like setting without readable signs, realistic casual photo, no text, no logo, no packaging",commons_110122315.jpg,https://commons.wikimedia.org/wiki/File:Monster_Cookies_(5048764477).jpg,"Neil Conway from Oakland, USA",CC BY 2.0
data/mooncake/ai_0241.jpg,AI composite,generated_mooncake_0241.png,gpt-image-2,"a single traditional Chinese mooncake on a ceramic plate, realistic smartphone food photo, warm indoor light, simple table background, no text, no logo, no packaging",procedural-noise,,,
data/mooncake/ai_0242.jpg,AI composite,generated_mooncake_0242.png,gpt-image-2,"a single Cantonese mooncake with a stamped golden-brown crust, realistic casual home photo, slightly imperfect focus, natural window light, no text, no logo",procedural-color-shapes,,,
data/mooncake/ai_0243.jpg,AI composite,generated_mooncake_0243.png,gpt-image-2,"a single snow-skin mooncake on a small plate, realistic food photo, mild background clutter, natural colors, no text, no logo, no packaging",commons_131377070.jpg,https://commons.wikimedia.org/wiki/File:Homemade_cookies_(32490802751).jpg,"freestocks.org from Olsztyn, Poland",CC0
data/mooncake/ai_0244.jpg,AI composite,generated_mooncake_0244.png,gpt-image-2,"a single mooncake photographed from a slightly tilted angle, ordinary kitchen lighting, realistic phone-camera look, mild motion blur, no text, no logo",procedural-noise,,,
data/mooncake/ai_0245.jpg,AI composite,generated_mooncake_0245.png,gpt-image-2,"a single mooncake partly beside a cup of tea, realistic dining-table photo, soft shadows, recognizable shape, no text, no logo, no packaging",procedural-color-shapes,,,
data/mooncake/ai_0246.jpg,AI composite,generated_mooncake_0246.png,gpt-image-2,"a close but ordinary photo of one mooncake with a traditional pattern, slightly uneven lighting and focus, realistic food photography, no text, no logo",commons_21915316.jpg,https://commons.wikimedia.org/wiki/File:Jcojf.JPG,Ramon FVelasquez,CC BY-SA 3.0
data/mooncake/ai_0247.jpg,AI composite,generated_mooncake_0247.png,gpt-image-2,"one mooncake on a white plate photographed from a little farther away, realistic indoor photo, neutral background, clear enough to recognize, no text, no logo",procedural-noise,,,
data/mooncake/ai_0248.jpg,AI composite,generated_mooncake_0248.png,gpt-image-2,"one mooncake with a different filling style and stamped pattern, realistic casual food photo, warm light, no people, no text, no logo, no packaging",procedural-color-shapes,,,
data/mooncake/ai_0249.jpg,AI composite,generated_mooncake_0249.png,gpt-image-2,"a single colorful snow-skin mooncake, realistic phone photo, simple tabletop, mild shadows and imperfect composition, no text, no logo",commons_87527818.jpg,https://commons.wikimedia.org/wiki/File:Cupcake!!_(46572526321).jpg,Jim  Lukach,CC BY 2.0
data/mooncake/ai_0250.jpg,AI composite,generated_mooncake_0250.png,gpt-image-2,"a single mooncake cut slightly open to show filling, realistic food photo, natural indoor light, no text, no logo, no packaging",procedural-noise,,,
data/mooncake/ai_0251.jpg,AI composite,generated_mooncake_0251.png,gpt-image-2,"a single mini mooncake on a plate, realistic home photo, slightly soft focus but clearly recognizable, no text, no logo",procedural-color-shapes,,,
data/mooncake/ai_0252.jpg,AI composite,generated_mooncake_0252.png,gpt-image-2,"a single mooncake photographed in a bakery-like setting without readable signs, realistic casual photo, no text, no logo, no packaging",commons_101186485.jpg,https://commons.wikimedia.org/wiki/File:Egg-muffin_(49218808517).jpg,Meg H,CC BY 2.0
data/mooncake/ai_0253.jpg,AI composite,generated_mooncake_0253.png,gpt-image-2,"a single traditional Chinese mooncake on a ceramic plate, realistic smartphone food photo, warm indoor light, simple table background, no text, no logo, no packaging",procedural-noise,,,
data/mooncake/ai_0254.jpg,AI composite,generated_mooncake_0254.png,gpt-image-2,"a single Cantonese mooncake with a stamped golden-brown crust, realistic casual home photo, slightly imperfect focus, natural window light, no text, no logo",procedural-color-shapes,,,
data/mooncake/ai_0255.jpg,AI composite,generated_mooncake_0255.png,gpt-image-2,"a single snow-skin mooncake on a small plate, realistic food photo, mild background clutter, natural colors, no text, no logo, no packaging",commons_87529287.jpg,https://commons.wikimedia.org/wiki/File:Cinnamon_cookies_(6967068331).jpg,"Cooking etc. from Athens, Greece",CC BY 2.0
data/mooncake/ai_0256.jpg,AI composite,generated_mooncake_0256.png,gpt-image-2,"a single mooncake photographed from a slightly tilted angle, ordinary kitchen lighting, realistic phone-camera look, mild motion blur, no text, no logo",procedural-noise,,,
data/mooncake/ai_0257.jpg,AI composite,generated_mooncake_0257.png,gpt-image-2,"a single mooncake partly beside a cup of tea, realistic dining-table photo, soft shadows, recognizable shape, no text, no logo, no packaging",procedural-color-shapes,,,
data/mooncake/ai_0258.jpg,AI composite,generated_mooncake_0258.png,gpt-image-2,"a close but ordinary photo of one mooncake with a traditional pattern, slightly uneven lighting and focus, realistic food photography, no text, no logo",commons_31405552.jpg,https://commons.wikimedia.org/wiki/File:Dipytch_Cinnamon_Swirls.jpg,Tom Newby,CC BY 2.0
data/mooncake/ai_0259.jpg,AI composite,generated_mooncake_0259.png,gpt-image-2,"one mooncake on a white plate photographed from a little farther away, realistic indoor photo, neutral background, clear enough to recognize, no text, no logo",procedural-noise,,,
data/mooncake/ai_0260.jpg,AI composite,generated_mooncake_0260.png,gpt-image-2,"one mooncake with a different filling style and stamped pattern, realistic casual food photo, warm light, no people, no text, no logo, no packaging",procedural-color-shapes,,,
data/mooncake/ai_0261.jpg,AI composite,generated_mooncake_0261.png,gpt-image-2,"a single colorful snow-skin mooncake, realistic phone photo, simple tabletop, mild shadows and imperfect composition, no text, no logo",commons_199768625.jpg,https://commons.wikimedia.org/wiki/File:Nancy_Grace_Roman_Space_Telescope_Celebration_(NHQ202609010017).jpg,NASA Headquarters / NASA/Aubrey Gemignani,Public domain
data/mooncake/ai_0262.jpg,AI composite,generated_mooncake_0262.png,gpt-image-2,"a single mooncake cut slightly open to show filling, realistic food photo, natural indoor light, no text, no logo, no packaging",procedural-noise,,,
data/mooncake/ai_0263.jpg,AI composite,generated_mooncake_0263.png,gpt-image-2,"a single mini mooncake on a plate, realistic home photo, slightly soft focus but clearly recognizable, no text, no logo",procedural-color-shapes,,,
data/mooncake/ai_0264.jpg,AI composite,generated_mooncake_0264.png,gpt-image-2,"a single mooncake photographed in a bakery-like setting without readable signs, realistic casual photo, no text, no logo, no packaging",commons_112652716.jpg,https://commons.wikimedia.org/wiki/File:Cupcakeselva.jpg,Selva2pepul,CC BY-SA 4.0
data/mooncake/ai_0265.jpg,AI composite,generated_mooncake_0265.png,gpt-image-2,"a single traditional Chinese mooncake on a ceramic plate, realistic smartphone food photo, warm indoor light, simple table background, no text, no logo, no packaging",procedural-noise,,,
data/mooncake/ai_0266.jpg,AI composite,generated_mooncake_0266.png,gpt-image-2,"a single Cantonese mooncake with a stamped golden-brown crust, realistic casual home photo, slightly imperfect focus, natural window light, no text, no logo",procedural-color-shapes,,,
data/mooncake/ai_0267.jpg,AI composite,generated_mooncake_0267.png,gpt-image-2,"a single snow-skin mooncake on a small plate, realistic food photo, mild background clutter, natural colors, no text, no logo, no packaging",commons_158544340.jpg,https://commons.wikimedia.org/wiki/File:JP_%E6%97%A5%E6%9C%AC_Japan_%E6%B2%96%E7%B9%A9_OKINAWA_%E9%82%A3%E9%9C%B8_Naha_%E4%B9%9D%E5%B7%9E%E9%85%92%E5%BA%97_Kyushu_Hotel_Blossom_Naha_%E9%A3%AF%E5%BA%97_steakhouse_%E8%87%AA%E5%8A%A9%E9%A4%90%E5%BB%B3_buffet_restaurant_food_January_2025_R12S_25.jpg,Naha Mama Pavilionz,CC0
data/mooncake/ai_0268.jpg,AI composite,generated_mooncake_0268.png,gpt-image-2,"a single mooncake photographed from a slightly tilted angle, ordinary kitchen lighting, realistic phone-camera look, mild motion blur, no text, no logo",procedural-noise,,,
data/mooncake/ai_0269.jpg,AI composite,generated_mooncake_0269.png,gpt-image-2,"a single mooncake partly beside a cup of tea, realistic dining-table photo, soft shadows, recognizable shape, no text, no logo, no packaging",procedural-color-shapes,,,
data/mooncake/ai_0270.jpg,AI composite,generated_mooncake_0270.png,gpt-image-2,"a close but ordinary photo of one mooncake with a traditional pattern, slightly uneven lighting and focus, realistic food photography, no text, no logo",commons_81617275.jpg,https://commons.wikimedia.org/wiki/File:Cream-in_Muffin_Caramel_Almond_of_Mister_Donut_in_Japan.jpg,毒島みるく,CC0
data/mooncake/ai_0271.jpg,AI composite,generated_mooncake_0271.png,gpt-image-2,"one mooncake on a white plate photographed from a little farther away, realistic indoor photo, neutral background, clear enough to recognize, no text, no logo",procedural-noise,,,
data/mooncake/ai_0272.jpg,AI composite,generated_mooncake_0272.png,gpt-image-2,"one mooncake with a different filling style and stamped pattern, realistic casual food photo, warm light, no people, no text, no logo, no packaging",procedural-color-shapes,,,
data/mooncake/ai_0273.jpg,AI composite,generated_mooncake_0273.png,gpt-image-2,"a single colorful snow-skin mooncake, realistic phone photo, simple tabletop, mild shadows and imperfect composition, no text, no logo",commons_181384494.jpg,"https://commons.wikimedia.org/wiki/File:2026-01-06_22_09_32_Molasses_cookie_in_Westampton_Township,_Burlington_County,_New_Jersey.jpg",Famartin,CC BY-SA 4.0
data/mooncake/ai_0274.jpg,AI composite,generated_mooncake_0274.png,gpt-image-2,"a single mooncake cut slightly open to show filling, realistic food photo, natural indoor light, no text, no logo, no packaging",procedural-noise,,,
data/mooncake/ai_0275.jpg,AI composite,generated_mooncake_0275.png,gpt-image-2,"a single mini mooncake on a plate, realistic home photo, slightly soft focus but clearly recognizable, no text, no logo",procedural-color-shapes,,,
data/mooncake/ai_0276.jpg,AI composite,generated_mooncake_0276.png,gpt-image-2,"a single mooncake photographed in a bakery-like setting without readable signs, realistic casual photo, no text, no logo, no packaging",commons_148549547.jpg,https://commons.wikimedia.org/wiki/File:Chak_chak.jpg,UzbekistanWikiEditor,CC0
data/mooncake/ai_0277.jpg,AI composite,generated_mooncake_0277.png,gpt-image-2,"a single traditional Chinese mooncake on a ceramic plate, realistic smartphone food photo, warm indoor light, simple table background, no text, no logo, no packaging",procedural-noise,,,
data/mooncake/ai_0278.jpg,AI composite,generated_mooncake_0278.png,gpt-image-2,"a single Cantonese mooncake with a stamped golden-brown crust, realistic casual home photo, slightly imperfect focus, natural window light, no text, no logo",procedural-color-shapes,,,
data/mooncake/ai_0279.jpg,AI composite,generated_mooncake_0279.png,gpt-image-2,"a single snow-skin mooncake on a small plate, realistic food photo, mild background clutter, natural colors, no text, no logo, no packaging",commons_145560319.jpg,https://commons.wikimedia.org/wiki/File:Gamme_oligo%C3%A9l%C3%A9ments.jpg,Sergelamy28,CC0
data/mooncake/ai_0280.jpg,AI composite,generated_mooncake_0280.png,gpt-image-2,"a single mooncake photographed from a slightly tilted angle, ordinary kitchen lighting, realistic phone-camera look, mild motion blur, no text, no logo",procedural-noise,,,
data/mooncake/ai_0281.jpg,AI composite,generated_mooncake_0281.png,gpt-image-2,"a single mooncake partly beside a cup of tea, realistic dining-table photo, soft shadows, recognizable shape, no text, no logo, no packaging",procedural-color-shapes,,,
data/mooncake/ai_0282.jpg,AI composite,generated_mooncake_0282.png,gpt-image-2,"a close but ordinary photo of one mooncake with a traditional pattern, slightly uneven lighting and focus, realistic food photography, no text, no logo",commons_162505603.jpg,https://commons.wikimedia.org/wiki/File:Dorayaki_005.jpg,Ocdp,CC0
data/mooncake/ai_0283.jpg,AI composite,generated_mooncake_0283.png,gpt-image-2,"one mooncake on a white plate photographed from a little farther away, realistic indoor photo, neutral background, clear enough to recognize, no text, no logo",procedural-noise,,,
data/mooncake/ai_0284.jpg,AI composite,generated_mooncake_0284.png,gpt-image-2,"one mooncake with a different filling style and stamped pattern, realistic casual food photo, warm light, no people, no text, no logo, no packaging",procedural-color-shapes,,,
data/mooncake/ai_0285.jpg,AI composite,generated_mooncake_0285.png,gpt-image-2,"a single colorful snow-skin mooncake, realistic phone photo, simple tabletop, mild shadows and imperfect composition, no text, no logo",commons_89958705.jpg,https://commons.wikimedia.org/wiki/File:Cookies_(4122540877).jpg,Katrin Gilger,CC BY-SA 2.0
data/mooncake/ai_0286.jpg,AI composite,generated_mooncake_0286.png,gpt-image-2,"a single mooncake cut slightly open to show filling, realistic food photo, natural indoor light, no text, no logo, no packaging",procedural-noise,,,
data/mooncake/ai_0287.jpg,AI composite,generated_mooncake_0287.png,gpt-image-2,"a single mini mooncake on a plate, realistic home photo, slightly soft focus but clearly recognizable, no text, no logo",procedural-color-shapes,,,
data/mooncake/ai_0288.jpg,AI composite,generated_mooncake_0288.png,gpt-image-2,"a single mooncake photographed in a bakery-like setting without readable signs, realistic casual photo, no text, no logo, no packaging",commons_186955660.jpg,https://commons.wikimedia.org/wiki/File:MC_%E6%BE%B3%E9%96%80_Macau_%E8%B7%AF%E6%B0%B9_Cotai_%E8%90%AC%E8%B1%AA%E9%85%92%E5%BA%97_JW_Marriott_Hotel_Macao_%E5%90%8D%E5%BB%9A%E9%83%BD%E5%8C%AF_Urban_Kitchen_Restaurant_%E8%87%AA%E5%8A%A9%E5%8D%88%E9%A4%90_lunch_buffet_food_%E7%94%9C%E5%93%81_desserts_sweet_cakes_n_egg_tart_March_2026_N13P_01.jpg,MCMAZ Lunggma,CC0
data/mooncake/ai_0289.jpg,AI composite,generated_mooncake_0289.png,gpt-image-2,"a single traditional Chinese mooncake on a ceramic plate, realistic smartphone food photo, warm indoor light, simple table background, no text, no logo, no packaging",procedural-noise,,,
data/mooncake/ai_0290.jpg,AI composite,generated_mooncake_0290.png,gpt-image-2,"a single Cantonese mooncake with a stamped golden-brown crust, realistic casual home photo, slightly imperfect focus, natural window light, no text, no logo",procedural-color-shapes,,,
data/mooncake/ai_0291.jpg,AI composite,generated_mooncake_0291.png,gpt-image-2,"a single snow-skin mooncake on a small plate, realistic food photo, mild background clutter, natural colors, no text, no logo, no packaging",commons_178999926.jpg,https://commons.wikimedia.org/wiki/File:%D0%9A%D0%BE%D0%BA%D0%BE%D1%81_%D0%BA%D1%80%D0%BE%D1%84%D0%BD%D0%B8%D1%87%D0%BA%D0%B8.jpg,Viktorija N. Ivanov,CC BY-SA 4.0
data/mooncake/ai_0292.jpg,AI composite,generated_mooncake_0292.png,gpt-image-2,"a single mooncake photographed from a slightly tilted angle, ordinary kitchen lighting, realistic phone-camera look, mild motion blur, no text, no logo",procedural-noise,,,
data/mooncake/ai_0293.jpg,AI composite,generated_mooncake_0293.png,gpt-image-2,"a single mooncake partly beside a cup of tea, realistic dining-table photo, soft shadows, recognizable shape, no text, no logo, no packaging",procedural-color-shapes,,,
data/mooncake/ai_0294.jpg,AI composite,generated_mooncake_0294.png,gpt-image-2,"a close but ordinary photo of one mooncake with a traditional pattern, slightly uneven lighting and focus, realistic food photography, no text, no logo",commons_182391247.jpg,https://commons.wikimedia.org/wiki/File:Australian_butterfly_cupcakes_03.jpg,AlphaLemur,CC BY 4.0
data/mooncake/ai_0295.jpg,AI composite,generated_mooncake_0295.png,gpt-image-2,"one mooncake on a white plate photographed from a little farther away, realistic indoor photo, neutral background, clear enough to recognize, no text, no logo",procedural-noise,,,
data/mooncake/ai_0296.jpg,AI composite,generated_mooncake_0296.png,gpt-image-2,"one mooncake with a different filling style and stamped pattern, realistic casual food photo, warm light, no people, no text, no logo, no packaging",procedural-color-shapes,,,
data/mooncake/ai_0297.jpg,AI composite,generated_mooncake_0297.png,gpt-image-2,"a single colorful snow-skin mooncake, realistic phone photo, simple tabletop, mild shadows and imperfect composition, no text, no logo",commons_130228852.jpg,https://commons.wikimedia.org/wiki/File:Egg_tarts_-_one_kind_of_dim_sums_found_in_Chinese_restaurants.jpg,Pauloleong2002,CC BY-SA 4.0
data/mooncake/ai_0298.jpg,AI composite,generated_mooncake_0298.png,gpt-image-2,"a single mooncake cut slightly open to show filling, realistic food photo, natural indoor light, no text, no logo, no packaging",procedural-noise,,,
data/mooncake/ai_0299.jpg,AI composite,generated_mooncake_0299.png,gpt-image-2,"a single mini mooncake on a plate, realistic home photo, slightly soft focus but clearly recognizable, no text, no logo",procedural-color-shapes,,,
data/mooncake/ai_0300.jpg,AI composite,generated_mooncake_0300.png,gpt-image-2,"a single mooncake photographed in a bakery-like setting without readable signs, realistic casual photo, no text, no logo, no packaging",commons_38939497.jpg,https://commons.wikimedia.org/wiki/File:Cupcakes_decorados..jpg,Joanai64,CC BY-SA 4.0
data/mooncake/ai_0301.jpg,AI composite,generated_mooncake_0301.png,gpt-image-2,"a single traditional Chinese mooncake on a ceramic plate, realistic smartphone food photo, warm indoor light, simple table background, no text, no logo, no packaging",procedural-noise,,,
data/mooncake/ai_0302.jpg,AI composite,generated_mooncake_0302.png,gpt-image-2,"a single Cantonese mooncake with a stamped golden-brown crust, realistic casual home photo, slightly imperfect focus, natural window light, no text, no logo",procedural-color-shapes,,,
data/mooncake/ai_0303.jpg,AI composite,generated_mooncake_0303.png,gpt-image-2,"a single snow-skin mooncake on a small plate, realistic food photo, mild background clutter, natural colors, no text, no logo, no packaging",commons_7478307.jpg,https://commons.wikimedia.org/wiki/File:Galletitas_de_salvado.jpeg,Argentino1993,CC BY 3.0
data/mooncake/ai_0304.jpg,AI composite,generated_mooncake_0304.png,gpt-image-2,"a single mooncake photographed from a slightly tilted angle, ordinary kitchen lighting, realistic phone-camera look, mild motion blur, no text, no logo",procedural-noise,,,
data/mooncake/ai_0305.jpg,AI composite,generated_mooncake_0305.png,gpt-image-2,"a single mooncake partly beside a cup of tea, realistic dining-table photo, soft shadows, recognizable shape, no text, no logo, no packaging",procedural-color-shapes,,,
data/mooncake/ai_0306.jpg,AI composite,generated_mooncake_0306.png,gpt-image-2,"a close but ordinary photo of one mooncake with a traditional pattern, slightly uneven lighting and focus, realistic food photography, no text, no logo",commons_190791982.jpg,https://commons.wikimedia.org/wiki/File:Jam_Doughnut_with_White_Sugar_on_top.jpg,Brassluff,CC0
data/mooncake/ai_0307.jpg,AI composite,generated_mooncake_0307.png,gpt-image-2,"one mooncake on a white plate photographed from a little farther away, realistic indoor photo, neutral background, clear enough to recognize, no text, no logo",procedural-noise,,,
data/mooncake/ai_0308.jpg,AI composite,generated_mooncake_0308.png,gpt-image-2,"one mooncake with a different filling style and stamped pattern, realistic casual food photo, warm light, no people, no text, no logo, no packaging",procedural-color-shapes,,,
data/mooncake/ai_0309.jpg,AI composite,generated_mooncake_0309.png,gpt-image-2,"a single colorful snow-skin mooncake, realistic phone photo, simple tabletop, mild shadows and imperfect composition, no text, no logo",commons_71378912.jpg,https://commons.wikimedia.org/wiki/File:500px_photo_(53002150).jpeg,Daniel J,CC BY-SA 3.0
data/mooncake/ai_0310.jpg,AI composite,generated_mooncake_0310.png,gpt-image-2,"a single mooncake cut slightly open to show filling, realistic food photo, natural indoor light, no text, no logo, no packaging",procedural-noise,,,
data/mooncake/ai_0311.jpg,AI composite,generated_mooncake_0311.png,gpt-image-2,"a single mini mooncake on a plate, realistic home photo, slightly soft focus but clearly recognizable, no text, no logo",procedural-color-shapes,,,
data/mooncake/ai_0312.jpg,AI composite,generated_mooncake_0312.png,gpt-image-2,"a single mooncake photographed in a bakery-like setting without readable signs, realistic casual photo, no text, no logo, no packaging",commons_92070246.jpg,https://commons.wikimedia.org/wiki/File:DSC07062_-_Flickr_-_babygoldfish.jpg,babygoldfish,CC BY 2.0
data/mooncake/ai_0313.jpg,AI composite,generated_mooncake_0313.png,gpt-image-2,"a single traditional Chinese mooncake on a ceramic plate, realistic smartphone food photo, warm indoor light, simple table background, no text, no logo, no packaging",procedural-noise,,,
data/mooncake/ai_0314.jpg,AI composite,generated_mooncake_0314.png,gpt-image-2,"a single Cantonese mooncake with a stamped golden-brown crust, realistic casual home photo, slightly imperfect focus, natural window light, no text, no logo",procedural-color-shapes,,,
data/mooncake/ai_0315.jpg,AI composite,generated_mooncake_0315.png,gpt-image-2,"a single snow-skin mooncake on a small plate, realistic food photo, mild background clutter, natural colors, no text, no logo, no packaging",commons_133525659.jpg,"https://commons.wikimedia.org/wiki/File:AEON_Taman_Maluri,_Kuala_Lumpur_20230618_104120.jpg",Wiki Farazi,CC0
data/mooncake/ai_0316.jpg,AI composite,generated_mooncake_0316.png,gpt-image-2,"a single mooncake photographed from a slightly tilted angle, ordinary kitchen lighting, realistic phone-camera look, mild motion blur, no text, no logo",procedural-noise,,,
data/mooncake/ai_0317.jpg,AI composite,generated_mooncake_0317.png,gpt-image-2,"a single mooncake partly beside a cup of tea, realistic dining-table photo, soft shadows, recognizable shape, no text, no logo, no packaging",procedural-color-shapes,,,
data/mooncake/ai_0318.jpg,AI composite,generated_mooncake_0318.png,gpt-image-2,"a close but ordinary photo of one mooncake with a traditional pattern, slightly uneven lighting and focus, realistic food photography, no text, no logo",commons_77585291.jpg,https://commons.wikimedia.org/wiki/File:Masopustn%C3%AD_sladkosti_a_pe%C4%8Divo_24.jpg,Pohled 111,CC BY-SA 4.0
data/mooncake/ai_0319.jpg,AI composite,generated_mooncake_0319.png,gpt-image-2,"one mooncake on a white plate photographed from a little farther away, realistic indoor photo, neutral background, clear enough to recognize, no text, no logo",procedural-noise,,,
data/mooncake/ai_0320.jpg,AI composite,generated_mooncake_0320.png,gpt-image-2,"one mooncake with a different filling style and stamped pattern, realistic casual food photo, warm light, no people, no text, no logo, no packaging",procedural-color-shapes,,,
data/mooncake/ai_0321.jpg,AI composite,generated_mooncake_0321.png,gpt-image-2,"a single colorful snow-skin mooncake, realistic phone photo, simple tabletop, mild shadows and imperfect composition, no text, no logo",commons_128805041.jpg,https://commons.wikimedia.org/wiki/File:Fundadores_American_Cookies.jpg,Pauloalves2304,CC BY-SA 4.0
data/mooncake/ai_0322.jpg,AI composite,generated_mooncake_0322.png,gpt-image-2,"a single mooncake cut slightly open to show filling, realistic food photo, natural indoor light, no text, no logo, no packaging",procedural-noise,,,
data/mooncake/ai_0323.jpg,AI composite,generated_mooncake_0323.png,gpt-image-2,"a single mini mooncake on a plate, realistic home photo, slightly soft focus but clearly recognizable, no text, no logo",procedural-color-shapes,,,
data/mooncake/ai_0324.jpg,AI composite,generated_mooncake_0324.png,gpt-image-2,"a single mooncake photographed in a bakery-like setting without readable signs, realistic casual photo, no text, no logo, no packaging",commons_91724010.jpg,"https://commons.wikimedia.org/wiki/File:Muffins,_Bagels,_Starbucks_-_Flickr_-_Nico_Kaiser.jpg","Nico Kaiser from Wien, Austria",CC BY-SA 2.0
data/mooncake/ai_0325.jpg,AI composite,generated_mooncake_0325.png,gpt-image-2,"a single traditional Chinese mooncake on a ceramic plate, realistic smartphone food photo, warm indoor light, simple table background, no text, no logo, no packaging",procedural-noise,,,
data/mooncake/ai_0326.jpg,AI composite,generated_mooncake_0326.png,gpt-image-2,"a single Cantonese mooncake with a stamped golden-brown crust, realistic casual home photo, slightly imperfect focus, natural window light, no text, no logo",procedural-color-shapes,,,
data/mooncake/ai_0327.jpg,AI composite,generated_mooncake_0327.png,gpt-image-2,"a single snow-skin mooncake on a small plate, realistic food photo, mild background clutter, natural colors, no text, no logo, no packaging",commons_137092781.jpg,https://commons.wikimedia.org/wiki/File:FIFA_Women%27s_World_Cup_2015_Launch_(14180209328).jpg,"Mack Male from Edmonton, AB, Canada",CC BY-SA 2.0
data/mooncake/ai_0328.jpg,AI composite,generated_mooncake_0328.png,gpt-image-2,"a single mooncake photographed from a slightly tilted angle, ordinary kitchen lighting, realistic phone-camera look, mild motion blur, no text, no logo",procedural-noise,,,
data/mooncake/ai_0329.jpg,AI composite,generated_mooncake_0329.png,gpt-image-2,"a single mooncake partly beside a cup of tea, realistic dining-table photo, soft shadows, recognizable shape, no text, no logo, no packaging",procedural-color-shapes,,,
data/mooncake/ai_0330.jpg,AI composite,generated_mooncake_0330.png,gpt-image-2,"a close but ordinary photo of one mooncake with a traditional pattern, slightly uneven lighting and focus, realistic food photography, no text, no logo",commons_151818874.jpg,https://commons.wikimedia.org/wiki/File:Basketball_cookie_given_to_hassan.jpg,Hassan Sirhandi,CC0
data/mooncake/ai_0331.jpg,AI composite,generated_mooncake_0331.png,gpt-image-2,"one mooncake on a white plate photographed from a little farther away, realistic indoor photo, neutral background, clear enough to recognize, no text, no logo",procedural-noise,,,
data/mooncake/ai_0332.jpg,AI composite,generated_mooncake_0332.png,gpt-image-2,"one mooncake with a different filling style and stamped pattern, realistic casual food photo, warm light, no people, no text, no logo, no packaging",procedural-color-shapes,,,
data/mooncake/ai_0333.jpg,AI composite,generated_mooncake_0333.png,gpt-image-2,"a single colorful snow-skin mooncake, realistic phone photo, simple tabletop, mild shadows and imperfect composition, no text, no logo",commons_143000247.jpg,https://commons.wikimedia.org/wiki/File:GD_%E5%BB%A3%E6%9D%B1_Guangdong_%E6%B1%95%E9%A0%AD%E7%8C%9B%E7%8D%85%E5%87%B1%E8%90%8A%E9%85%92%E5%BA%97_Shantou_Menshine_Gloria_Plaza_Hotel_%E9%A4%90%E5%BB%B3_restaurant_%E6%97%A9%E9%A4%90_breakfast_buffet_bread_n_egg_tart_December_2023_Red7_01.jpg,Tang HungTze Fat,CC0
data/mooncake/ai_0334.jpg,AI composite,generated_mooncake_0334.png,gpt-image-2,"a single mooncake cut slightly open to show filling, realistic food photo, natural indoor light, no text, no logo, no packaging",procedural-noise,,,
data/mooncake/ai_0335.jpg,AI composite,generated_mooncake_0335.png,gpt-image-2,"a single mini mooncake on a plate, realistic home photo, slightly soft focus but clearly recognizable, no text, no logo",procedural-color-shapes,,,
data/mooncake/ai_0336.jpg,AI composite,generated_mooncake_0336.png,gpt-image-2,"a single mooncake photographed in a bakery-like setting without readable signs, realistic casual photo, no text, no logo, no packaging",commons_167372189.jpg,https://commons.wikimedia.org/wiki/File:5-25-2025_Earl_grey_cookies_with_extra_orange_rind_-_007.jpg,Wheeler Cowperthwaite,CC BY 2.0
data/mooncake/ai_0337.jpg,AI composite,generated_mooncake_0337.png,gpt-image-2,"a single traditional Chinese mooncake on a ceramic plate, realistic smartphone food photo, warm indoor light, simple table background, no text, no logo, no packaging",procedural-noise,,,
data/mooncake/ai_0338.jpg,AI composite,generated_mooncake_0338.png,gpt-image-2,"a single Cantonese mooncake with a stamped golden-brown crust, realistic casual home photo, slightly imperfect focus, natural window light, no text, no logo",procedural-color-shapes,,,
data/mooncake/ai_0339.jpg,AI composite,generated_mooncake_0339.png,gpt-image-2,"a single snow-skin mooncake on a small plate, realistic food photo, mild background clutter, natural colors, no text, no logo, no packaging",commons_191730484.jpg,https://commons.wikimedia.org/wiki/File:Cakes_and_Other_Baked_Food_on_Display_At_Ferguson_Plarre%27s_Bakehouse_of_Southland.jpg,Brassluff,CC0
data/mooncake/ai_0340.jpg,AI composite,generated_mooncake_0340.png,gpt-image-2,"a single mooncake photographed from a slightly tilted angle, ordinary kitchen lighting, realistic phone-camera look, mild motion blur, no text, no logo",procedural-noise,,,
data/mooncake/ai_0341.jpg,AI composite,generated_mooncake_0341.png,gpt-image-2,"a single mooncake partly beside a cup of tea, realistic dining-table photo, soft shadows, recognizable shape, no text, no logo, no packaging",procedural-color-shapes,,,
data/mooncake/ai_0342.jpg,AI composite,generated_mooncake_0342.png,gpt-image-2,"a close but ordinary photo of one mooncake with a traditional pattern, slightly uneven lighting and focus, realistic food photography, no text, no logo",commons_22566625.jpg,https://commons.wikimedia.org/wiki/File:Clay_Cupcake.jpg,Itzuvit,CC BY-SA 3.0
data/mooncake/ai_0343.jpg,AI composite,generated_mooncake_0343.png,gpt-image-2,"one mooncake on a white plate photographed from a little farther away, realistic indoor photo, neutral background, clear enough to recognize, no text, no logo",procedural-noise,,,
data/mooncake/ai_0344.jpg,AI composite,generated_mooncake_0344.png,gpt-image-2,"one mooncake with a different filling style and stamped pattern, realistic casual food photo, warm light, no people, no text, no logo, no packaging",procedural-color-shapes,,,
data/mooncake/ai_0345.jpg,AI composite,generated_mooncake_0345.png,gpt-image-2,"a single colorful snow-skin mooncake, realistic phone photo, simple tabletop, mild shadows and imperfect composition, no text, no logo",commons_61665385.jpg,https://commons.wikimedia.org/wiki/File:Muffins_on_a_plate_(Unsplash).jpg,NordWood Themes nordwood,CC0
data/mooncake/ai_0346.jpg,AI composite,generated_mooncake_0346.png,gpt-image-2,"a single mooncake cut slightly open to show filling, realistic food photo, natural indoor light, no text, no logo, no packaging",procedural-noise,,,
data/mooncake/ai_0347.jpg,AI composite,generated_mooncake_0347.png,gpt-image-2,"a single mini mooncake on a plate, realistic home photo, slightly soft focus but clearly recognizable, no text, no logo",procedural-color-shapes,,,
data/mooncake/ai_0348.jpg,AI composite,generated_mooncake_0348.png,gpt-image-2,"a single mooncake photographed in a bakery-like setting without readable signs, realistic casual photo, no text, no logo, no packaging",commons_91343391.jpg,https://commons.wikimedia.org/wiki/File:Brown_muffin_with_decoration.jpg,TudorTulok,CC BY-SA 4.0
data/mooncake/ai_0349.jpg,AI composite,generated_mooncake_0349.png,gpt-image-2,"a single traditional Chinese mooncake on a ceramic plate, realistic smartphone food photo, warm indoor light, simple table background, no text, no logo, no packaging",procedural-noise,,,
data/mooncake/ai_0350.jpg,AI composite,generated_mooncake_0350.png,gpt-image-2,"a single Cantonese mooncake with a stamped golden-brown crust, realistic casual home photo, slightly imperfect focus, natural window light, no text, no logo",procedural-color-shapes,,,
data/mooncake/ai_0351.jpg,AI composite,generated_mooncake_0351.png,gpt-image-2,"a single snow-skin mooncake on a small plate, realistic food photo, mild background clutter, natural colors, no text, no logo, no packaging",commons_17352247.jpg,https://commons.wikimedia.org/wiki/File:747165_ShaverRasp_LifestyleCupcakes_Cupcakes7.4x7.4.jpg,Brownretail,CC BY-SA 3.0
data/mooncake/ai_0352.jpg,AI composite,generated_mooncake_0352.png,gpt-image-2,"a single mooncake photographed from a slightly tilted angle, ordinary kitchen lighting, realistic phone-camera look, mild motion blur, no text, no logo",procedural-noise,,,
data/mooncake/ai_0353.jpg,AI composite,generated_mooncake_0353.png,gpt-image-2,"a single mooncake partly beside a cup of tea, realistic dining-table photo, soft shadows, recognizable shape, no text, no logo, no packaging",procedural-color-shapes,,,
data/mooncake/ai_0354.jpg,AI composite,generated_mooncake_0354.png,gpt-image-2,"a close but ordinary photo of one mooncake with a traditional pattern, slightly uneven lighting and focus, realistic food photography, no text, no logo",commons_197516583.jpg,https://commons.wikimedia.org/wiki/File:Coffee_donuts_a_book_and_a_camera_on_a_wooden_table_with_a_map_design.jpg,Shixart1985,CC BY 2.0
data/mooncake/ai_0355.jpg,AI composite,generated_mooncake_0355.png,gpt-image-2,"one mooncake on a white plate photographed from a little farther away, realistic indoor photo, neutral background, clear enough to recognize, no text, no logo",procedural-noise,,,
data/mooncake/ai_0356.jpg,AI composite,generated_mooncake_0356.png,gpt-image-2,"one mooncake with a different filling style and stamped pattern, realistic casual food photo, warm light, no people, no text, no logo, no packaging",procedural-color-shapes,,,
data/mooncake/ai_0357.jpg,AI composite,generated_mooncake_0357.png,gpt-image-2,"a single colorful snow-skin mooncake, realistic phone photo, simple tabletop, mild shadows and imperfect composition, no text, no logo",commons_131599845.jpg,https://commons.wikimedia.org/wiki/File:Pwnded_%22muffin%22_(7309246418).jpg,Carlos Gracia,CC BY 2.0
data/mooncake/ai_0358.jpg,AI composite,generated_mooncake_0358.png,gpt-image-2,"a single mooncake cut slightly open to show filling, realistic food photo, natural indoor light, no text, no logo, no packaging",procedural-noise,,,
data/mooncake/ai_0359.jpg,AI composite,generated_mooncake_0359.png,gpt-image-2,"a single mini mooncake on a plate, realistic home photo, slightly soft focus but clearly recognizable, no text, no logo",procedural-color-shapes,,,
data/mooncake/ai_0360.jpg,AI composite,generated_mooncake_0360.png,gpt-image-2,"a single mooncake photographed in a bakery-like setting without readable signs, realistic casual photo, no text, no logo, no packaging",commons_9804615.jpg,https://commons.wikimedia.org/wiki/File:100322_Apfelkr%C3%A4ppel_SK_3.jpg,SusKauz,Public domain
data/mooncake/ai_0361.jpg,AI composite,generated_mooncake_0361.png,gpt-image-2,"a single traditional Chinese mooncake on a ceramic plate, realistic smartphone food photo, warm indoor light, simple table background, no text, no logo, no packaging",procedural-noise,,,
data/mooncake/ai_0362.jpg,AI composite,generated_mooncake_0362.png,gpt-image-2,"a single Cantonese mooncake with a stamped golden-brown crust, realistic casual home photo, slightly imperfect focus, natural window light, no text, no logo",procedural-color-shapes,,,
data/mooncake/ai_0363.jpg,AI composite,generated_mooncake_0363.png,gpt-image-2,"a single snow-skin mooncake on a small plate, realistic food photo, mild background clutter, natural colors, no text, no logo, no packaging",commons_109581550.jpg,https://commons.wikimedia.org/wiki/File:Cookies_from_Sugared_and_Spiced_(39853159962).jpg,"Mack Male from Edmonton, AB, Canada",CC BY-SA 2.0
data/mooncake/ai_0364.jpg,AI composite,generated_mooncake_0364.png,gpt-image-2,"a single mooncake photographed from a slightly tilted angle, ordinary kitchen lighting, realistic phone-camera look, mild motion blur, no text, no logo",procedural-noise,,,
data/mooncake/ai_0365.jpg,AI composite,generated_mooncake_0365.png,gpt-image-2,"a single mooncake partly beside a cup of tea, realistic dining-table photo, soft shadows, recognizable shape, no text, no logo, no packaging",procedural-color-shapes,,,
data/mooncake/ai_0366.jpg,AI composite,generated_mooncake_0366.png,gpt-image-2,"a close but ordinary photo of one mooncake with a traditional pattern, slightly uneven lighting and focus, realistic food photography, no text, no logo",commons_10253909.jpg,https://commons.wikimedia.org/wiki/File:Caramel_Florentine_Fudge_Cupcake_detail.jpg,Janet Hudson,CC BY 2.0
data/mooncake/ai_0367.jpg,AI composite,generated_mooncake_0367.png,gpt-image-2,"one mooncake on a white plate photographed from a little farther away, realistic indoor photo, neutral background, clear enough to recognize, no text, no logo",procedural-noise,,,
data/mooncake/ai_0368.jpg,AI composite,generated_mooncake_0368.png,gpt-image-2,"one mooncake with a different filling style and stamped pattern, realistic casual food photo, warm light, no people, no text, no logo, no packaging",procedural-color-shapes,,,
data/mooncake/ai_0369.jpg,AI composite,generated_mooncake_0369.png,gpt-image-2,"a single colorful snow-skin mooncake, realistic phone photo, simple tabletop, mild shadows and imperfect composition, no text, no logo",commons_110122495.jpg,https://commons.wikimedia.org/wiki/File:Cookies_(3568941103).jpg,"Neil Conway from Oakland, USA",CC BY 2.0
data/mooncake/ai_0370.jpg,AI composite,generated_mooncake_0370.png,gpt-image-2,"a single mooncake cut slightly open to show filling, realistic food photo, natural indoor light, no text, no logo, no packaging",procedural-noise,,,
data/mooncake/ai_0371.jpg,AI composite,generated_mooncake_0371.png,gpt-image-2,"a single mini mooncake on a plate, realistic home photo, slightly soft focus but clearly recognizable, no text, no logo",procedural-color-shapes,,,
data/mooncake/ai_0372.jpg,AI composite,generated_mooncake_0372.png,gpt-image-2,"a single mooncake photographed in a bakery-like setting without readable signs, realistic casual photo, no text, no logo, no packaging",commons_157317907.jpg,https://commons.wikimedia.org/wiki/File:Tournage_emission.jpg,Bertrand82410,CC BY-SA 4.0
data/mooncake/ai_0373.jpg,AI composite,generated_mooncake_0373.png,gpt-image-2,"a single traditional Chinese mooncake on a ceramic plate, realistic smartphone food photo, warm indoor light, simple table background, no text, no logo, no packaging",procedural-noise,,,
data/mooncake/ai_0374.jpg,AI composite,generated_mooncake_0374.png,gpt-image-2,"a single Cantonese mooncake with a stamped golden-brown crust, realistic casual home photo, slightly imperfect focus, natural window light, no text, no logo",procedural-color-shapes,,,
data/mooncake/ai_0375.jpg,AI composite,generated_mooncake_0375.png,gpt-image-2,"a single snow-skin mooncake on a small plate, realistic food photo, mild background clutter, natural colors, no text, no logo, no packaging",commons_31405552.jpg,https://commons.wikimedia.org/wiki/File:Dipytch_Cinnamon_Swirls.jpg,Tom Newby,CC BY 2.0
data/mooncake/ai_0376.jpg,AI composite,generated_mooncake_0376.png,gpt-image-2,"a single mooncake photographed from a slightly tilted angle, ordinary kitchen lighting, realistic phone-camera look, mild motion blur, no text, no logo",procedural-noise,,,
data/mooncake/ai_0377.jpg,AI composite,generated_mooncake_0377.png,gpt-image-2,"a single mooncake partly beside a cup of tea, realistic dining-table photo, soft shadows, recognizable shape, no text, no logo, no packaging",procedural-color-shapes,,,
data/mooncake/ai_0378.jpg,AI composite,generated_mooncake_0378.png,gpt-image-2,"a close but ordinary photo of one mooncake with a traditional pattern, slightly uneven lighting and focus, realistic food photography, no text, no logo",commons_404615.jpg,https://commons.wikimedia.org/wiki/File:Muffins_in_oven.jpg,,CC BY-SA 3.0
data/mooncake/ai_0379.jpg,AI composite,generated_mooncake_0379.png,gpt-image-2,"one mooncake on a white plate photographed from a little farther away, realistic indoor photo, neutral background, clear enough to recognize, no text, no logo",procedural-noise,,,
data/mooncake/ai_0380.jpg,AI composite,generated_mooncake_0380.png,gpt-image-2,"one mooncake with a different filling style and stamped pattern, realistic casual food photo, warm light, no people, no text, no logo, no packaging",procedural-color-shapes,,,
data/mooncake/ai_0381.jpg,AI composite,generated_mooncake_0381.png,gpt-image-2,"a single colorful snow-skin mooncake, realistic phone photo, simple tabletop, mild shadows and imperfect composition, no text, no logo",commons_10253501.jpg,https://commons.wikimedia.org/wiki/File:Cupcake_with_rosy-cheeked_person.jpg,Ana Fuji,CC BY 2.0
data/mooncake/ai_0382.jpg,AI composite,generated_mooncake_0382.png,gpt-image-2,"a single mooncake cut slightly open to show filling, realistic food photo, natural indoor light, no text, no logo, no packaging",procedural-noise,,,
data/mooncake/ai_0383.jpg,AI composite,generated_mooncake_0383.png,gpt-image-2,"a single mini mooncake on a plate, realistic home photo, slightly soft focus but clearly recognizable, no text, no logo",procedural-color-shapes,,,
data/mooncake/ai_0384.jpg,AI composite,generated_mooncake_0384.png,gpt-image-2,"a single mooncake photographed in a bakery-like setting without readable signs, realistic casual photo, no text, no logo, no packaging",commons_184322638.jpg,https://commons.wikimedia.org/wiki/File:JP_%E6%B2%96%E7%B9%A9_Okinawa_%E9%82%A3%E9%9C%B8%E5%B8%82_Naha_City_mall_shop_Mister_Donut_baked_food_products_in_February_2026_N13P_07.jpg,NORTLAUKAU 26088 JP,CC0
data/mooncake/ai_0385.jpg,AI composite,generated_mooncake_0385.png,gpt-image-2,"a single traditional Chinese mooncake on a ceramic plate, realistic smartphone food photo, warm indoor light, simple table background, no text, no logo, no packaging",procedural-noise,,,
data/mooncake/ai_0386.jpg,AI composite,generated_mooncake_0386.png,gpt-image-2,"a single Cantonese mooncake with a stamped golden-brown crust, realistic casual home photo, slightly imperfect focus, natural window light, no text, no logo",procedural-color-shapes,,,
data/mooncake/ai_0387.jpg,AI composite,generated_mooncake_0387.png,gpt-image-2,"a single snow-skin mooncake on a small plate, realistic food photo, mild background clutter, natural colors, no text, no logo, no packaging",commons_98824659.jpg,https://commons.wikimedia.org/wiki/File:Pastel_de_nata_from_Mandarin_Oriental.jpg,Peachyeung316,CC BY-SA 4.0
data/mooncake/ai_0388.jpg,AI composite,generated_mooncake_0388.png,gpt-image-2,"a single mooncake photographed from a slightly tilted angle, ordinary kitchen lighting, realistic phone-camera look, mild motion blur, no text, no logo",procedural-noise,,,
data/mooncake/ai_0389.jpg,AI composite,generated_mooncake_0389.png,gpt-image-2,"a single mooncake partly beside a cup of tea, realistic dining-table photo, soft shadows, recognizable shape, no text, no logo, no packaging",procedural-color-shapes,,,
data/mooncake/ai_0390.jpg,AI composite,generated_mooncake_0390.png,gpt-image-2,"a close but ordinary photo of one mooncake with a traditional pattern, slightly uneven lighting and focus, realistic food photography, no text, no logo",commons_10363037.jpg,https://commons.wikimedia.org/wiki/File:Coconut_topping_on_samoa_cupcakes.jpg,Joy,CC BY 2.0
data/mooncake/ai_0391.jpg,AI composite,generated_mooncake_0391.png,gpt-image-2,"one mooncake on a white plate photographed from a little farther away, realistic indoor photo, neutral background, clear enough to recognize, no text, no logo",procedural-noise,,,
data/mooncake/ai_0392.jpg,AI composite,generated_mooncake_0392.png,gpt-image-2,"one mooncake with a different filling style and stamped pattern, realistic casual food photo, warm light, no people, no text, no logo, no packaging",procedural-color-shapes,,,
data/mooncake/ai_0393.jpg,AI composite,generated_mooncake_0393.png,gpt-image-2,"a single colorful snow-skin mooncake, realistic phone photo, simple tabletop, mild shadows and imperfect composition, no text, no logo",commons_18937606.jpg,https://commons.wikimedia.org/wiki/File:LD-Donut-Sticks.jpg,Evan-Amos,CC BY-SA 3.0
data/mooncake/ai_0394.jpg,AI composite,generated_mooncake_0394.png,gpt-image-2,"a single mooncake cut slightly open to show filling, realistic food photo, natural indoor light, no text, no logo, no packaging",procedural-noise,,,
data/mooncake/ai_0395.jpg,AI composite,generated_mooncake_0395.png,gpt-image-2,"a single mini mooncake on a plate, realistic home photo, slightly soft focus but clearly recognizable, no text, no logo",procedural-color-shapes,,,
data/mooncake/ai_0396.jpg,AI composite,generated_mooncake_0396.png,gpt-image-2,"a single mooncake photographed in a bakery-like setting without readable signs, realistic casual photo, no text, no logo, no packaging",commons_6557521.jpg,https://commons.wikimedia.org/wiki/File:TarteletteOeufsChinois.jpg,BioPowa,Public domain
data/mooncake/ai_0397.jpg,AI composite,generated_mooncake_0397.png,gpt-image-2,"a single traditional Chinese mooncake on a ceramic plate, realistic smartphone food photo, warm indoor light, simple table background, no text, no logo, no packaging",procedural-noise,,,
data/mooncake/ai_0398.jpg,AI composite,generated_mooncake_0398.png,gpt-image-2,"a single Cantonese mooncake with a stamped golden-brown crust, realistic casual home photo, slightly imperfect focus, natural window light, no text, no logo",procedural-color-shapes,,,
data/mooncake/ai_0399.jpg,AI composite,generated_mooncake_0399.png,gpt-image-2,"a single snow-skin mooncake on a small plate, realistic food photo, mild background clutter, natural colors, no text, no logo, no packaging",commons_143799765.jpg,https://commons.wikimedia.org/wiki/File:Dota_2_Cookies.jpg,xReDeYe,CC BY 2.0
data/mooncake/ai_0400.jpg,AI composite,generated_mooncake_0400.png,gpt-image-2,"a single mooncake photographed from a slightly tilted angle, ordinary kitchen lighting, realistic phone-camera look, mild motion blur, no text, no logo",procedural-noise,,,
data/mooncake/ai_0401.jpg,AI composite,generated_mooncake_0401.png,gpt-image-2,"a single mooncake partly beside a cup of tea, realistic dining-table photo, soft shadows, recognizable shape, no text, no logo, no packaging",procedural-color-shapes,,,
data/mooncake/ai_0402.jpg,AI composite,generated_mooncake_0402.png,gpt-image-2,"a close but ordinary photo of one mooncake with a traditional pattern, slightly uneven lighting and focus, realistic food photography, no text, no logo",commons_87527818.jpg,https://commons.wikimedia.org/wiki/File:Cupcake!!_(46572526321).jpg,Jim  Lukach,CC BY 2.0
data/mooncake/ai_0403.jpg,AI composite,generated_mooncake_0403.png,gpt-image-2,"one mooncake on a white plate photographed from a little farther away, realistic indoor photo, neutral background, clear enough to recognize, no text, no logo",procedural-noise,,,
data/mooncake/ai_0404.jpg,AI composite,generated_mooncake_0404.png,gpt-image-2,"one mooncake with a different filling style and stamped pattern, realistic casual food photo, warm light, no people, no text, no logo, no packaging",procedural-color-shapes,,,
data/mooncake/ai_0405.jpg,AI composite,generated_mooncake_0405.png,gpt-image-2,"a single colorful snow-skin mooncake, realistic phone photo, simple tabletop, mild shadows and imperfect composition, no text, no logo",commons_38072627.jpg,https://commons.wikimedia.org/wiki/File:Floresta_Dobutsu_Donut_bees.jpg,Japanexperterna.se,CC BY-SA 3.0
data/mooncake/ai_0406.jpg,AI composite,generated_mooncake_0406.png,gpt-image-2,"a single mooncake cut slightly open to show filling, realistic food photo, natural indoor light, no text, no logo, no packaging",procedural-noise,,,
data/mooncake/ai_0407.jpg,AI composite,generated_mooncake_0407.png,gpt-image-2,"a single mini mooncake on a plate, realistic home photo, slightly soft focus but clearly recognizable, no text, no logo",procedural-color-shapes,,,
data/mooncake/ai_0408.jpg,AI composite,generated_mooncake_0408.png,gpt-image-2,"a single mooncake photographed in a bakery-like setting without readable signs, realistic casual photo, no text, no logo, no packaging",commons_132889060.jpg,https://commons.wikimedia.org/wiki/File:Molds_2016_Rami_Tareef.jpg,Rami Tareef,CC BY-SA 4.0
data/mooncake/ai_0409.jpg,AI composite,generated_mooncake_0409.png,gpt-image-2,"a single traditional Chinese mooncake on a ceramic plate, realistic smartphone food photo, warm indoor light, simple table background, no text, no logo, no packaging",procedural-noise,,,
data/mooncake/ai_0410.jpg,AI composite,generated_mooncake_0410.png,gpt-image-2,"a single Cantonese mooncake with a stamped golden-brown crust, realistic casual home photo, slightly imperfect focus, natural window light, no text, no logo",procedural-color-shapes,,,
data/mooncake/ai_0411.jpg,AI composite,generated_mooncake_0411.png,gpt-image-2,"a single snow-skin mooncake on a small plate, realistic food photo, mild background clutter, natural colors, no text, no logo, no packaging",commons_77836396.jpg,"https://commons.wikimedia.org/wiki/File:Food_%E7%9A%87%E7%89%8C%E8%9B%8B%E6%92%BB,_%E5%86%B0%E7%81%AB%E8%84%86%E7%9A%AE%E8%8F%A0%E8%98%BF%E6%B2%B9,_%E6%B3%B0%E6%98%8C%E9%9B%9E%E5%B0%BE%E5%8C%85,_%E6%B3%B0%E6%98%8C%E9%A4%85%E5%AE%B6,_%E6%9D%BF%E6%A9%8B,_%E6%96%B0%E5%8C%97%E5%B8%82,_%E5%8F%B0%E7%81%A3,_New_Taipei_City,_Taiwan_(47201805022).jpg","bryan... from Taipei, Taiwan",CC BY-SA 2.0
data/mooncake/ai_0412.jpg,AI composite,generated_mooncake_0412.png,gpt-image-2,"a single mooncake photographed from a slightly tilted angle, ordinary kitchen lighting, realistic phone-camera look, mild motion blur, no text, no logo",procedural-noise,,,
data/mooncake/ai_0413.jpg,AI composite,generated_mooncake_0413.png,gpt-image-2,"a single mooncake partly beside a cup of tea, realistic dining-table photo, soft shadows, recognizable shape, no text, no logo, no packaging",procedural-color-shapes,,,
data/mooncake/ai_0414.jpg,AI composite,generated_mooncake_0414.png,gpt-image-2,"a close but ordinary photo of one mooncake with a traditional pattern, slightly uneven lighting and focus, realistic food photography, no text, no logo",commons_151031633.jpg,https://commons.wikimedia.org/wiki/File:Dorayaki_001.jpg,Ocdp,CC BY-SA 3.0
data/mooncake/ai_0415.jpg,AI composite,generated_mooncake_0415.png,gpt-image-2,"one mooncake on a white plate photographed from a little farther away, realistic indoor photo, neutral background, clear enough to recognize, no text, no logo",procedural-noise,,,
data/mooncake/ai_0416.jpg,AI composite,generated_mooncake_0416.png,gpt-image-2,"one mooncake with a different filling style and stamped pattern, realistic casual food photo, warm light, no people, no text, no logo, no packaging",procedural-color-shapes,,,
data/mooncake/ai_0417.jpg,AI composite,generated_mooncake_0417.png,gpt-image-2,"a single colorful snow-skin mooncake, realistic phone photo, simple tabletop, mild shadows and imperfect composition, no text, no logo",commons_45513075.jpg,https://commons.wikimedia.org/wiki/File:Bread_(997629937).jpg,"Charles Haynes from Hobart, Australia",CC BY-SA 2.0
data/mooncake/ai_0418.jpg,AI composite,generated_mooncake_0418.png,gpt-image-2,"a single mooncake cut slightly open to show filling, realistic food photo, natural indoor light, no text, no logo, no packaging",procedural-noise,,,
data/mooncake/ai_0419.jpg,AI composite,generated_mooncake_0419.png,gpt-image-2,"a single mini mooncake on a plate, realistic home photo, slightly soft focus but clearly recognizable, no text, no logo",procedural-color-shapes,,,
data/mooncake/ai_0420.jpg,AI composite,generated_mooncake_0420.png,gpt-image-2,"a single mooncake photographed in a bakery-like setting without readable signs, realistic casual photo, no text, no logo, no packaging",commons_2202590.jpg,https://commons.wikimedia.org/wiki/File:Recette_muffins_aux_pommes_et_stevia_etape_4.jpg,Romain Behar,Public domain
data/mooncake/ai_0421.jpg,AI composite,generated_mooncake_0421.png,gpt-image-2,"a single traditional Chinese mooncake on a ceramic plate, realistic smartphone food photo, warm indoor light, simple table background, no text, no logo, no packaging",procedural-noise,,,
data/mooncake/ai_0422.jpg,AI composite,generated_mooncake_0422.png,gpt-image-2,"a single Cantonese mooncake with a stamped golden-brown crust, realistic casual home photo, slightly imperfect focus, natural window light, no text, no logo",procedural-color-shapes,,,
data/mooncake/ai_0423.jpg,AI composite,generated_mooncake_0423.png,gpt-image-2,"a single snow-skin mooncake on a small plate, realistic food photo, mild background clutter, natural colors, no text, no logo, no packaging",commons_124922314.jpg,https://commons.wikimedia.org/wiki/File:Boite_de_donuts.jpg,DaryaneCaz,CC BY-SA 4.0
data/mooncake/ai_0424.jpg,AI composite,generated_mooncake_0424.png,gpt-image-2,"a single mooncake photographed from a slightly tilted angle, ordinary kitchen lighting, realistic phone-camera look, mild motion blur, no text, no logo",procedural-noise,,,
data/mooncake/ai_0425.jpg,AI composite,generated_mooncake_0425.png,gpt-image-2,"a single mooncake partly beside a cup of tea, realistic dining-table photo, soft shadows, recognizable shape, no text, no logo, no packaging",procedural-color-shapes,,,
data/mooncake/ai_0426.jpg,AI composite,generated_mooncake_0426.png,gpt-image-2,"a close but ordinary photo of one mooncake with a traditional pattern, slightly uneven lighting and focus, realistic food photography, no text, no logo",commons_3608120.jpg,https://commons.wikimedia.org/wiki/File:Muffins_1.JPG,SpeedyGonsales,CC BY-SA 3.0
data/mooncake/ai_0427.jpg,AI composite,generated_mooncake_0427.png,gpt-image-2,"one mooncake on a white plate photographed from a little farther away, realistic indoor photo, neutral background, clear enough to recognize, no text, no logo",procedural-noise,,,
data/mooncake/ai_0428.jpg,AI composite,generated_mooncake_0428.png,gpt-image-2,"one mooncake with a different filling style and stamped pattern, realistic casual food photo, warm light, no people, no text, no logo, no packaging",procedural-color-shapes,,,
data/mooncake/ai_0429.jpg,AI composite,generated_mooncake_0429.png,gpt-image-2,"a single colorful snow-skin mooncake, realistic phone photo, simple tabletop, mild shadows and imperfect composition, no text, no logo",commons_88789241.jpg,https://commons.wikimedia.org/wiki/File:Gourdough%27s_donut_food_trailer.jpg,Kurt Kaiser,CC0
data/mooncake/ai_0430.jpg,AI composite,generated_mooncake_0430.png,gpt-image-2,"a single mooncake cut slightly open to show filling, realistic food photo, natural indoor light, no text, no logo, no packaging",procedural-noise,,,
data/mooncake/ai_0431.jpg,AI composite,generated_mooncake_0431.png,gpt-image-2,"a single mini mooncake on a plate, realistic home photo, slightly soft focus but clearly recognizable, no text, no logo",procedural-color-shapes,,,
data/mooncake/ai_0432.jpg,AI composite,generated_mooncake_0432.png,gpt-image-2,"a single mooncake photographed in a bakery-like setting without readable signs, realistic casual photo, no text, no logo, no packaging",commons_123173331.jpg,https://commons.wikimedia.org/wiki/File:NamaDorayaki_Oboroyazuiundou.jpg,Kykk wiki,CC0
data/mooncake/ai_0433.jpg,AI composite,generated_mooncake_0433.png,gpt-image-2,"a single traditional Chinese mooncake on a ceramic plate, realistic smartphone food photo, warm indoor light, simple table background, no text, no logo, no packaging",procedural-noise,,,
data/mooncake/ai_0434.jpg,AI composite,generated_mooncake_0434.png,gpt-image-2,"a single Cantonese mooncake with a stamped golden-brown crust, realistic casual home photo, slightly imperfect focus, natural window light, no text, no logo",procedural-color-shapes,,,
data/mooncake/ai_0435.jpg,AI composite,generated_mooncake_0435.png,gpt-image-2,"a single snow-skin mooncake on a small plate, realistic food photo, mild background clutter, natural colors, no text, no logo, no packaging",commons_19103502.jpg,https://commons.wikimedia.org/wiki/File:Cupcakes_-_babeczki_(1).JPG,Alina Zienowicz (Ala_z),CC BY 3.0
data/mooncake/ai_0436.jpg,AI composite,generated_mooncake_0436.png,gpt-image-2,"a single mooncake photographed from a slightly tilted angle, ordinary kitchen lighting, realistic phone-camera look, mild motion blur, no text, no logo",procedural-noise,,,
data/mooncake/ai_0437.jpg,AI composite,generated_mooncake_0437.png,gpt-image-2,"a single mooncake partly beside a cup of tea, realistic dining-table photo, soft shadows, recognizable shape, no text, no logo, no packaging",procedural-color-shapes,,,
data/mooncake/ai_0438.jpg,AI composite,generated_mooncake_0438.png,gpt-image-2,"a close but ordinary photo of one mooncake with a traditional pattern, slightly uneven lighting and focus, realistic food photography, no text, no logo",commons_17761414.jpg,https://commons.wikimedia.org/wiki/File:%E8%B2%A1%E5%9C%98%E6%B3%95%E4%BA%BA%E4%B8%AD%E8%8F%AF%E6%B0%91%E5%9C%8B%E5%BB%BA%E5%9C%8B%E4%B8%80%E7%99%BE%E5%B9%B4%E5%9F%BA%E9%87%91%E6%9C%83%E9%81%B4%E9%81%B8%E4%B8%89%E5%A4%A7%E7%99%BE%E5%B9%B4%E4%BB%A3%E8%A1%A8%E5%93%81%E7%89%8C.JPG,Sharetea,CC BY-SA 3.0
data/mooncake/ai_0439.jpg,AI composite,generated_mooncake_0439.png,gpt-image-2,"one mooncake on a white plate photographed from a little farther away, realistic indoor photo, neutral background, clear enough to recognize, no text, no logo",procedural-noise,,,
data/mooncake/ai_0440.jpg,AI composite,generated_mooncake_0440.png,gpt-image-2,"one mooncake with a different filling style and stamped pattern, realistic casual food photo, warm light, no people, no text, no logo, no packaging",procedural-color-shapes,,,
data/mooncake/ai_0441.jpg,AI composite,generated_mooncake_0441.png,gpt-image-2,"a single colorful snow-skin mooncake, realistic phone photo, simple tabletop, mild shadows and imperfect composition, no text, no logo",commons_120005420.jpg,https://commons.wikimedia.org/wiki/File:The_Childrens_Party_Book_-_Calumet_Doughnuts.png,Recipe by Helen Harington Downing,Public domain
data/mooncake/ai_0442.jpg,AI composite,generated_mooncake_0442.png,gpt-image-2,"a single mooncake cut slightly open to show filling, realistic food photo, natural indoor light, no text, no logo, no packaging",procedural-noise,,,
data/mooncake/ai_0443.jpg,AI composite,generated_mooncake_0443.png,gpt-image-2,"a single mini mooncake on a plate, realistic home photo, slightly soft focus but clearly recognizable, no text, no logo",procedural-color-shapes,,,
data/mooncake/ai_0444.jpg,AI composite,generated_mooncake_0444.png,gpt-image-2,"a single mooncake photographed in a bakery-like setting without readable signs, realistic casual photo, no text, no logo, no packaging",commons_11886993.jpg,https://commons.wikimedia.org/wiki/File:Cup_cake.JPG,Toyah,Public domain
data/mooncake/ai_0445.jpg,AI composite,generated_mooncake_0445.png,gpt-image-2,"a single traditional Chinese mooncake on a ceramic plate, realistic smartphone food photo, warm indoor light, simple table background, no text, no logo, no packaging",procedural-noise,,,
data/mooncake/ai_0446.jpg,AI composite,generated_mooncake_0446.png,gpt-image-2,"a single Cantonese mooncake with a stamped golden-brown crust, realistic casual home photo, slightly imperfect focus, natural window light, no text, no logo",procedural-color-shapes,,,
data/mooncake/ai_0447.jpg,AI composite,generated_mooncake_0447.png,gpt-image-2,"a single snow-skin mooncake on a small plate, realistic food photo, mild background clutter, natural colors, no text, no logo, no packaging",commons_174000689.jpg,https://commons.wikimedia.org/wiki/File:Cookie_fragment_with_colorful_round_toppings.jpg,Some helpful person,CC BY 4.0
data/mooncake/ai_0448.jpg,AI composite,generated_mooncake_0448.png,gpt-image-2,"a single mooncake photographed from a slightly tilted angle, ordinary kitchen lighting, realistic phone-camera look, mild motion blur, no text, no logo",procedural-noise,,,
data/mooncake/ai_0449.jpg,AI composite,generated_mooncake_0449.png,gpt-image-2,"a single mooncake partly beside a cup of tea, realistic dining-table photo, soft shadows, recognizable shape, no text, no logo, no packaging",procedural-color-shapes,,,
data/mooncake/ai_0450.jpg,AI composite,generated_mooncake_0450.png,gpt-image-2,"a close but ordinary photo of one mooncake with a traditional pattern, slightly uneven lighting and focus, realistic food photography, no text, no logo",commons_26584998.jpg,https://commons.wikimedia.org/wiki/File:Flor.jpg,Carlajesus,CC BY-SA 3.0
data/mooncake/ai_0451.jpg,AI composite,generated_mooncake_0451.png,gpt-image-2,"one mooncake on a white plate photographed from a little farther away, realistic indoor photo, neutral background, clear enough to recognize, no text, no logo",procedural-noise,,,
data/mooncake/ai_0452.jpg,AI composite,generated_mooncake_0452.png,gpt-image-2,"one mooncake with a different filling style and stamped pattern, realistic casual food photo, warm light, no people, no text, no logo, no packaging",procedural-color-shapes,,,
data/mooncake/ai_0453.jpg,AI composite,generated_mooncake_0453.png,gpt-image-2,"a single colorful snow-skin mooncake, realistic phone photo, simple tabletop, mild shadows and imperfect composition, no text, no logo",commons_23076197.jpg,https://commons.wikimedia.org/wiki/File:Cookies_(4700634391).jpg,"Jeremy Keith from Brighton & Hove, United Kingdom",CC BY 2.0
data/mooncake/ai_0454.jpg,AI composite,generated_mooncake_0454.png,gpt-image-2,"a single mooncake cut slightly open to show filling, realistic food photo, natural indoor light, no text, no logo, no packaging",procedural-noise,,,
data/mooncake/ai_0455.jpg,AI composite,generated_mooncake_0455.png,gpt-image-2,"a single mini mooncake on a plate, realistic home photo, slightly soft focus but clearly recognizable, no text, no logo",procedural-color-shapes,,,
data/mooncake/ai_0456.jpg,AI composite,generated_mooncake_0456.png,gpt-image-2,"a single mooncake photographed in a bakery-like setting without readable signs, realistic casual photo, no text, no logo, no packaging",commons_87632026.jpg,"https://commons.wikimedia.org/wiki/File:Magdalenes_a_un_caf%C3%A9_de_l%27Arenal,_X%C3%A0bia.jpg",Joanbanjo,CC BY-SA 4.0
data/mooncake/ai_0457.jpg,AI composite,generated_mooncake_0457.png,gpt-image-2,"a single traditional Chinese mooncake on a ceramic plate, realistic smartphone food photo, warm indoor light, simple table background, no text, no logo, no packaging",procedural-noise,,,
data/mooncake/ai_0458.jpg,AI composite,generated_mooncake_0458.png,gpt-image-2,"a single Cantonese mooncake with a stamped golden-brown crust, realistic casual home photo, slightly imperfect focus, natural window light, no text, no logo",procedural-color-shapes,,,
data/mooncake/ai_0459.jpg,AI composite,generated_mooncake_0459.png,gpt-image-2,"a single snow-skin mooncake on a small plate, realistic food photo, mild background clutter, natural colors, no text, no logo, no packaging",commons_50796764.jpg,https://commons.wikimedia.org/wiki/File:Dora-Q.jpg,M yanagisawa,CC0
data/mooncake/ai_0460.jpg,AI composite,generated_mooncake_0460.png,gpt-image-2,"a single mooncake photographed from a slightly tilted angle, ordinary kitchen lighting, realistic phone-camera look, mild motion blur, no text, no logo",procedural-noise,,,
data/mooncake/ai_0461.jpg,AI composite,generated_mooncake_0461.png,gpt-image-2,"a single mooncake partly beside a cup of tea, realistic dining-table photo, soft shadows, recognizable shape, no text, no logo, no packaging",procedural-color-shapes,,,
data/mooncake/ai_0462.jpg,AI composite,generated_mooncake_0462.png,gpt-image-2,"a close but ordinary photo of one mooncake with a traditional pattern, slightly uneven lighting and focus, realistic food photography, no text, no logo",commons_10280558.jpg,https://commons.wikimedia.org/wiki/File:Cupcake_that_tasted_exactly_like_a_Reese%27s_Peanut_Butter_Cup.jpg,Steph Laing,CC BY 2.0
data/mooncake/ai_0463.jpg,AI composite,generated_mooncake_0463.png,gpt-image-2,"one mooncake on a white plate photographed from a little farther away, realistic indoor photo, neutral background, clear enough to recognize, no text, no logo",procedural-noise,,,
data/mooncake/ai_0464.jpg,AI composite,generated_mooncake_0464.png,gpt-image-2,"one mooncake with a different filling style and stamped pattern, realistic casual food photo, warm light, no people, no text, no logo, no packaging",procedural-color-shapes,,,
data/mooncake/ai_0465.jpg,AI composite,generated_mooncake_0465.png,gpt-image-2,"a single colorful snow-skin mooncake, realistic phone photo, simple tabletop, mild shadows and imperfect composition, no text, no logo",commons_154523191.jpg,https://commons.wikimedia.org/wiki/File:Cookie_box.jpg,Swathi sri srinivasa raghavan,CC0
data/mooncake/ai_0466.jpg,AI composite,generated_mooncake_0466.png,gpt-image-2,"a single mooncake cut slightly open to show filling, realistic food photo, natural indoor light, no text, no logo, no packaging",procedural-noise,,,
data/mooncake/ai_0467.jpg,AI composite,generated_mooncake_0467.png,gpt-image-2,"a single mini mooncake on a plate, realistic home photo, slightly soft focus but clearly recognizable, no text, no logo",procedural-color-shapes,,,
data/mooncake/ai_0468.jpg,AI composite,generated_mooncake_0468.png,gpt-image-2,"a single mooncake photographed in a bakery-like setting without readable signs, realistic casual photo, no text, no logo, no packaging",commons_167372175.jpg,https://commons.wikimedia.org/wiki/File:5-25-2025_Earl_grey_cookies_with_extra_orange_rind_-_001.jpg,Wheeler Cowperthwaite,CC BY 2.0
data/mooncake/ai_0469.jpg,AI composite,generated_mooncake_0469.png,gpt-image-2,"a single traditional Chinese mooncake on a ceramic plate, realistic smartphone food photo, warm indoor light, simple table background, no text, no logo, no packaging",procedural-noise,,,
data/mooncake/ai_0470.jpg,AI composite,generated_mooncake_0470.png,gpt-image-2,"a single Cantonese mooncake with a stamped golden-brown crust, realistic casual home photo, slightly imperfect focus, natural window light, no text, no logo",procedural-color-shapes,,,
data/mooncake/ai_0471.jpg,AI composite,generated_mooncake_0471.png,gpt-image-2,"a single snow-skin mooncake on a small plate, realistic food photo, mild background clutter, natural colors, no text, no logo, no packaging",commons_143000251.jpg,https://commons.wikimedia.org/wiki/File:GD_%E5%BB%A3%E6%9D%B1_Guangdong_%E6%B1%95%E9%A0%AD%E7%8C%9B%E7%8D%85%E5%87%B1%E8%90%8A%E9%85%92%E5%BA%97_Shantou_Menshine_Gloria_Plaza_Hotel_%E9%A4%90%E5%BB%B3_restaurant_%E6%97%A9%E9%A4%90_breakfast_buffet_bread_n_cakes_December_2023_Red7_01.jpg,Tang HungTze Fat,CC0
data/mooncake/ai_0472.jpg,AI composite,generated_mooncake_0472.png,gpt-image-2,"a single mooncake photographed from a slightly tilted angle, ordinary kitchen lighting, realistic phone-camera look, mild motion blur, no text, no logo",procedural-noise,,,
data/mooncake/ai_0473.jpg,AI composite,generated_mooncake_0473.png,gpt-image-2,"a single mooncake partly beside a cup of tea, realistic dining-table photo, soft shadows, recognizable shape, no text, no logo, no packaging",procedural-color-shapes,,,
data/mooncake/ai_0474.jpg,AI composite,generated_mooncake_0474.png,gpt-image-2,"a close but ordinary photo of one mooncake with a traditional pattern, slightly uneven lighting and focus, realistic food photography, no text, no logo",commons_89958681.jpg,https://commons.wikimedia.org/wiki/File:Bacon-Muffins_(4149744299).jpg,Katrin Gilger,CC BY-SA 2.0
data/mooncake/ai_0475.jpg,AI composite,generated_mooncake_0475.png,gpt-image-2,"one mooncake on a white plate photographed from a little farther away, realistic indoor photo, neutral background, clear enough to recognize, no text, no logo",procedural-noise,,,
data/mooncake/ai_0476.jpg,AI composite,generated_mooncake_0476.png,gpt-image-2,"one mooncake with a different filling style and stamped pattern, realistic casual food photo, warm light, no people, no text, no logo, no packaging",procedural-color-shapes,,,
data/mooncake/ai_0477.jpg,AI composite,generated_mooncake_0477.png,gpt-image-2,"a single colorful snow-skin mooncake, realistic phone photo, simple tabletop, mild shadows and imperfect composition, no text, no logo",commons_133624697.jpg,https://commons.wikimedia.org/wiki/File:Lotuska_02.jpg,Pohled 111,CC BY-SA 4.0
data/mooncake/ai_0478.jpg,AI composite,generated_mooncake_0478.png,gpt-image-2,"a single mooncake cut slightly open to show filling, realistic food photo, natural indoor light, no text, no logo, no packaging",procedural-noise,,,
data/mooncake/ai_0479.jpg,AI composite,generated_mooncake_0479.png,gpt-image-2,"a single mini mooncake on a plate, realistic home photo, slightly soft focus but clearly recognizable, no text, no logo",procedural-color-shapes,,,
data/mooncake/ai_0480.jpg,AI composite,generated_mooncake_0480.png,gpt-image-2,"a single mooncake photographed in a bakery-like setting without readable signs, realistic casual photo, no text, no logo, no packaging",commons_151031633.jpg,https://commons.wikimedia.org/wiki/File:Dorayaki_001.jpg,Ocdp,CC BY-SA 3.0
data/mooncake/ai_0481.jpg,AI composite,generated_mooncake_0481.png,gpt-image-2,"a single traditional Chinese mooncake on a ceramic plate, realistic smartphone food photo, warm indoor light, simple table background, no text, no logo, no packaging",procedural-noise,,,
data/mooncake/ai_0482.jpg,AI composite,generated_mooncake_0482.png,gpt-image-2,"a single Cantonese mooncake with a stamped golden-brown crust, realistic casual home photo, slightly imperfect focus, natural window light, no text, no logo",procedural-color-shapes,,,
data/mooncake/ai_0483.jpg,AI composite,generated_mooncake_0483.png,gpt-image-2,"a single snow-skin mooncake on a small plate, realistic food photo, mild background clutter, natural colors, no text, no logo, no packaging",commons_146243282.jpg,https://commons.wikimedia.org/wiki/File:Folk-0003_11.jpg,Fotoinform,CC BY-SA 4.0
data/mooncake/ai_0484.jpg,AI composite,generated_mooncake_0484.png,gpt-image-2,"a single mooncake photographed from a slightly tilted angle, ordinary kitchen lighting, realistic phone-camera look, mild motion blur, no text, no logo",procedural-noise,,,
data/mooncake/ai_0485.jpg,AI composite,generated_mooncake_0485.png,gpt-image-2,"a single mooncake partly beside a cup of tea, realistic dining-table photo, soft shadows, recognizable shape, no text, no logo, no packaging",procedural-color-shapes,,,
data/mooncake/ai_0486.jpg,AI composite,generated_mooncake_0486.png,gpt-image-2,"a close but ordinary photo of one mooncake with a traditional pattern, slightly uneven lighting and focus, realistic food photography, no text, no logo",commons_33632784.jpg,https://commons.wikimedia.org/wiki/File:Gfp-muffin.jpg,Yinan Chen,Public Domain
data/mooncake/ai_0487.jpg,AI composite,generated_mooncake_0487.png,gpt-image-2,"one mooncake on a white plate photographed from a little farther away, realistic indoor photo, neutral background, clear enough to recognize, no text, no logo",procedural-noise,,,
data/mooncake/ai_0488.jpg,AI composite,generated_mooncake_0488.png,gpt-image-2,"one mooncake with a different filling style and stamped pattern, realistic casual food photo, warm light, no people, no text, no logo, no packaging",procedural-color-shapes,,,
data/mooncake/ai_0489.jpg,AI composite,generated_mooncake_0489.png,gpt-image-2,"a single colorful snow-skin mooncake, realistic phone photo, simple tabletop, mild shadows and imperfect composition, no text, no logo",commons_51743911.jpg,https://commons.wikimedia.org/wiki/File:Muffin_Borowiec_kolo_Poznania.jpg,MOs810,CC BY-SA 4.0
data/mooncake/ai_0490.jpg,AI composite,generated_mooncake_0490.png,gpt-image-2,"a single mooncake cut slightly open to show filling, realistic food photo, natural indoor light, no text, no logo, no packaging",procedural-noise,,,
data/mooncake/ai_0491.jpg,AI composite,generated_mooncake_0491.png,gpt-image-2,"a single mini mooncake on a plate, realistic home photo, slightly soft focus but clearly recognizable, no text, no logo",procedural-color-shapes,,,
data/mooncake/ai_0492.jpg,AI composite,generated_mooncake_0492.png,gpt-image-2,"a single mooncake photographed in a bakery-like setting without readable signs, realistic casual photo, no text, no logo, no packaging",commons_35244593.jpg,https://commons.wikimedia.org/wiki/File:Raisin_doughnut_1.jpg,Robert Dell,CC BY-SA 4.0
data/mooncake/ai_0493.jpg,AI composite,generated_mooncake_0493.png,gpt-image-2,"a single traditional Chinese mooncake on a ceramic plate, realistic smartphone food photo, warm indoor light, simple table background, no text, no logo, no packaging",procedural-noise,,,
data/mooncake/ai_0494.jpg,AI composite,generated_mooncake_0494.png,gpt-image-2,"a single Cantonese mooncake with a stamped golden-brown crust, realistic casual home photo, slightly imperfect focus, natural window light, no text, no logo",procedural-color-shapes,,,
data/mooncake/ai_0495.jpg,AI composite,generated_mooncake_0495.png,gpt-image-2,"a single snow-skin mooncake on a small plate, realistic food photo, mild background clutter, natural colors, no text, no logo, no packaging",commons_40942372.jpg,https://commons.wikimedia.org/wiki/File:CoconutCookies.jpg,Kurinjikathambam,CC BY-SA 4.0
data/mooncake/ai_0496.jpg,AI composite,generated_mooncake_0496.png,gpt-image-2,"a single mooncake photographed from a slightly tilted angle, ordinary kitchen lighting, realistic phone-camera look, mild motion blur, no text, no logo",procedural-noise,,,
data/mooncake/ai_0497.jpg,AI composite,generated_mooncake_0497.png,gpt-image-2,"a single mooncake partly beside a cup of tea, realistic dining-table photo, soft shadows, recognizable shape, no text, no logo, no packaging",procedural-color-shapes,,,
data/mooncake/ai_0498.jpg,AI composite,generated_mooncake_0498.png,gpt-image-2,"a close but ordinary photo of one mooncake with a traditional pattern, slightly uneven lighting and focus, realistic food photography, no text, no logo",commons_91846345.jpg,"https://commons.wikimedia.org/wiki/File:Cookie,_Anyone_-_Flickr_-_scubadive67.jpg","James from Boulder, USA",CC BY 2.0
data/mooncake/ai_0499.jpg,AI composite,generated_mooncake_0499.png,gpt-image-2,"one mooncake on a white plate photographed from a little farther away, realistic indoor photo, neutral background, clear enough to recognize, no text, no logo",procedural-noise,,,
data/mooncake/ai_0500.jpg,AI composite,generated_mooncake_0500.png,gpt-image-2,"one mooncake with a different filling style and stamped pattern, realistic casual food photo, warm light, no people, no text, no logo, no packaging",procedural-color-shapes,,,
data/mooncake/ai_0501.jpg,AI composite,generated_mooncake_0501.png,gpt-image-2,"a single colorful snow-skin mooncake, realistic phone photo, simple tabletop, mild shadows and imperfect composition, no text, no logo",commons_186289499.jpg,https://commons.wikimedia.org/wiki/File:Roadside_Vendors_in_Buea_03.jpg,Fomukom Joel,CC BY-SA 4.0
data/mooncake/ai_0502.jpg,AI composite,generated_mooncake_0502.png,gpt-image-2,"a single mooncake cut slightly open to show filling, realistic food photo, natural indoor light, no text, no logo, no packaging",procedural-noise,,,
data/mooncake/ai_0503.jpg,AI composite,generated_mooncake_0503.png,gpt-image-2,"a single mini mooncake on a plate, realistic home photo, slightly soft focus but clearly recognizable, no text, no logo",procedural-color-shapes,,,
data/mooncake/ai_0504.jpg,AI composite,generated_mooncake_0504.png,gpt-image-2,"a single mooncake photographed in a bakery-like setting without readable signs, realistic casual photo, no text, no logo, no packaging",commons_153138237.jpg,https://commons.wikimedia.org/wiki/File:Pistachio_egg_tart_sample.jpg,Fumikas Sagisavas,CC0
data/mooncake/ai_0505.jpg,AI composite,generated_mooncake_0505.png,gpt-image-2,"a single traditional Chinese mooncake on a ceramic plate, realistic smartphone food photo, warm indoor light, simple table background, no text, no logo, no packaging",procedural-noise,,,
data/mooncake/ai_0506.jpg,AI composite,generated_mooncake_0506.png,gpt-image-2,"a single Cantonese mooncake with a stamped golden-brown crust, realistic casual home photo, slightly imperfect focus, natural window light, no text, no logo",procedural-color-shapes,,,
data/mooncake/ai_0507.jpg,AI composite,generated_mooncake_0507.png,gpt-image-2,"a single snow-skin mooncake on a small plate, realistic food photo, mild background clutter, natural colors, no text, no logo, no packaging",commons_164436240.jpg,https://commons.wikimedia.org/wiki/File:Beigne_de_banane.jpg,Managnandro,CC BY-SA 4.0
data/mooncake/ai_0508.jpg,AI composite,generated_mooncake_0508.png,gpt-image-2,"a single mooncake photographed from a slightly tilted angle, ordinary kitchen lighting, realistic phone-camera look, mild motion blur, no text, no logo",procedural-noise,,,
data/mooncake/ai_0509.jpg,AI composite,generated_mooncake_0509.png,gpt-image-2,"a single mooncake partly beside a cup of tea, realistic dining-table photo, soft shadows, recognizable shape, no text, no logo, no packaging",procedural-color-shapes,,,
data/mooncake/ai_0510.jpg,AI composite,generated_mooncake_0510.png,gpt-image-2,"a close but ordinary photo of one mooncake with a traditional pattern, slightly uneven lighting and focus, realistic food photography, no text, no logo",commons_153714863.jpg,https://commons.wikimedia.org/wiki/File:Donatee.jpg,Toshtemirova Mushtariy,CC0
data/mooncake/ai_0511.jpg,AI composite,generated_mooncake_0511.png,gpt-image-2,"one mooncake on a white plate photographed from a little farther away, realistic indoor photo, neutral background, clear enough to recognize, no text, no logo",procedural-noise,,,
data/mooncake/ai_0512.jpg,AI composite,generated_mooncake_0512.png,gpt-image-2,"one mooncake with a different filling style and stamped pattern, realistic casual food photo, warm light, no people, no text, no logo, no packaging",procedural-color-shapes,,,
data/mooncake/ai_0513.jpg,AI composite,generated_mooncake_0513.png,gpt-image-2,"a single colorful snow-skin mooncake, realistic phone photo, simple tabletop, mild shadows and imperfect composition, no text, no logo",commons_81617275.jpg,https://commons.wikimedia.org/wiki/File:Cream-in_Muffin_Caramel_Almond_of_Mister_Donut_in_Japan.jpg,毒島みるく,CC0
data/mooncake/ai_0514.jpg,AI composite,generated_mooncake_0514.png,gpt-image-2,"a single mooncake cut slightly open to show filling, realistic food photo, natural indoor light, no text, no logo, no packaging",procedural-noise,,,
data/mooncake/ai_0515.jpg,AI composite,generated_mooncake_0515.png,gpt-image-2,"a single mini mooncake on a plate, realistic home photo, slightly soft focus but clearly recognizable, no text, no logo",procedural-color-shapes,,,
data/mooncake/ai_0516.jpg,AI composite,generated_mooncake_0516.png,gpt-image-2,"a single mooncake photographed in a bakery-like setting without readable signs, realistic casual photo, no text, no logo, no packaging",commons_67029215.jpg,"https://commons.wikimedia.org/wiki/File:Doughnut_race,_5-20-22_LOC_npcc.06243.jpg",National Photo Company Collection,Public domain
data/mooncake/ai_0517.jpg,AI composite,generated_mooncake_0517.png,gpt-image-2,"a single traditional Chinese mooncake on a ceramic plate, realistic smartphone food photo, warm indoor light, simple table background, no text, no logo, no packaging",procedural-noise,,,
data/mooncake/ai_0518.jpg,AI composite,generated_mooncake_0518.png,gpt-image-2,"a single Cantonese mooncake with a stamped golden-brown crust, realistic casual home photo, slightly imperfect focus, natural window light, no text, no logo",procedural-color-shapes,,,
data/mooncake/ai_0519.jpg,AI composite,generated_mooncake_0519.png,gpt-image-2,"a single snow-skin mooncake on a small plate, realistic food photo, mild background clutter, natural colors, no text, no logo, no packaging",commons_190999317.jpg,"https://commons.wikimedia.org/wiki/File:A_festive_holiday_dessert_table_features_colorful_cupcakes,_gingerbread_cookies.jpg",Shixart1985,CC BY 2.0
data/mooncake/ai_0520.jpg,AI composite,generated_mooncake_0520.png,gpt-image-2,"a single mooncake photographed from a slightly tilted angle, ordinary kitchen lighting, realistic phone-camera look, mild motion blur, no text, no logo",procedural-noise,,,
data/mooncake/ai_0521.jpg,AI composite,generated_mooncake_0521.png,gpt-image-2,"a single mooncake partly beside a cup of tea, realistic dining-table photo, soft shadows, recognizable shape, no text, no logo, no packaging",procedural-color-shapes,,,
data/mooncake/ai_0522.jpg,AI composite,generated_mooncake_0522.png,gpt-image-2,"a close but ordinary photo of one mooncake with a traditional pattern, slightly uneven lighting and focus, realistic food photography, no text, no logo",commons_87787162.jpg,https://commons.wikimedia.org/wiki/File:Cake_(187073839).jpeg,Topu Saha,CC BY-SA 3.0
data/mooncake/ai_0523.jpg,AI composite,generated_mooncake_0523.png,gpt-image-2,"one mooncake on a white plate photographed from a little farther away, realistic indoor photo, neutral background, clear enough to recognize, no text, no logo",procedural-noise,,,
data/mooncake/ai_0524.jpg,AI composite,generated_mooncake_0524.png,gpt-image-2,"one mooncake with a different filling style and stamped pattern, realistic casual food photo, warm light, no people, no text, no logo, no packaging",procedural-color-shapes,,,
data/mooncake/ai_0525.jpg,AI composite,generated_mooncake_0525.png,gpt-image-2,"a single colorful snow-skin mooncake, realistic phone photo, simple tabletop, mild shadows and imperfect composition, no text, no logo",commons_107520099.jpg,https://commons.wikimedia.org/wiki/File:Sennari.JPG,おんさき,CC BY 3.0
data/mooncake/ai_0526.jpg,AI composite,generated_mooncake_0526.png,gpt-image-2,"a single mooncake cut slightly open to show filling, realistic food photo, natural indoor light, no text, no logo, no packaging",procedural-noise,,,
data/mooncake/ai_0527.jpg,AI composite,generated_mooncake_0527.png,gpt-image-2,"a single mini mooncake on a plate, realistic home photo, slightly soft focus but clearly recognizable, no text, no logo",procedural-color-shapes,,,
data/mooncake/ai_0528.jpg,AI composite,generated_mooncake_0528.png,gpt-image-2,"a single mooncake photographed in a bakery-like setting without readable signs, realistic casual photo, no text, no logo, no packaging",commons_21915316.jpg,https://commons.wikimedia.org/wiki/File:Jcojf.JPG,Ramon FVelasquez,CC BY-SA 3.0
data/mooncake/ai_0529.jpg,AI composite,generated_mooncake_0529.png,gpt-image-2,"a single traditional Chinese mooncake on a ceramic plate, realistic smartphone food photo, warm indoor light, simple table background, no text, no logo, no packaging",procedural-noise,,,
data/mooncake/ai_0530.jpg,AI composite,generated_mooncake_0530.png,gpt-image-2,"a single Cantonese mooncake with a stamped golden-brown crust, realistic casual home photo, slightly imperfect focus, natural window light, no text, no logo",procedural-color-shapes,,,
data/mooncake/ai_0531.jpg,AI composite,generated_mooncake_0531.png,gpt-image-2,"a single snow-skin mooncake on a small plate, realistic food photo, mild background clutter, natural colors, no text, no logo, no packaging",commons_10302152.jpg,"https://commons.wikimedia.org/wiki/File:Cinnamon_crisps._on_a_dish,_closeup,_August_2009.jpg",Janet Hudson,CC BY 2.0
data/mooncake/ai_0532.jpg,AI composite,generated_mooncake_0532.png,gpt-image-2,"a single mooncake photographed from a slightly tilted angle, ordinary kitchen lighting, realistic phone-camera look, mild motion blur, no text, no logo",procedural-noise,,,
data/mooncake/ai_0533.jpg,AI composite,generated_mooncake_0533.png,gpt-image-2,"a single mooncake partly beside a cup of tea, realistic dining-table photo, soft shadows, recognizable shape, no text, no logo, no packaging",procedural-color-shapes,,,
data/mooncake/ai_0534.jpg,AI composite,generated_mooncake_0534.png,gpt-image-2,"a close but ordinary photo of one mooncake with a traditional pattern, slightly uneven lighting and focus, realistic food photography, no text, no logo",commons_26661306.jpg,https://commons.wikimedia.org/wiki/File:%E9%BB%9E%E5%BF%8314.jpg,Дмитрий Журавлев (dejur),CC BY-SA 3.0
data/mooncake/ai_0535.jpg,AI composite,generated_mooncake_0535.png,gpt-image-2,"one mooncake on a white plate photographed from a little farther away, realistic indoor photo, neutral background, clear enough to recognize, no text, no logo",procedural-noise,,,
data/mooncake/ai_0536.jpg,AI composite,generated_mooncake_0536.png,gpt-image-2,"one mooncake with a different filling style and stamped pattern, realistic casual food photo, warm light, no people, no text, no logo, no packaging",procedural-color-shapes,,,
data/mooncake/ai_0537.jpg,AI composite,generated_mooncake_0537.png,gpt-image-2,"a single colorful snow-skin mooncake, realistic phone photo, simple tabletop, mild shadows and imperfect composition, no text, no logo",commons_167372197.jpg,https://commons.wikimedia.org/wiki/File:5-25-2025_Earl_grey_cookies_with_extra_orange_rind_-_010.jpg,Wheeler Cowperthwaite,CC BY 2.0
data/mooncake/ai_0538.jpg,AI composite,generated_mooncake_0538.png,gpt-image-2,"a single mooncake cut slightly open to show filling, realistic food photo, natural indoor light, no text, no logo, no packaging",procedural-noise,,,
data/mooncake/ai_0539.jpg,AI composite,generated_mooncake_0539.png,gpt-image-2,"a single mini mooncake on a plate, realistic home photo, slightly soft focus but clearly recognizable, no text, no logo",procedural-color-shapes,,,
data/mooncake/ai_0540.jpg,AI composite,generated_mooncake_0540.png,gpt-image-2,"a single mooncake photographed in a bakery-like setting without readable signs, realistic casual photo, no text, no logo, no packaging",commons_114423206.jpg,https://commons.wikimedia.org/wiki/File:Daddy_Bae_cookies.jpg,Loepo Tharollo,CC BY-SA 4.0
data/mooncake/ai_0541.jpg,AI composite,generated_mooncake_0541.png,gpt-image-2,"a single traditional Chinese mooncake on a ceramic plate, realistic smartphone food photo, warm indoor light, simple table background, no text, no logo, no packaging",procedural-noise,,,
data/mooncake/ai_0542.jpg,AI composite,generated_mooncake_0542.png,gpt-image-2,"a single Cantonese mooncake with a stamped golden-brown crust, realistic casual home photo, slightly imperfect focus, natural window light, no text, no logo",procedural-color-shapes,,,
data/mooncake/ai_0543.jpg,AI composite,generated_mooncake_0543.png,gpt-image-2,"a single snow-skin mooncake on a small plate, realistic food photo, mild background clutter, natural colors, no text, no logo, no packaging",commons_109455803.jpg,https://commons.wikimedia.org/wiki/File:Golden_Gate_Bakery_(4994652435).jpg,"Mack Male from Edmonton, AB, Canada",CC BY-SA 2.0
data/mooncake/ai_0544.jpg,AI composite,generated_mooncake_0544.png,gpt-image-2,"a single mooncake photographed from a slightly tilted angle, ordinary kitchen lighting, realistic phone-camera look, mild motion blur, no text, no logo",procedural-noise,,,
data/mooncake/ai_0545.jpg,AI composite,generated_mooncake_0545.png,gpt-image-2,"a single mooncake partly beside a cup of tea, realistic dining-table photo, soft shadows, recognizable shape, no text, no logo, no packaging",procedural-color-shapes,,,
data/mooncake/ai_0546.jpg,AI composite,generated_mooncake_0546.png,gpt-image-2,"a close but ordinary photo of one mooncake with a traditional pattern, slightly uneven lighting and focus, realistic food photography, no text, no logo",commons_54313425.jpg,https://commons.wikimedia.org/wiki/File:Mega_muffin_-_cooking_in_progress_IMG_3658_(13455558954).jpg,"N i c o l a from Fiumicino (Rome), Italy",CC BY 2.0
data/mooncake/ai_0547.jpg,AI composite,generated_mooncake_0547.png,gpt-image-2,"one mooncake on a white plate photographed from a little farther away, realistic indoor photo, neutral background, clear enough to recognize, no text, no logo",procedural-noise,,,
data/mooncake/ai_0548.jpg,AI composite,generated_mooncake_0548.png,gpt-image-2,"one mooncake with a different filling style and stamped pattern, realistic casual food photo, warm light, no people, no text, no logo, no packaging",procedural-color-shapes,,,
data/mooncake/ai_0549.jpg,AI composite,generated_mooncake_0549.png,gpt-image-2,"a single colorful snow-skin mooncake, realistic phone photo, simple tabletop, mild shadows and imperfect composition, no text, no logo",commons_148028322.jpg,"https://commons.wikimedia.org/wiki/File:Oatmeal_cookie_shot_setup_cookies_Jagermeister_kahlua,_Bailey%27s_(28414254653).jpg",Personal Creations,CC BY 2.0
data/mooncake/ai_0550.jpg,AI composite,generated_mooncake_0550.png,gpt-image-2,"a single mooncake cut slightly open to show filling, realistic food photo, natural indoor light, no text, no logo, no packaging",procedural-noise,,,
data/mooncake/ai_0551.jpg,AI composite,generated_mooncake_0551.png,gpt-image-2,"a single mini mooncake on a plate, realistic home photo, slightly soft focus but clearly recognizable, no text, no logo",procedural-color-shapes,,,
data/mooncake/ai_0552.jpg,AI composite,generated_mooncake_0552.png,gpt-image-2,"a single mooncake photographed in a bakery-like setting without readable signs, realistic casual photo, no text, no logo, no packaging",commons_130069893.jpg,"https://commons.wikimedia.org/wiki/File:Orange_Almond_Muffins_-_Orange_Cupcakes_with_white_chocolate_(KETO,_LCHF,_Low_Carb,_Gluten_free,_FIT).jpg",Ewelina Podrez-Siama,CC BY 2.0
data/mooncake/ai_0553.jpg,AI composite,generated_mooncake_0553.png,gpt-image-2,"a single traditional Chinese mooncake on a ceramic plate, realistic smartphone food photo, warm indoor light, simple table background, no text, no logo, no packaging",procedural-noise,,,
data/mooncake/ai_0554.jpg,AI composite,generated_mooncake_0554.png,gpt-image-2,"a single Cantonese mooncake with a stamped golden-brown crust, realistic casual home photo, slightly imperfect focus, natural window light, no text, no logo",procedural-color-shapes,,,
data/mooncake/ai_0555.jpg,AI composite,generated_mooncake_0555.png,gpt-image-2,"a single snow-skin mooncake on a small plate, realistic food photo, mild background clutter, natural colors, no text, no logo, no packaging",commons_10363048.jpg,https://commons.wikimedia.org/wiki/File:A_spectrum_of_cupcake_bites.jpg,Joy,CC BY 2.0
data/mooncake/ai_0556.jpg,AI composite,generated_mooncake_0556.png,gpt-image-2,"a single mooncake photographed from a slightly tilted angle, ordinary kitchen lighting, realistic phone-camera look, mild motion blur, no text, no logo",procedural-noise,,,
data/mooncake/ai_0557.jpg,AI composite,generated_mooncake_0557.png,gpt-image-2,"a single mooncake partly beside a cup of tea, realistic dining-table photo, soft shadows, recognizable shape, no text, no logo, no packaging",procedural-color-shapes,,,
data/mooncake/ai_0558.jpg,AI composite,generated_mooncake_0558.png,gpt-image-2,"a close but ordinary photo of one mooncake with a traditional pattern, slightly uneven lighting and focus, realistic food photography, no text, no logo",commons_14879322.jpg,https://commons.wikimedia.org/wiki/File:Broccoli_Tree_Muffins.jpg,https://www.flickr.com/photos/scarygami/,CC BY-SA 2.0
data/mooncake/ai_0559.jpg,AI composite,generated_mooncake_0559.png,gpt-image-2,"one mooncake on a white plate photographed from a little farther away, realistic indoor photo, neutral background, clear enough to recognize, no text, no logo",procedural-noise,,,
data/mooncake/ai_0560.jpg,AI composite,generated_mooncake_0560.png,gpt-image-2,"one mooncake with a different filling style and stamped pattern, realistic casual food photo, warm light, no people, no text, no logo, no packaging",procedural-color-shapes,,,
data/mooncake/ai_0561.jpg,AI composite,generated_mooncake_0561.png,gpt-image-2,"a single colorful snow-skin mooncake, realistic phone photo, simple tabletop, mild shadows and imperfect composition, no text, no logo",commons_71283492.jpg,https://commons.wikimedia.org/wiki/File:Cupcake_(19143825).jpeg,Javier Martínez De La Puente,CC BY 3.0
data/mooncake/ai_0562.jpg,AI composite,generated_mooncake_0562.png,gpt-image-2,"a single mooncake cut slightly open to show filling, realistic food photo, natural indoor light, no text, no logo, no packaging",procedural-noise,,,
data/mooncake/ai_0563.jpg,AI composite,generated_mooncake_0563.png,gpt-image-2,"a single mini mooncake on a plate, realistic home photo, slightly soft focus but clearly recognizable, no text, no logo",procedural-color-shapes,,,
data/mooncake/ai_0564.jpg,AI composite,generated_mooncake_0564.png,gpt-image-2,"a single mooncake photographed in a bakery-like setting without readable signs, realistic casual photo, no text, no logo, no packaging",commons_194440256.jpg,https://commons.wikimedia.org/wiki/File:A_cup_of_coffee_and_a_donut_next_to_a_laptop._Woman_using_her_phone_in_a_blurry.jpg,Shixart1985,CC BY 2.0
data/mooncake/ai_0565.jpg,AI composite,generated_mooncake_0565.png,gpt-image-2,"a single traditional Chinese mooncake on a ceramic plate, realistic smartphone food photo, warm indoor light, simple table background, no text, no logo, no packaging",procedural-noise,,,
data/mooncake/ai_0566.jpg,AI composite,generated_mooncake_0566.png,gpt-image-2,"a single Cantonese mooncake with a stamped golden-brown crust, realistic casual home photo, slightly imperfect focus, natural window light, no text, no logo",procedural-color-shapes,,,
data/mooncake/ai_0567.jpg,AI composite,generated_mooncake_0567.png,gpt-image-2,"a single snow-skin mooncake on a small plate, realistic food photo, mild background clutter, natural colors, no text, no logo, no packaging",commons_8918328.jpg,https://commons.wikimedia.org/wiki/File:Donut_with_two_fillings_(Czech_Republic).JPG,Triquelito,CC BY 3.0
data/mooncake/ai_0568.jpg,AI composite,generated_mooncake_0568.png,gpt-image-2,"a single mooncake photographed from a slightly tilted angle, ordinary kitchen lighting, realistic phone-camera look, mild motion blur, no text, no logo",procedural-noise,,,
data/mooncake/ai_0569.jpg,AI composite,generated_mooncake_0569.png,gpt-image-2,"a single mooncake partly beside a cup of tea, realistic dining-table photo, soft shadows, recognizable shape, no text, no logo, no packaging",procedural-color-shapes,,,
data/mooncake/ai_0570.jpg,AI composite,generated_mooncake_0570.png,gpt-image-2,"a close but ordinary photo of one mooncake with a traditional pattern, slightly uneven lighting and focus, realistic food photography, no text, no logo",commons_40530441.jpg,https://commons.wikimedia.org/wiki/File:Sugar_Egg_Puffs_(15588902865).jpg,"Arnold Gatilao from Oakland, CA, USA",CC BY 2.0
data/mooncake/ai_0571.jpg,AI composite,generated_mooncake_0571.png,gpt-image-2,"one mooncake on a white plate photographed from a little farther away, realistic indoor photo, neutral background, clear enough to recognize, no text, no logo",procedural-noise,,,
data/mooncake/ai_0572.jpg,AI composite,generated_mooncake_0572.png,gpt-image-2,"one mooncake with a different filling style and stamped pattern, realistic casual food photo, warm light, no people, no text, no logo, no packaging",procedural-color-shapes,,,
data/mooncake/ai_0573.jpg,AI composite,generated_mooncake_0573.png,gpt-image-2,"a single colorful snow-skin mooncake, realistic phone photo, simple tabletop, mild shadows and imperfect composition, no text, no logo",commons_186289502.jpg,https://commons.wikimedia.org/wiki/File:Roadside_Vendors_in_Buea_06.jpg,Fomukom Joel,CC BY-SA 4.0
data/mooncake/ai_0574.jpg,AI composite,generated_mooncake_0574.png,gpt-image-2,"a single mooncake cut slightly open to show filling, realistic food photo, natural indoor light, no text, no logo, no packaging",procedural-noise,,,
data/mooncake/ai_0575.jpg,AI composite,generated_mooncake_0575.png,gpt-image-2,"a single mini mooncake on a plate, realistic home photo, slightly soft focus but clearly recognizable, no text, no logo",procedural-color-shapes,,,
data/mooncake/ai_0576.jpg,AI composite,generated_mooncake_0576.png,gpt-image-2,"a single mooncake photographed in a bakery-like setting without readable signs, realistic casual photo, no text, no logo, no packaging",commons_191730465.jpg,https://commons.wikimedia.org/wiki/File:Cakes_and_Doughnuts_on_Display_At_Ferguson_Plarre%27s_Bakehouse_of_Southland.jpg,Brassluff,CC0
data/mooncake/ai_0577.jpg,AI composite,generated_mooncake_0577.png,gpt-image-2,"a single traditional Chinese mooncake on a ceramic plate, realistic smartphone food photo, warm indoor light, simple table background, no text, no logo, no packaging",procedural-noise,,,
data/mooncake/ai_0578.jpg,AI composite,generated_mooncake_0578.png,gpt-image-2,"a single Cantonese mooncake with a stamped golden-brown crust, realistic casual home photo, slightly imperfect focus, natural window light, no text, no logo",procedural-color-shapes,,,
data/mooncake/ai_0579.jpg,AI composite,generated_mooncake_0579.png,gpt-image-2,"a single snow-skin mooncake on a small plate, realistic food photo, mild background clutter, natural colors, no text, no logo, no packaging",commons_195871550.jpg,https://commons.wikimedia.org/wiki/File:%E7%94%9F%E3%82%AF%E3%83%AA%E3%83%BC%E3%83%A0%E3%81%8C%E5%85%A5%E3%81%A3%E3%81%9F%E3%81%A9%E3%82%89%E7%84%BC%E3%81%8D%E3%80%8C%E7%94%9F%E3%81%A9%E3%82%89%E3%80%8D.jpg,Kyu3a,CC BY-SA 4.0
data/mooncake/ai_0580.jpg,AI composite,generated_mooncake_0580.png,gpt-image-2,"a single mooncake photographed from a slightly tilted angle, ordinary kitchen lighting, realistic phone-camera look, mild motion blur, no text, no logo",procedural-noise,,,
data/mooncake/ai_0581.jpg,AI composite,generated_mooncake_0581.png,gpt-image-2,"a single mooncake partly beside a cup of tea, realistic dining-table photo, soft shadows, recognizable shape, no text, no logo, no packaging",procedural-color-shapes,,,
data/mooncake/ai_0582.jpg,AI composite,generated_mooncake_0582.png,gpt-image-2,"a close but ordinary photo of one mooncake with a traditional pattern, slightly uneven lighting and focus, realistic food photography, no text, no logo",commons_162505603.jpg,https://commons.wikimedia.org/wiki/File:Dorayaki_005.jpg,Ocdp,CC0
data/mooncake/ai_0583.jpg,AI composite,generated_mooncake_0583.png,gpt-image-2,"one mooncake on a white plate photographed from a little farther away, realistic indoor photo, neutral background, clear enough to recognize, no text, no logo",procedural-noise,,,
data/mooncake/ai_0584.jpg,AI composite,generated_mooncake_0584.png,gpt-image-2,"one mooncake with a different filling style and stamped pattern, realistic casual food photo, warm light, no people, no text, no logo, no packaging",procedural-color-shapes,,,
data/mooncake/ai_0585.jpg,AI composite,generated_mooncake_0585.png,gpt-image-2,"a single colorful snow-skin mooncake, realistic phone photo, simple tabletop, mild shadows and imperfect composition, no text, no logo",commons_27125874.jpg,"https://commons.wikimedia.org/wiki/File:Gr%C3%A2ndola,_Vila_Morena_-_3_(8683980935).jpg","r2hox from Madrid, Spain",CC BY-SA 2.0
data/mooncake/ai_0586.jpg,AI composite,generated_mooncake_0586.png,gpt-image-2,"a single mooncake cut slightly open to show filling, realistic food photo, natural indoor light, no text, no logo, no packaging",procedural-noise,,,
data/mooncake/ai_0587.jpg,AI composite,generated_mooncake_0587.png,gpt-image-2,"a single mini mooncake on a plate, realistic home photo, slightly soft focus but clearly recognizable, no text, no logo",procedural-color-shapes,,,
data/mooncake/ai_0588.jpg,AI composite,generated_mooncake_0588.png,gpt-image-2,"a single mooncake photographed in a bakery-like setting without readable signs, realistic casual photo, no text, no logo, no packaging",commons_37540926.jpg,"https://commons.wikimedia.org/wiki/File:Harina_Panader%C3%ADa_in_Madrid,_Spain_(take_away).JPG",David Adam Kess,CC BY-SA 4.0
data/mooncake/ai_0589.jpg,AI composite,generated_mooncake_0589.png,gpt-image-2,"a single traditional Chinese mooncake on a ceramic plate, realistic smartphone food photo, warm indoor light, simple table background, no text, no logo, no packaging",procedural-noise,,,
data/mooncake/ai_0590.jpg,AI composite,generated_mooncake_0590.png,gpt-image-2,"a single Cantonese mooncake with a stamped golden-brown crust, realistic casual home photo, slightly imperfect focus, natural window light, no text, no logo",procedural-color-shapes,,,
data/mooncake/ai_0591.jpg,AI composite,generated_mooncake_0591.png,gpt-image-2,"a single snow-skin mooncake on a small plate, realistic food photo, mild background clutter, natural colors, no text, no logo, no packaging",commons_45513094.jpg,https://commons.wikimedia.org/wiki/File:Bread_(998662720).jpg,"Charles Haynes from Hobart, Australia",CC BY-SA 2.0
data/mooncake/ai_0592.jpg,AI composite,generated_mooncake_0592.png,gpt-image-2,"a single mooncake photographed from a slightly tilted angle, ordinary kitchen lighting, realistic phone-camera look, mild motion blur, no text, no logo",procedural-noise,,,
data/mooncake/ai_0593.jpg,AI composite,generated_mooncake_0593.png,gpt-image-2,"a single mooncake partly beside a cup of tea, realistic dining-table photo, soft shadows, recognizable shape, no text, no logo, no packaging",procedural-color-shapes,,,
data/mooncake/ai_0594.jpg,AI composite,generated_mooncake_0594.png,gpt-image-2,"a close but ordinary photo of one mooncake with a traditional pattern, slightly uneven lighting and focus, realistic food photography, no text, no logo",commons_20026402.jpg,https://commons.wikimedia.org/wiki/File:Chinese_Dorayaki.jpg,Brian Ammon,CC BY-SA 3.0
data/mooncake/ai_0595.jpg,AI composite,generated_mooncake_0595.png,gpt-image-2,"one mooncake on a white plate photographed from a little farther away, realistic indoor photo, neutral background, clear enough to recognize, no text, no logo",procedural-noise,,,
data/mooncake/ai_0596.jpg,AI composite,generated_mooncake_0596.png,gpt-image-2,"one mooncake with a different filling style and stamped pattern, realistic casual food photo, warm light, no people, no text, no logo, no packaging",procedural-color-shapes,,,
data/mooncake/ai_0597.jpg,AI composite,generated_mooncake_0597.png,gpt-image-2,"a single colorful snow-skin mooncake, realistic phone photo, simple tabletop, mild shadows and imperfect composition, no text, no logo",commons_110122495.jpg,https://commons.wikimedia.org/wiki/File:Cookies_(3568941103).jpg,"Neil Conway from Oakland, USA",CC BY 2.0
data/mooncake/ai_0598.jpg,AI composite,generated_mooncake_0598.png,gpt-image-2,"a single mooncake cut slightly open to show filling, realistic food photo, natural indoor light, no text, no logo, no packaging",procedural-noise,,,
data/mooncake/ai_0599.jpg,AI composite,generated_mooncake_0599.png,gpt-image-2,"a single mini mooncake on a plate, realistic home photo, slightly soft focus but clearly recognizable, no text, no logo",procedural-color-shapes,,,
data/mooncake/ai_0600.jpg,AI composite,generated_mooncake_0600.png,gpt-image-2,"a single mooncake photographed in a bakery-like setting without readable signs, realistic casual photo, no text, no logo, no packaging",commons_29717480.jpg,https://commons.wikimedia.org/wiki/File:Doughwich.jpg,Jeremystephan1970,CC BY-SA 3.0
data/mooncake/ai_0601.jpg,AI composite,generated_mooncake_0601.png,gpt-image-2,"a single traditional Chinese mooncake on a ceramic plate, realistic smartphone food photo, warm indoor light, simple table background, no text, no logo, no packaging",procedural-noise,,,
data/mooncake/ai_0602.jpg,AI composite,generated_mooncake_0602.png,gpt-image-2,"a single Cantonese mooncake with a stamped golden-brown crust, realistic casual home photo, slightly imperfect focus, natural window light, no text, no logo",procedural-color-shapes,,,
data/mooncake/ai_0603.jpg,AI composite,generated_mooncake_0603.png,gpt-image-2,"a single snow-skin mooncake on a small plate, realistic food photo, mild background clutter, natural colors, no text, no logo, no packaging",commons_26059515.jpg,https://commons.wikimedia.org/wiki/File:Muffins.JPG,Øyvind Holmstad,CC BY-SA 3.0
data/mooncake/ai_0604.jpg,AI composite,generated_mooncake_0604.png,gpt-image-2,"a single mooncake photographed from a slightly tilted angle, ordinary kitchen lighting, realistic phone-camera look, mild motion blur, no text, no logo",procedural-noise,,,
data/mooncake/ai_0605.jpg,AI composite,generated_mooncake_0605.png,gpt-image-2,"a single mooncake partly beside a cup of tea, realistic dining-table photo, soft shadows, recognizable shape, no text, no logo, no packaging",procedural-color-shapes,,,
data/mooncake/ai_0606.jpg,AI composite,generated_mooncake_0606.png,gpt-image-2,"a close but ordinary photo of one mooncake with a traditional pattern, slightly uneven lighting and focus, realistic food photography, no text, no logo",commons_87502792.jpg,"https://commons.wikimedia.org/wiki/File:One_of_valentine_dinner_meals._Donuts,_cake_and_wine_on_table_in_pink_colors_(49484315293).jpg",Nenad Stojkovic from Srbija,CC BY 2.0
data/mooncake/ai_0607.jpg,AI composite,generated_mooncake_0607.png,gpt-image-2,"one mooncake on a white plate photographed from a little farther away, realistic indoor photo, neutral background, clear enough to recognize, no text, no logo",procedural-noise,,,
data/mooncake/ai_0608.jpg,AI composite,generated_mooncake_0608.png,gpt-image-2,"one mooncake with a different filling style and stamped pattern, realistic casual food photo, warm light, no people, no text, no logo, no packaging",procedural-color-shapes,,,
data/mooncake/ai_0609.jpg,AI composite,generated_mooncake_0609.png,gpt-image-2,"a single colorful snow-skin mooncake, realistic phone photo, simple tabletop, mild shadows and imperfect composition, no text, no logo",commons_101339292.jpg,https://commons.wikimedia.org/wiki/File:Doughnut_and_chilled_water.jpg,Adewuyi Israel,CC BY-SA 4.0
data/mooncake/ai_0610.jpg,AI composite,generated_mooncake_0610.png,gpt-image-2,"a single mooncake cut slightly open to show filling, realistic food photo, natural indoor light, no text, no logo, no packaging",procedural-noise,,,
data/mooncake/ai_0611.jpg,AI composite,generated_mooncake_0611.png,gpt-image-2,"a single mini mooncake on a plate, realistic home photo, slightly soft focus but clearly recognizable, no text, no logo",procedural-color-shapes,,,
data/mooncake/ai_0612.jpg,AI composite,generated_mooncake_0612.png,gpt-image-2,"a single mooncake photographed in a bakery-like setting without readable signs, realistic casual photo, no text, no logo, no packaging",commons_2130317.jpg,https://commons.wikimedia.org/wiki/File:NCI_Visuals_Food_Muffins.jpg,Unknown photographer/artist,Public domain
data/mooncake/ai_0613.jpg,AI composite,generated_mooncake_0613.png,gpt-image-2,"a single traditional Chinese mooncake on a ceramic plate, realistic smartphone food photo, warm indoor light, simple table background, no text, no logo, no packaging",procedural-noise,,,
data/mooncake/ai_0614.jpg,AI composite,generated_mooncake_0614.png,gpt-image-2,"a single Cantonese mooncake with a stamped golden-brown crust, realistic casual home photo, slightly imperfect focus, natural window light, no text, no logo",procedural-color-shapes,,,
data/mooncake/ai_0615.jpg,AI composite,generated_mooncake_0615.png,gpt-image-2,"a single snow-skin mooncake on a small plate, realistic food photo, mild background clutter, natural colors, no text, no logo, no packaging",commons_139700244.jpg,https://commons.wikimedia.org/wiki/File:SZ_%E6%B7%B1%E5%9C%B3_Shenzhen_%E9%BE%8D%E5%B4%97_Longgang_%E9%BE%8D%E5%B4%97%E5%A4%A7%E9%81%93_Longgang_Avenue_%E6%B2%83%E7%88%BE%E7%91%AA%E8%B6%85%E5%B8%82_Walmart_Supermarket_October_2023_R12S_301.jpg,ZHUOOSANGMEI SKY BLUE,CC BY-SA 4.0
data/mooncake/ai_0616.jpg,AI composite,generated_mooncake_0616.png,gpt-image-2,"a single mooncake photographed from a slightly tilted angle, ordinary kitchen lighting, realistic phone-camera look, mild motion blur, no text, no logo",procedural-noise,,,
data/mooncake/ai_0617.jpg,AI composite,generated_mooncake_0617.png,gpt-image-2,"a single mooncake partly beside a cup of tea, realistic dining-table photo, soft shadows, recognizable shape, no text, no logo, no packaging",procedural-color-shapes,,,
data/mooncake/ai_0618.jpg,AI composite,generated_mooncake_0618.png,gpt-image-2,"a close but ordinary photo of one mooncake with a traditional pattern, slightly uneven lighting and focus, realistic food photography, no text, no logo",commons_2130317.jpg,https://commons.wikimedia.org/wiki/File:NCI_Visuals_Food_Muffins.jpg,Unknown photographer/artist,Public domain
data/mooncake/ai_0619.jpg,AI composite,generated_mooncake_0619.png,gpt-image-2,"one mooncake on a white plate photographed from a little farther away, realistic indoor photo, neutral background, clear enough to recognize, no text, no logo",procedural-noise,,,
data/mooncake/ai_0620.jpg,AI composite,generated_mooncake_0620.png,gpt-image-2,"one mooncake with a different filling style and stamped pattern, realistic casual food photo, warm light, no people, no text, no logo, no packaging",procedural-color-shapes,,,
data/mooncake/ai_0621.jpg,AI composite,generated_mooncake_0621.png,gpt-image-2,"a single colorful snow-skin mooncake, realistic phone photo, simple tabletop, mild shadows and imperfect composition, no text, no logo",commons_116703779.jpg,https://commons.wikimedia.org/wiki/File:Muffin_alle_Mele_e_Cannella.jpg,DinaBenedettoFerrandina,CC BY-SA 4.0
data/mooncake/ai_0622.jpg,AI composite,generated_mooncake_0622.png,gpt-image-2,"a single mooncake cut slightly open to show filling, realistic food photo, natural indoor light, no text, no logo, no packaging",procedural-noise,,,
data/mooncake/ai_0623.jpg,AI composite,generated_mooncake_0623.png,gpt-image-2,"a single mini mooncake on a plate, realistic home photo, slightly soft focus but clearly recognizable, no text, no logo",procedural-color-shapes,,,
data/mooncake/ai_0624.jpg,AI composite,generated_mooncake_0624.png,gpt-image-2,"a single mooncake photographed in a bakery-like setting without readable signs, realistic casual photo, no text, no logo, no packaging",commons_79668345.jpg,https://commons.wikimedia.org/wiki/File:Cookie_Ingredients.jpg,UmaDeshpande,CC BY-SA 4.0
data/mooncake/ai_0625.jpg,AI composite,generated_mooncake_0625.png,gpt-image-2,"a single traditional Chinese mooncake on a ceramic plate, realistic smartphone food photo, warm indoor light, simple table background, no text, no logo, no packaging",procedural-noise,,,
data/mooncake/ai_0626.jpg,AI composite,generated_mooncake_0626.png,gpt-image-2,"a single Cantonese mooncake with a stamped golden-brown crust, realistic casual home photo, slightly imperfect focus, natural window light, no text, no logo",procedural-color-shapes,,,
data/mooncake/ai_0627.jpg,AI composite,generated_mooncake_0627.png,gpt-image-2,"a single snow-skin mooncake on a small plate, realistic food photo, mild background clutter, natural colors, no text, no logo, no packaging",commons_10365550.jpg,https://commons.wikimedia.org/wiki/File:Maple_Street_Patissere_Donuts_Muffins.JPG,Infrogmation of New Orleans,CC BY-SA 3.0
data/mooncake/ai_0628.jpg,AI composite,generated_mooncake_0628.png,gpt-image-2,"a single mooncake photographed from a slightly tilted angle, ordinary kitchen lighting, realistic phone-camera look, mild motion blur, no text, no logo",procedural-noise,,,
data/mooncake/ai_0629.jpg,AI composite,generated_mooncake_0629.png,gpt-image-2,"a single mooncake partly beside a cup of tea, realistic dining-table photo, soft shadows, recognizable shape, no text, no logo, no packaging",procedural-color-shapes,,,
data/mooncake/ai_0630.jpg,AI composite,generated_mooncake_0630.png,gpt-image-2,"a close but ordinary photo of one mooncake with a traditional pattern, slightly uneven lighting and focus, realistic food photography, no text, no logo",commons_97367460.jpg,https://commons.wikimedia.org/wiki/File:I_baked_me_some_cookies_(2460924209).jpg,"deradrian from berlin, germany",CC BY-SA 2.0
data/mooncake/ai_0631.jpg,AI composite,generated_mooncake_0631.png,gpt-image-2,"one mooncake on a white plate photographed from a little farther away, realistic indoor photo, neutral background, clear enough to recognize, no text, no logo",procedural-noise,,,
data/mooncake/ai_0632.jpg,AI composite,generated_mooncake_0632.png,gpt-image-2,"one mooncake with a different filling style and stamped pattern, realistic casual food photo, warm light, no people, no text, no logo, no packaging",procedural-color-shapes,,,
data/mooncake/ai_0633.jpg,AI composite,generated_mooncake_0633.png,gpt-image-2,"a single colorful snow-skin mooncake, realistic phone photo, simple tabletop, mild shadows and imperfect composition, no text, no logo",commons_146007929.jpg,https://commons.wikimedia.org/wiki/File:Muffiny_s_lesn%C3%ADm_ovocem_a_kr%C3%A9mem_01.jpg,Pohled 111,CC BY-SA 4.0
data/mooncake/ai_0634.jpg,AI composite,generated_mooncake_0634.png,gpt-image-2,"a single mooncake cut slightly open to show filling, realistic food photo, natural indoor light, no text, no logo, no packaging",procedural-noise,,,
data/mooncake/ai_0635.jpg,AI composite,generated_mooncake_0635.png,gpt-image-2,"a single mini mooncake on a plate, realistic home photo, slightly soft focus but clearly recognizable, no text, no logo",procedural-color-shapes,,,
data/mooncake/ai_0636.jpg,AI composite,generated_mooncake_0636.png,gpt-image-2,"a single mooncake photographed in a bakery-like setting without readable signs, realistic casual photo, no text, no logo, no packaging",commons_124258250.jpg,https://commons.wikimedia.org/wiki/File:Butterscotch_Cupcakes.jpg,ArtOfHappiness,CC BY-SA 4.0
data/mooncake/ai_0637.jpg,AI composite,generated_mooncake_0637.png,gpt-image-2,"a single traditional Chinese mooncake on a ceramic plate, realistic smartphone food photo, warm indoor light, simple table background, no text, no logo, no packaging",procedural-noise,,,
data/mooncake/ai_0638.jpg,AI composite,generated_mooncake_0638.png,gpt-image-2,"a single Cantonese mooncake with a stamped golden-brown crust, realistic casual home photo, slightly imperfect focus, natural window light, no text, no logo",procedural-color-shapes,,,
data/mooncake/ai_0639.jpg,AI composite,generated_mooncake_0639.png,gpt-image-2,"a single snow-skin mooncake on a small plate, realistic food photo, mild background clutter, natural colors, no text, no logo, no packaging",commons_109570369.jpg,https://commons.wikimedia.org/wiki/File:Cupcakes_(450372328).jpg,"Mack Male from Edmonton, AB, Canada",CC BY-SA 2.0
data/mooncake/ai_0640.jpg,AI composite,generated_mooncake_0640.png,gpt-image-2,"a single mooncake photographed from a slightly tilted angle, ordinary kitchen lighting, realistic phone-camera look, mild motion blur, no text, no logo",procedural-noise,,,
data/mooncake/ai_0641.jpg,AI composite,generated_mooncake_0641.png,gpt-image-2,"a single mooncake partly beside a cup of tea, realistic dining-table photo, soft shadows, recognizable shape, no text, no logo, no packaging",procedural-color-shapes,,,
data/mooncake/ai_0642.jpg,AI composite,generated_mooncake_0642.png,gpt-image-2,"a close but ordinary photo of one mooncake with a traditional pattern, slightly uneven lighting and focus, realistic food photography, no text, no logo",commons_154523191.jpg,https://commons.wikimedia.org/wiki/File:Cookie_box.jpg,Swathi sri srinivasa raghavan,CC0
data/mooncake/ai_0643.jpg,AI composite,generated_mooncake_0643.png,gpt-image-2,"one mooncake on a white plate photographed from a little farther away, realistic indoor photo, neutral background, clear enough to recognize, no text, no logo",procedural-noise,,,
data/mooncake/ai_0644.jpg,AI composite,generated_mooncake_0644.png,gpt-image-2,"one mooncake with a different filling style and stamped pattern, realistic casual food photo, warm light, no people, no text, no logo, no packaging",procedural-color-shapes,,,
data/mooncake/ai_0645.jpg,AI composite,generated_mooncake_0645.png,gpt-image-2,"a single colorful snow-skin mooncake, realistic phone photo, simple tabletop, mild shadows and imperfect composition, no text, no logo",commons_154002631.jpg,https://commons.wikimedia.org/wiki/File:Cupcake_c%C3%A9l%C3%A9bration_10_ans_-_WikiIndaba_2024_2.jpg,Bile rene,CC BY-SA 4.0
data/mooncake/ai_0646.jpg,AI composite,generated_mooncake_0646.png,gpt-image-2,"a single mooncake cut slightly open to show filling, realistic food photo, natural indoor light, no text, no logo, no packaging",procedural-noise,,,
data/mooncake/ai_0647.jpg,AI composite,generated_mooncake_0647.png,gpt-image-2,"a single mini mooncake on a plate, realistic home photo, slightly soft focus but clearly recognizable, no text, no logo",procedural-color-shapes,,,
data/mooncake/ai_0648.jpg,AI composite,generated_mooncake_0648.png,gpt-image-2,"a single mooncake photographed in a bakery-like setting without readable signs, realistic casual photo, no text, no logo, no packaging",commons_50289117.jpg,https://commons.wikimedia.org/wiki/File:Chinese_Egg_Custard_Tarts.jpg,Banej,CC BY-SA 3.0
data/mooncake/ai_0649.jpg,AI composite,generated_mooncake_0649.png,gpt-image-2,"a single traditional Chinese mooncake on a ceramic plate, realistic smartphone food photo, warm indoor light, simple table background, no text, no logo, no packaging",procedural-noise,,,
data/mooncake/ai_0650.jpg,AI composite,generated_mooncake_0650.png,gpt-image-2,"a single Cantonese mooncake with a stamped golden-brown crust, realistic casual home photo, slightly imperfect focus, natural window light, no text, no logo",procedural-color-shapes,,,
data/mooncake/ai_0651.jpg,AI composite,generated_mooncake_0651.png,gpt-image-2,"a single snow-skin mooncake on a small plate, realistic food photo, mild background clutter, natural colors, no text, no logo, no packaging",commons_121446877.jpg,https://commons.wikimedia.org/wiki/File:Cookie_Ginger_Bread_Men.jpg,MyLifeStory,CC BY 2.0
data/mooncake/ai_0652.jpg,AI composite,generated_mooncake_0652.png,gpt-image-2,"a single mooncake photographed from a slightly tilted angle, ordinary kitchen lighting, realistic phone-camera look, mild motion blur, no text, no logo",procedural-noise,,,
data/mooncake/ai_0653.jpg,AI composite,generated_mooncake_0653.png,gpt-image-2,"a single mooncake partly beside a cup of tea, realistic dining-table photo, soft shadows, recognizable shape, no text, no logo, no packaging",procedural-color-shapes,,,
data/mooncake/ai_0654.jpg,AI composite,generated_mooncake_0654.png,gpt-image-2,"a close but ordinary photo of one mooncake with a traditional pattern, slightly uneven lighting and focus, realistic food photography, no text, no logo",commons_38799085.jpg,"https://commons.wikimedia.org/wiki/File:Puntarenas,_Costa_Rica_-_Puntarenas%27_Cream_Filled_Doughnuts.png",Steven Depolo,CC BY 3.0
data/mooncake/ai_0655.jpg,AI composite,generated_mooncake_0655.png,gpt-image-2,"one mooncake on a white plate photographed from a little farther away, realistic indoor photo, neutral background, clear enough to recognize, no text, no logo",procedural-noise,,,
data/mooncake/ai_0656.jpg,AI composite,generated_mooncake_0656.png,gpt-image-2,"one mooncake with a different filling style and stamped pattern, realistic casual food photo, warm light, no people, no text, no logo, no packaging",procedural-color-shapes,,,
data/mooncake/ai_0657.jpg,AI composite,generated_mooncake_0657.png,gpt-image-2,"a single colorful snow-skin mooncake, realistic phone photo, simple tabletop, mild shadows and imperfect composition, no text, no logo",commons_136698280.jpg,https://commons.wikimedia.org/wiki/File:Taiwan_Pineapple_cakes_-_1.jpg,Kyu3,CC BY-SA 4.0
data/mooncake/ai_0658.jpg,AI composite,generated_mooncake_0658.png,gpt-image-2,"a single mooncake cut slightly open to show filling, realistic food photo, natural indoor light, no text, no logo, no packaging",procedural-noise,,,
data/mooncake/ai_0659.jpg,AI composite,generated_mooncake_0659.png,gpt-image-2,"a single mini mooncake on a plate, realistic home photo, slightly soft focus but clearly recognizable, no text, no logo",procedural-color-shapes,,,
data/mooncake/ai_0660.jpg,AI composite,generated_mooncake_0660.png,gpt-image-2,"a single mooncake photographed in a bakery-like setting without readable signs, realistic casual photo, no text, no logo, no packaging",commons_61543154.jpg,https://commons.wikimedia.org/wiki/File:Kac_kac_donut.jpg,Unknown authorUnknown author,CC BY-SA 4.0
data/mooncake/ai_0661.jpg,AI composite,generated_mooncake_0661.png,gpt-image-2,"a single traditional Chinese mooncake on a ceramic plate, realistic smartphone food photo, warm indoor light, simple table background, no text, no logo, no packaging",procedural-noise,,,
data/mooncake/ai_0662.jpg,AI composite,generated_mooncake_0662.png,gpt-image-2,"a single Cantonese mooncake with a stamped golden-brown crust, realistic casual home photo, slightly imperfect focus, natural window light, no text, no logo",procedural-color-shapes,,,
data/mooncake/ai_0663.jpg,AI composite,generated_mooncake_0663.png,gpt-image-2,"a single snow-skin mooncake on a small plate, realistic food photo, mild background clutter, natural colors, no text, no logo, no packaging",commons_119526562.jpg,https://commons.wikimedia.org/wiki/File:Vollkorn_Muffins_und_schwarzer_Bio-Kaffee.jpg,Marc-Lautenbacher,CC BY-SA 4.0
data/mooncake/ai_0664.jpg,AI composite,generated_mooncake_0664.png,gpt-image-2,"a single mooncake photographed from a slightly tilted angle, ordinary kitchen lighting, realistic phone-camera look, mild motion blur, no text, no logo",procedural-noise,,,
data/mooncake/ai_0665.jpg,AI composite,generated_mooncake_0665.png,gpt-image-2,"a single mooncake partly beside a cup of tea, realistic dining-table photo, soft shadows, recognizable shape, no text, no logo, no packaging",procedural-color-shapes,,,
data/mooncake/ai_0666.jpg,AI composite,generated_mooncake_0666.png,gpt-image-2,"a close but ordinary photo of one mooncake with a traditional pattern, slightly uneven lighting and focus, realistic food photography, no text, no logo",commons_32642897.jpg,https://commons.wikimedia.org/wiki/File:Doggy_Cupcake_(8681979990).jpg,Jay from UK,CC BY 2.0
data/mooncake/ai_0667.jpg,AI composite,generated_mooncake_0667.png,gpt-image-2,"one mooncake on a white plate photographed from a little farther away, realistic indoor photo, neutral background, clear enough to recognize, no text, no logo",procedural-noise,,,
data/mooncake/ai_0668.jpg,AI composite,generated_mooncake_0668.png,gpt-image-2,"one mooncake with a different filling style and stamped pattern, realistic casual food photo, warm light, no people, no text, no logo, no packaging",procedural-color-shapes,,,
data/mooncake/ai_0669.jpg,AI composite,generated_mooncake_0669.png,gpt-image-2,"a single colorful snow-skin mooncake, realistic phone photo, simple tabletop, mild shadows and imperfect composition, no text, no logo",commons_82075225.jpg,https://commons.wikimedia.org/wiki/File:Persevered_veg_(2263648507).jpg,John Johnston,CC BY 2.0
data/mooncake/ai_0670.jpg,AI composite,generated_mooncake_0670.png,gpt-image-2,"a single mooncake cut slightly open to show filling, realistic food photo, natural indoor light, no text, no logo, no packaging",procedural-noise,,,
data/mooncake/ai_0671.jpg,AI composite,generated_mooncake_0671.png,gpt-image-2,"a single mini mooncake on a plate, realistic home photo, slightly soft focus but clearly recognizable, no text, no logo",procedural-color-shapes,,,
data/mooncake/ai_0672.jpg,AI composite,generated_mooncake_0672.png,gpt-image-2,"a single mooncake photographed in a bakery-like setting without readable signs, realistic casual photo, no text, no logo, no packaging",commons_157317907.jpg,https://commons.wikimedia.org/wiki/File:Tournage_emission.jpg,Bertrand82410,CC BY-SA 4.0
data/mooncake/ai_0673.jpg,AI composite,generated_mooncake_0673.png,gpt-image-2,"a single traditional Chinese mooncake on a ceramic plate, realistic smartphone food photo, warm indoor light, simple table background, no text, no logo, no packaging",procedural-noise,,,
data/mooncake/ai_0674.jpg,AI composite,generated_mooncake_0674.png,gpt-image-2,"a single Cantonese mooncake with a stamped golden-brown crust, realistic casual home photo, slightly imperfect focus, natural window light, no text, no logo",procedural-color-shapes,,,
data/mooncake/ai_0675.jpg,AI composite,generated_mooncake_0675.png,gpt-image-2,"a single snow-skin mooncake on a small plate, realistic food photo, mild background clutter, natural colors, no text, no logo, no packaging",commons_105181455.jpg,https://commons.wikimedia.org/wiki/File:%D8%AF%D9%88%D9%86%D8%A7%D8%AA.png,تالا,CC BY-SA 4.0
data/mooncake/ai_0676.jpg,AI composite,generated_mooncake_0676.png,gpt-image-2,"a single mooncake photographed from a slightly tilted angle, ordinary kitchen lighting, realistic phone-camera look, mild motion blur, no text, no logo",procedural-noise,,,
data/mooncake/ai_0677.jpg,AI composite,generated_mooncake_0677.png,gpt-image-2,"a single mooncake partly beside a cup of tea, realistic dining-table photo, soft shadows, recognizable shape, no text, no logo, no packaging",procedural-color-shapes,,,
data/mooncake/ai_0678.jpg,AI composite,generated_mooncake_0678.png,gpt-image-2,"a close but ordinary photo of one mooncake with a traditional pattern, slightly uneven lighting and focus, realistic food photography, no text, no logo",commons_121309837.jpg,https://commons.wikimedia.org/wiki/File:Gazing_cupcakes.jpg,Luna Moonshine,CC BY-SA 4.0
data/mooncake/ai_0679.jpg,AI composite,generated_mooncake_0679.png,gpt-image-2,"one mooncake on a white plate photographed from a little farther away, realistic indoor photo, neutral background, clear enough to recognize, no text, no logo",procedural-noise,,,
data/mooncake/ai_0680.jpg,AI composite,generated_mooncake_0680.png,gpt-image-2,"one mooncake with a different filling style and stamped pattern, realistic casual food photo, warm light, no people, no text, no logo, no packaging",procedural-color-shapes,,,
data/mooncake/ai_0681.jpg,AI composite,generated_mooncake_0681.png,gpt-image-2,"a single colorful snow-skin mooncake, realistic phone photo, simple tabletop, mild shadows and imperfect composition, no text, no logo",commons_132264555.jpg,https://commons.wikimedia.org/wiki/File:CC_Image.jpg,Vinayak,CC BY-SA 4.0
data/mooncake/ai_0682.jpg,AI composite,generated_mooncake_0682.png,gpt-image-2,"a single mooncake cut slightly open to show filling, realistic food photo, natural indoor light, no text, no logo, no packaging",procedural-noise,,,
data/mooncake/ai_0683.jpg,AI composite,generated_mooncake_0683.png,gpt-image-2,"a single mini mooncake on a plate, realistic home photo, slightly soft focus but clearly recognizable, no text, no logo",procedural-color-shapes,,,
data/mooncake/ai_0684.jpg,AI composite,generated_mooncake_0684.png,gpt-image-2,"a single mooncake photographed in a bakery-like setting without readable signs, realistic casual photo, no text, no logo, no packaging",commons_52363954.jpg,https://commons.wikimedia.org/wiki/File:Cake_9876.jpg,Ignoranceisnotbliss,CC BY-SA 4.0
data/mooncake/ai_0685.jpg,AI composite,generated_mooncake_0685.png,gpt-image-2,"a single traditional Chinese mooncake on a ceramic plate, realistic smartphone food photo, warm indoor light, simple table background, no text, no logo, no packaging",procedural-noise,,,
data/mooncake/ai_0686.jpg,AI composite,generated_mooncake_0686.png,gpt-image-2,"a single Cantonese mooncake with a stamped golden-brown crust, realistic casual home photo, slightly imperfect focus, natural window light, no text, no logo",procedural-color-shapes,,,
data/mooncake/ai_0687.jpg,AI composite,generated_mooncake_0687.png,gpt-image-2,"a single snow-skin mooncake on a small plate, realistic food photo, mild background clutter, natural colors, no text, no logo, no packaging",commons_158191538.jpg,https://commons.wikimedia.org/wiki/File:Donuts_(51834139939).jpg,MoWePhoto.de,CC BY 2.0
data/mooncake/ai_0688.jpg,AI composite,generated_mooncake_0688.png,gpt-image-2,"a single mooncake photographed from a slightly tilted angle, ordinary kitchen lighting, realistic phone-camera look, mild motion blur, no text, no logo",procedural-noise,,,
data/mooncake/ai_0689.jpg,AI composite,generated_mooncake_0689.png,gpt-image-2,"a single mooncake partly beside a cup of tea, realistic dining-table photo, soft shadows, recognizable shape, no text, no logo, no packaging",procedural-color-shapes,,,
data/mooncake/ai_0690.jpg,AI composite,generated_mooncake_0690.png,gpt-image-2,"a close but ordinary photo of one mooncake with a traditional pattern, slightly uneven lighting and focus, realistic food photography, no text, no logo",commons_144775827.jpg,https://commons.wikimedia.org/wiki/File:Jingri_Sweets_(Amriti)_-_kolkata.jpg,TAPAS KUMAR HALDER,CC BY-SA 4.0
data/mooncake/ai_0691.jpg,AI composite,generated_mooncake_0691.png,gpt-image-2,"one mooncake on a white plate photographed from a little farther away, realistic indoor photo, neutral background, clear enough to recognize, no text, no logo",procedural-noise,,,
data/mooncake/ai_0692.jpg,AI composite,generated_mooncake_0692.png,gpt-image-2,"one mooncake with a different filling style and stamped pattern, realistic casual food photo, warm light, no people, no text, no logo, no packaging",procedural-color-shapes,,,
data/mooncake/ai_0693.jpg,AI composite,generated_mooncake_0693.png,gpt-image-2,"a single colorful snow-skin mooncake, realistic phone photo, simple tabletop, mild shadows and imperfect composition, no text, no logo",commons_155683772.jpg,https://commons.wikimedia.org/wiki/File:Banana_Chocolate_Muffin_Cake_(Taiwan).jpg,Ralff Nestor Nacor,CC BY-SA 4.0
data/mooncake/ai_0694.jpg,AI composite,generated_mooncake_0694.png,gpt-image-2,"a single mooncake cut slightly open to show filling, realistic food photo, natural indoor light, no text, no logo, no packaging",procedural-noise,,,
data/mooncake/ai_0695.jpg,AI composite,generated_mooncake_0695.png,gpt-image-2,"a single mini mooncake on a plate, realistic home photo, slightly soft focus but clearly recognizable, no text, no logo",procedural-color-shapes,,,
data/mooncake/ai_0696.jpg,AI composite,generated_mooncake_0696.png,gpt-image-2,"a single mooncake photographed in a bakery-like setting without readable signs, realistic casual photo, no text, no logo, no packaging",commons_6978475.jpg,https://commons.wikimedia.org/wiki/File:Muffins_size.JPG,"Damërung ...ÏìíÏ..._ΞΞΞ_       .  --  09:03, 9 June 2009 (UTC)",CC BY-SA 3.0
data/mooncake/ai_0697.jpg,AI composite,generated_mooncake_0697.png,gpt-image-2,"a single traditional Chinese mooncake on a ceramic plate, realistic smartphone food photo, warm indoor light, simple table background, no text, no logo, no packaging",procedural-noise,,,
data/mooncake/ai_0698.jpg,AI composite,generated_mooncake_0698.png,gpt-image-2,"a single Cantonese mooncake with a stamped golden-brown crust, realistic casual home photo, slightly imperfect focus, natural window light, no text, no logo",procedural-color-shapes,,,
data/mooncake/ai_0699.jpg,AI composite,generated_mooncake_0699.png,gpt-image-2,"a single snow-skin mooncake on a small plate, realistic food photo, mild background clutter, natural colors, no text, no logo, no packaging",commons_154256884.jpg,https://commons.wikimedia.org/wiki/File:Dorayakis_(2704060104).jpg,Dani Armengol Garreta,CC BY 2.0
data/mooncake/ai_0700.jpg,AI composite,generated_mooncake_0700.png,gpt-image-2,"a single mooncake photographed from a slightly tilted angle, ordinary kitchen lighting, realistic phone-camera look, mild motion blur, no text, no logo",procedural-noise,,,
data/mooncake/ai_0701.jpg,AI composite,generated_mooncake_0701.png,gpt-image-2,"a single mooncake partly beside a cup of tea, realistic dining-table photo, soft shadows, recognizable shape, no text, no logo, no packaging",procedural-color-shapes,,,
data/mooncake/ai_0702.jpg,AI composite,generated_mooncake_0702.png,gpt-image-2,"a close but ordinary photo of one mooncake with a traditional pattern, slightly uneven lighting and focus, realistic food photography, no text, no logo",commons_153667428.jpg,https://commons.wikimedia.org/wiki/File:Cup_cakes.jpg,Elakkiya Loganayaki,CC0
data/mooncake/ai_0703.jpg,AI composite,generated_mooncake_0703.png,gpt-image-2,"one mooncake on a white plate photographed from a little farther away, realistic indoor photo, neutral background, clear enough to recognize, no text, no logo",procedural-noise,,,
data/mooncake/ai_0704.jpg,AI composite,generated_mooncake_0704.png,gpt-image-2,"one mooncake with a different filling style and stamped pattern, realistic casual food photo, warm light, no people, no text, no logo, no packaging",procedural-color-shapes,,,
data/mooncake/ai_0705.jpg,AI composite,generated_mooncake_0705.png,gpt-image-2,"a single colorful snow-skin mooncake, realistic phone photo, simple tabletop, mild shadows and imperfect composition, no text, no logo",commons_130500769.jpg,https://commons.wikimedia.org/wiki/File:Texas_shaped_donut_on_T-shirt.png,Pete unseth,CC BY-SA 4.0
data/mooncake/ai_0706.jpg,AI composite,generated_mooncake_0706.png,gpt-image-2,"a single mooncake cut slightly open to show filling, realistic food photo, natural indoor light, no text, no logo, no packaging",procedural-noise,,,
data/mooncake/ai_0707.jpg,AI composite,generated_mooncake_0707.png,gpt-image-2,"a single mini mooncake on a plate, realistic home photo, slightly soft focus but clearly recognizable, no text, no logo",procedural-color-shapes,,,
data/mooncake/ai_0708.jpg,AI composite,generated_mooncake_0708.png,gpt-image-2,"a single mooncake photographed in a bakery-like setting without readable signs, realistic casual photo, no text, no logo, no packaging",commons_143000248.jpg,https://commons.wikimedia.org/wiki/File:GD_%E5%BB%A3%E6%9D%B1_Guangdong_%E6%B1%95%E9%A0%AD%E7%8C%9B%E7%8D%85%E5%87%B1%E8%90%8A%E9%85%92%E5%BA%97_Shantou_Menshine_Gloria_Plaza_Hotel_%E9%A4%90%E5%BB%B3_restaurant_%E6%97%A9%E9%A4%90_breakfast_buffet_egg_tart_December_2023_Red7_01.jpg,Tang HungTze Fat,CC0
data/mooncake/ai_0709.jpg,AI composite,generated_mooncake_0709.png,gpt-image-2,"a single traditional Chinese mooncake on a ceramic plate, realistic smartphone food photo, warm indoor light, simple table background, no text, no logo, no packaging",procedural-noise,,,
data/mooncake/ai_0710.jpg,AI composite,generated_mooncake_0710.png,gpt-image-2,"a single Cantonese mooncake with a stamped golden-brown crust, realistic casual home photo, slightly imperfect focus, natural window light, no text, no logo",procedural-color-shapes,,,
data/mooncake/ai_0711.jpg,AI composite,generated_mooncake_0711.png,gpt-image-2,"a single snow-skin mooncake on a small plate, realistic food photo, mild background clutter, natural colors, no text, no logo, no packaging",commons_39964275.jpg,https://commons.wikimedia.org/wiki/File:Coffee_%26_cookies_(17174288756).jpg,sunny mama,CC BY-SA 2.0
data/mooncake/ai_0712.jpg,AI composite,generated_mooncake_0712.png,gpt-image-2,"a single mooncake photographed from a slightly tilted angle, ordinary kitchen lighting, realistic phone-camera look, mild motion blur, no text, no logo",procedural-noise,,,
data/mooncake/ai_0713.jpg,AI composite,generated_mooncake_0713.png,gpt-image-2,"a single mooncake partly beside a cup of tea, realistic dining-table photo, soft shadows, recognizable shape, no text, no logo, no packaging",procedural-color-shapes,,,
data/mooncake/ai_0714.jpg,AI composite,generated_mooncake_0714.png,gpt-image-2,"a close but ordinary photo of one mooncake with a traditional pattern, slightly uneven lighting and focus, realistic food photography, no text, no logo",commons_87507056.jpg,https://commons.wikimedia.org/wiki/File:DSC0115_(40536059481).jpg,"Tomasz Baranowski from Lelystad, Holland",CC BY 2.0
data/mooncake/ai_0715.jpg,AI composite,generated_mooncake_0715.png,gpt-image-2,"one mooncake on a white plate photographed from a little farther away, realistic indoor photo, neutral background, clear enough to recognize, no text, no logo",procedural-noise,,,
data/mooncake/ai_0716.jpg,AI composite,generated_mooncake_0716.png,gpt-image-2,"one mooncake with a different filling style and stamped pattern, realistic casual food photo, warm light, no people, no text, no logo, no packaging",procedural-color-shapes,,,
data/mooncake/ai_0717.jpg,AI composite,generated_mooncake_0717.png,gpt-image-2,"a single colorful snow-skin mooncake, realistic phone photo, simple tabletop, mild shadows and imperfect composition, no text, no logo",commons_105181455.jpg,https://commons.wikimedia.org/wiki/File:%D8%AF%D9%88%D9%86%D8%A7%D8%AA.png,تالا,CC BY-SA 4.0
data/mooncake/ai_0718.jpg,AI composite,generated_mooncake_0718.png,gpt-image-2,"a single mooncake cut slightly open to show filling, realistic food photo, natural indoor light, no text, no logo, no packaging",procedural-noise,,,
data/mooncake/ai_0719.jpg,AI composite,generated_mooncake_0719.png,gpt-image-2,"a single mini mooncake on a plate, realistic home photo, slightly soft focus but clearly recognizable, no text, no logo",procedural-color-shapes,,,
data/mooncake/ai_0720.jpg,AI composite,generated_mooncake_0720.png,gpt-image-2,"a single mooncake photographed in a bakery-like setting without readable signs, realistic casual photo, no text, no logo, no packaging",commons_29717480.jpg,https://commons.wikimedia.org/wiki/File:Doughwich.jpg,Jeremystephan1970,CC BY-SA 3.0
data/mooncake/ai_0721.jpg,AI composite,generated_mooncake_0721.png,gpt-image-2,"a single traditional Chinese mooncake on a ceramic plate, realistic smartphone food photo, warm indoor light, simple table background, no text, no logo, no packaging",procedural-noise,,,
data/mooncake/ai_0722.jpg,AI composite,generated_mooncake_0722.png,gpt-image-2,"a single Cantonese mooncake with a stamped golden-brown crust, realistic casual home photo, slightly imperfect focus, natural window light, no text, no logo",procedural-color-shapes,,,
data/mooncake/ai_0723.jpg,AI composite,generated_mooncake_0723.png,gpt-image-2,"a single snow-skin mooncake on a small plate, realistic food photo, mild background clutter, natural colors, no text, no logo, no packaging",commons_33708237.jpg,https://commons.wikimedia.org/wiki/File:Haciendo_galletas_-_Making_cookies_(4049328992).jpg,"shaorang from Puerto de Santa Maria, Cadiz, España",CC BY-SA 2.0
data/mooncake/ai_0724.jpg,AI composite,generated_mooncake_0724.png,gpt-image-2,"a single mooncake photographed from a slightly tilted angle, ordinary kitchen lighting, realistic phone-camera look, mild motion blur, no text, no logo",procedural-noise,,,
data/mooncake/ai_0725.jpg,AI composite,generated_mooncake_0725.png,gpt-image-2,"a single mooncake partly beside a cup of tea, realistic dining-table photo, soft shadows, recognizable shape, no text, no logo, no packaging",procedural-color-shapes,,,
data/mooncake/ai_0726.jpg,AI composite,generated_mooncake_0726.png,gpt-image-2,"a close but ordinary photo of one mooncake with a traditional pattern, slightly uneven lighting and focus, realistic food photography, no text, no logo",commons_137845141.jpg,https://commons.wikimedia.org/wiki/File:Box-of-Doughnut-Plant_NYC_01-10-2017.png,Imsanaw,CC BY-SA 4.0
data/mooncake/ai_0727.jpg,AI composite,generated_mooncake_0727.png,gpt-image-2,"one mooncake on a white plate photographed from a little farther away, realistic indoor photo, neutral background, clear enough to recognize, no text, no logo",procedural-noise,,,
data/mooncake/ai_0728.jpg,AI composite,generated_mooncake_0728.png,gpt-image-2,"one mooncake with a different filling style and stamped pattern, realistic casual food photo, warm light, no people, no text, no logo, no packaging",procedural-color-shapes,,,
data/mooncake/ai_0729.jpg,AI composite,generated_mooncake_0729.png,gpt-image-2,"a single colorful snow-skin mooncake, realistic phone photo, simple tabletop, mild shadows and imperfect composition, no text, no logo",commons_178823645.jpg,https://commons.wikimedia.org/wiki/File:%D0%9A%D1%80%D0%BE%D1%84%D0%BD%D0%B8_%D1%81%D0%BE_%D1%86%D1%80%D0%BD%D0%BE_%D1%87%D0%BE%D0%BA%D0%BE%D0%BB%D0%B0%D0%B4%D0%BE_%D0%B8_%D0%BB%D0%B5%D1%88%D0%BD%D0%B8%D1%86%D0%B8_(1).jpg,Тиверополник,CC BY-SA 4.0
data/mooncake/ai_0730.jpg,AI composite,generated_mooncake_0730.png,gpt-image-2,"a single mooncake cut slightly open to show filling, realistic food photo, natural indoor light, no text, no logo, no packaging",procedural-noise,,,
data/mooncake/ai_0731.jpg,AI composite,generated_mooncake_0731.png,gpt-image-2,"a single mini mooncake on a plate, realistic home photo, slightly soft focus but clearly recognizable, no text, no logo",procedural-color-shapes,,,
data/mooncake/ai_0732.jpg,AI composite,generated_mooncake_0732.png,gpt-image-2,"a single mooncake photographed in a bakery-like setting without readable signs, realistic casual photo, no text, no logo, no packaging",commons_87528647.jpg,https://commons.wikimedia.org/wiki/File:Sweet_and_Savoury_(6484342913).jpg,Gavin Firkser from Canada,CC BY 2.0
data/mooncake/ai_0733.jpg,AI composite,generated_mooncake_0733.png,gpt-image-2,"a single traditional Chinese mooncake on a ceramic plate, realistic smartphone food photo, warm indoor light, simple table background, no text, no logo, no packaging",procedural-noise,,,
data/mooncake/ai_0734.jpg,AI composite,generated_mooncake_0734.png,gpt-image-2,"a single Cantonese mooncake with a stamped golden-brown crust, realistic casual home photo, slightly imperfect focus, natural window light, no text, no logo",procedural-color-shapes,,,
data/mooncake/ai_0735.jpg,AI composite,generated_mooncake_0735.png,gpt-image-2,"a single snow-skin mooncake on a small plate, realistic food photo, mild background clutter, natural colors, no text, no logo, no packaging",commons_10253772.jpg,https://commons.wikimedia.org/wiki/File:Ginger_Mango_cupcakes_with_Polka_Dots_with_blue_ribbon_in_bow.jpg,Janet Hudson,CC BY 2.0
data/mooncake/ai_0736.jpg,AI composite,generated_mooncake_0736.png,gpt-image-2,"a single mooncake photographed from a slightly tilted angle, ordinary kitchen lighting, realistic phone-camera look, mild motion blur, no text, no logo",procedural-noise,,,
data/mooncake/ai_0737.jpg,AI composite,generated_mooncake_0737.png,gpt-image-2,"a single mooncake partly beside a cup of tea, realistic dining-table photo, soft shadows, recognizable shape, no text, no logo, no packaging",procedural-color-shapes,,,
data/mooncake/ai_0738.jpg,AI composite,generated_mooncake_0738.png,gpt-image-2,"a close but ordinary photo of one mooncake with a traditional pattern, slightly uneven lighting and focus, realistic food photography, no text, no logo",commons_145990425.jpg,https://commons.wikimedia.org/wiki/File:Date_balls.jpg,DDlicious,CC0
data/mooncake/ai_0739.jpg,AI composite,generated_mooncake_0739.png,gpt-image-2,"one mooncake on a white plate photographed from a little farther away, realistic indoor photo, neutral background, clear enough to recognize, no text, no logo",procedural-noise,,,
data/mooncake/ai_0740.jpg,AI composite,generated_mooncake_0740.png,gpt-image-2,"one mooncake with a different filling style and stamped pattern, realistic casual food photo, warm light, no people, no text, no logo, no packaging",procedural-color-shapes,,,
data/mooncake/ai_0741.jpg,AI composite,generated_mooncake_0741.png,gpt-image-2,"a single colorful snow-skin mooncake, realistic phone photo, simple tabletop, mild shadows and imperfect composition, no text, no logo",commons_64174821.jpg,https://commons.wikimedia.org/wiki/File:Making_%22golden_cookies_with_diamonds%22_13.jpg,胡蘿蔔,CC BY-SA 4.0
data/mooncake/ai_0742.jpg,AI composite,generated_mooncake_0742.png,gpt-image-2,"a single mooncake cut slightly open to show filling, realistic food photo, natural indoor light, no text, no logo, no packaging",procedural-noise,,,
data/mooncake/ai_0743.jpg,AI composite,generated_mooncake_0743.png,gpt-image-2,"a single mini mooncake on a plate, realistic home photo, slightly soft focus but clearly recognizable, no text, no logo",procedural-color-shapes,,,
data/mooncake/ai_0744.jpg,AI composite,generated_mooncake_0744.png,gpt-image-2,"a single mooncake photographed in a bakery-like setting without readable signs, realistic casual photo, no text, no logo, no packaging",commons_6557521.jpg,https://commons.wikimedia.org/wiki/File:TarteletteOeufsChinois.jpg,BioPowa,Public domain
data/mooncake/ai_0745.jpg,AI composite,generated_mooncake_0745.png,gpt-image-2,"a single traditional Chinese mooncake on a ceramic plate, realistic smartphone food photo, warm indoor light, simple table background, no text, no logo, no packaging",procedural-noise,,,
data/mooncake/ai_0746.jpg,AI composite,generated_mooncake_0746.png,gpt-image-2,"a single Cantonese mooncake with a stamped golden-brown crust, realistic casual home photo, slightly imperfect focus, natural window light, no text, no logo",procedural-color-shapes,,,
data/mooncake/ai_0747.jpg,AI composite,generated_mooncake_0747.png,gpt-image-2,"a single snow-skin mooncake on a small plate, realistic food photo, mild background clutter, natural colors, no text, no logo, no packaging",commons_10222790.jpg,https://commons.wikimedia.org/wiki/File:Sweet_potato_pecan.jpg,Natalie HG,CC BY 2.0
data/mooncake/ai_0748.jpg,AI composite,generated_mooncake_0748.png,gpt-image-2,"a single mooncake photographed from a slightly tilted angle, ordinary kitchen lighting, realistic phone-camera look, mild motion blur, no text, no logo",procedural-noise,,,
data/mooncake/ai_0749.jpg,AI composite,generated_mooncake_0749.png,gpt-image-2,"a single mooncake partly beside a cup of tea, realistic dining-table photo, soft shadows, recognizable shape, no text, no logo, no packaging",procedural-color-shapes,,,
data/mooncake/ai_0750.jpg,AI composite,generated_mooncake_0750.png,gpt-image-2,"a close but ordinary photo of one mooncake with a traditional pattern, slightly uneven lighting and focus, realistic food photography, no text, no logo",commons_86916181.jpg,https://commons.wikimedia.org/wiki/File:%E8%9B%8B%E7%99%BD%E7%87%95%E7%AA%A9%E6%92%BB.jpg,Pauloleong2002,CC BY-SA 4.0
data/mooncake/ai_0751.jpg,AI composite,generated_mooncake_0751.png,gpt-image-2,"one mooncake on a white plate photographed from a little farther away, realistic indoor photo, neutral background, clear enough to recognize, no text, no logo",procedural-noise,,,
data/mooncake/ai_0752.jpg,AI composite,generated_mooncake_0752.png,gpt-image-2,"one mooncake with a different filling style and stamped pattern, realistic casual food photo, warm light, no people, no text, no logo, no packaging",procedural-color-shapes,,,
data/mooncake/ai_0753.jpg,AI composite,generated_mooncake_0753.png,gpt-image-2,"a single colorful snow-skin mooncake, realistic phone photo, simple tabletop, mild shadows and imperfect composition, no text, no logo",commons_87529287.jpg,https://commons.wikimedia.org/wiki/File:Cinnamon_cookies_(6967068331).jpg,"Cooking etc. from Athens, Greece",CC BY 2.0
data/mooncake/ai_0754.jpg,AI composite,generated_mooncake_0754.png,gpt-image-2,"a single mooncake cut slightly open to show filling, realistic food photo, natural indoor light, no text, no logo, no packaging",procedural-noise,,,
data/mooncake/ai_0755.jpg,AI composite,generated_mooncake_0755.png,gpt-image-2,"a single mini mooncake on a plate, realistic home photo, slightly soft focus but clearly recognizable, no text, no logo",procedural-color-shapes,,,
data/mooncake/ai_0756.jpg,AI composite,generated_mooncake_0756.png,gpt-image-2,"a single mooncake photographed in a bakery-like setting without readable signs, realistic casual photo, no text, no logo, no packaging",commons_78711083.jpg,https://commons.wikimedia.org/wiki/File:Bob%27s_Donuts_Jelly_Donut_1_inside_(27513961706).jpg,Willis Lam,CC BY-SA 2.0
data/mooncake/ai_0757.jpg,AI composite,generated_mooncake_0757.png,gpt-image-2,"a single traditional Chinese mooncake on a ceramic plate, realistic smartphone food photo, warm indoor light, simple table background, no text, no logo, no packaging",procedural-noise,,,
data/mooncake/ai_0758.jpg,AI composite,generated_mooncake_0758.png,gpt-image-2,"a single Cantonese mooncake with a stamped golden-brown crust, realistic casual home photo, slightly imperfect focus, natural window light, no text, no logo",procedural-color-shapes,,,
data/mooncake/ai_0759.jpg,AI composite,generated_mooncake_0759.png,gpt-image-2,"a single snow-skin mooncake on a small plate, realistic food photo, mild background clutter, natural colors, no text, no logo, no packaging",commons_195005697.jpg,https://commons.wikimedia.org/wiki/File:Donut_as_an_evening_meal.jpg,JIP,CC BY-SA 4.0
data/mooncake/ai_0760.jpg,AI composite,generated_mooncake_0760.png,gpt-image-2,"a single mooncake photographed from a slightly tilted angle, ordinary kitchen lighting, realistic phone-camera look, mild motion blur, no text, no logo",procedural-noise,,,
data/mooncake/ai_0761.jpg,AI composite,generated_mooncake_0761.png,gpt-image-2,"a single mooncake partly beside a cup of tea, realistic dining-table photo, soft shadows, recognizable shape, no text, no logo, no packaging",procedural-color-shapes,,,
data/mooncake/ai_0762.jpg,AI composite,generated_mooncake_0762.png,gpt-image-2,"a close but ordinary photo of one mooncake with a traditional pattern, slightly uneven lighting and focus, realistic food photography, no text, no logo",commons_77910752.jpg,https://commons.wikimedia.org/wiki/File:Cupkake_lucu_lan_%C3%A9nak.jpg,Silviaberlian,CC BY-SA 4.0
data/mooncake/ai_0763.jpg,AI composite,generated_mooncake_0763.png,gpt-image-2,"one mooncake on a white plate photographed from a little farther away, realistic indoor photo, neutral background, clear enough to recognize, no text, no logo",procedural-noise,,,
data/mooncake/ai_0764.jpg,AI composite,generated_mooncake_0764.png,gpt-image-2,"one mooncake with a different filling style and stamped pattern, realistic casual food photo, warm light, no people, no text, no logo, no packaging",procedural-color-shapes,,,
data/mooncake/ai_0765.jpg,AI composite,generated_mooncake_0765.png,gpt-image-2,"a single colorful snow-skin mooncake, realistic phone photo, simple tabletop, mild shadows and imperfect composition, no text, no logo",commons_101186485.jpg,https://commons.wikimedia.org/wiki/File:Egg-muffin_(49218808517).jpg,Meg H,CC BY 2.0
data/mooncake/ai_0766.jpg,AI composite,generated_mooncake_0766.png,gpt-image-2,"a single mooncake cut slightly open to show filling, realistic food photo, natural indoor light, no text, no logo, no packaging",procedural-noise,,,
data/mooncake/ai_0767.jpg,AI composite,generated_mooncake_0767.png,gpt-image-2,"a single mini mooncake on a plate, realistic home photo, slightly soft focus but clearly recognizable, no text, no logo",procedural-color-shapes,,,
data/mooncake/ai_0768.jpg,AI composite,generated_mooncake_0768.png,gpt-image-2,"a single mooncake photographed in a bakery-like setting without readable signs, realistic casual photo, no text, no logo, no packaging",commons_63419966.jpg,https://commons.wikimedia.org/wiki/File:Loaded_Tea_Tray_(7610014554).jpg,LearningLark from United States,CC BY 2.0
data/mooncake/ai_0769.jpg,AI composite,generated_mooncake_0769.png,gpt-image-2,"a single traditional Chinese mooncake on a ceramic plate, realistic smartphone food photo, warm indoor light, simple table background, no text, no logo, no packaging",procedural-noise,,,
data/mooncake/ai_0770.jpg,AI composite,generated_mooncake_0770.png,gpt-image-2,"a single Cantonese mooncake with a stamped golden-brown crust, realistic casual home photo, slightly imperfect focus, natural window light, no text, no logo",procedural-color-shapes,,,
data/mooncake/ai_0771.jpg,AI composite,generated_mooncake_0771.png,gpt-image-2,"a single snow-skin mooncake on a small plate, realistic food photo, mild background clutter, natural colors, no text, no logo, no packaging",commons_51438463.jpg,https://commons.wikimedia.org/wiki/File:Milk_bottle_and_two_doughnuts.jpg,www.Pixel.la Free Stock Photos,CC0
data/mooncake/ai_0772.jpg,AI composite,generated_mooncake_0772.png,gpt-image-2,"a single mooncake photographed from a slightly tilted angle, ordinary kitchen lighting, realistic phone-camera look, mild motion blur, no text, no logo",procedural-noise,,,
data/mooncake/ai_0773.jpg,AI composite,generated_mooncake_0773.png,gpt-image-2,"a single mooncake partly beside a cup of tea, realistic dining-table photo, soft shadows, recognizable shape, no text, no logo, no packaging",procedural-color-shapes,,,
data/mooncake/ai_0774.jpg,AI composite,generated_mooncake_0774.png,gpt-image-2,"a close but ordinary photo of one mooncake with a traditional pattern, slightly uneven lighting and focus, realistic food photography, no text, no logo",commons_106641546.jpg,https://commons.wikimedia.org/wiki/File:Beucoukies_(2309535546).jpg,istolethetv,CC BY 2.0
data/mooncake/ai_0775.jpg,AI composite,generated_mooncake_0775.png,gpt-image-2,"one mooncake on a white plate photographed from a little farther away, realistic indoor photo, neutral background, clear enough to recognize, no text, no logo",procedural-noise,,,
data/mooncake/ai_0776.jpg,AI composite,generated_mooncake_0776.png,gpt-image-2,"one mooncake with a different filling style and stamped pattern, realistic casual food photo, warm light, no people, no text, no logo, no packaging",procedural-color-shapes,,,
data/mooncake/ai_0777.jpg,AI composite,generated_mooncake_0777.png,gpt-image-2,"a single colorful snow-skin mooncake, realistic phone photo, simple tabletop, mild shadows and imperfect composition, no text, no logo",commons_149912455.jpg,https://commons.wikimedia.org/wiki/File:Kipowaru_Foto_2.jpg,Kipowaru,CC BY-SA 4.0
data/mooncake/ai_0778.jpg,AI composite,generated_mooncake_0778.png,gpt-image-2,"a single mooncake cut slightly open to show filling, realistic food photo, natural indoor light, no text, no logo, no packaging",procedural-noise,,,
data/mooncake/ai_0779.jpg,AI composite,generated_mooncake_0779.png,gpt-image-2,"a single mini mooncake on a plate, realistic home photo, slightly soft focus but clearly recognizable, no text, no logo",procedural-color-shapes,,,
data/mooncake/ai_0780.jpg,AI composite,generated_mooncake_0780.png,gpt-image-2,"a single mooncake photographed in a bakery-like setting without readable signs, realistic casual photo, no text, no logo, no packaging",commons_153714863.jpg,https://commons.wikimedia.org/wiki/File:Donatee.jpg,Toshtemirova Mushtariy,CC0
data/mooncake/ai_0781.jpg,AI composite,generated_mooncake_0781.png,gpt-image-2,"a single traditional Chinese mooncake on a ceramic plate, realistic smartphone food photo, warm indoor light, simple table background, no text, no logo, no packaging",procedural-noise,,,
data/mooncake/ai_0782.jpg,AI composite,generated_mooncake_0782.png,gpt-image-2,"a single Cantonese mooncake with a stamped golden-brown crust, realistic casual home photo, slightly imperfect focus, natural window light, no text, no logo",procedural-color-shapes,,,
data/mooncake/ai_0783.jpg,AI composite,generated_mooncake_0783.png,gpt-image-2,"a single snow-skin mooncake on a small plate, realistic food photo, mild background clutter, natural colors, no text, no logo, no packaging",commons_63419966.jpg,https://commons.wikimedia.org/wiki/File:Loaded_Tea_Tray_(7610014554).jpg,LearningLark from United States,CC BY 2.0
data/mooncake/ai_0784.jpg,AI composite,generated_mooncake_0784.png,gpt-image-2,"a single mooncake photographed from a slightly tilted angle, ordinary kitchen lighting, realistic phone-camera look, mild motion blur, no text, no logo",procedural-noise,,,
data/mooncake/ai_0785.jpg,AI composite,generated_mooncake_0785.png,gpt-image-2,"a single mooncake partly beside a cup of tea, realistic dining-table photo, soft shadows, recognizable shape, no text, no logo, no packaging",procedural-color-shapes,,,
data/mooncake/ai_0786.jpg,AI composite,generated_mooncake_0786.png,gpt-image-2,"a close but ordinary photo of one mooncake with a traditional pattern, slightly uneven lighting and focus, realistic food photography, no text, no logo",commons_2202571.jpg,https://commons.wikimedia.org/wiki/File:Recette_muffins_aux_pommes_et_stevia_etape_1.jpg,Romain Behar,Public domain
data/mooncake/ai_0787.jpg,AI composite,generated_mooncake_0787.png,gpt-image-2,"one mooncake on a white plate photographed from a little farther away, realistic indoor photo, neutral background, clear enough to recognize, no text, no logo",procedural-noise,,,
data/mooncake/ai_0788.jpg,AI composite,generated_mooncake_0788.png,gpt-image-2,"one mooncake with a different filling style and stamped pattern, realistic casual food photo, warm light, no people, no text, no logo, no packaging",procedural-color-shapes,,,
data/mooncake/ai_0789.jpg,AI composite,generated_mooncake_0789.png,gpt-image-2,"a single colorful snow-skin mooncake, realistic phone photo, simple tabletop, mild shadows and imperfect composition, no text, no logo",commons_23076197.jpg,https://commons.wikimedia.org/wiki/File:Cookies_(4700634391).jpg,"Jeremy Keith from Brighton & Hove, United Kingdom",CC BY 2.0
data/mooncake/ai_0790.jpg,AI composite,generated_mooncake_0790.png,gpt-image-2,"a single mooncake cut slightly open to show filling, realistic food photo, natural indoor light, no text, no logo, no packaging",procedural-noise,,,
data/mooncake/ai_0791.jpg,AI composite,generated_mooncake_0791.png,gpt-image-2,"a single mini mooncake on a plate, realistic home photo, slightly soft focus but clearly recognizable, no text, no logo",procedural-color-shapes,,,
data/mooncake/ai_0792.jpg,AI composite,generated_mooncake_0792.png,gpt-image-2,"a single mooncake photographed in a bakery-like setting without readable signs, realistic casual photo, no text, no logo, no packaging",commons_56359051.jpg,https://commons.wikimedia.org/wiki/File:%E3%82%84%E3%81%BE%E3%81%96%E3%81%8D%E4%B8%89%E8%89%B2%E5%9B%A3%E5%AD%90_%E3%81%A9%E3%82%89%E3%82%84%E3%81%8D_(3893876627).jpg,ElCapitanBSC,CC BY-SA 2.0
data/mooncake/ai_0793.jpg,AI composite,generated_mooncake_0793.png,gpt-image-2,"a single traditional Chinese mooncake on a ceramic plate, realistic smartphone food photo, warm indoor light, simple table background, no text, no logo, no packaging",procedural-noise,,,
data/mooncake/ai_0794.jpg,AI composite,generated_mooncake_0794.png,gpt-image-2,"a single Cantonese mooncake with a stamped golden-brown crust, realistic casual home photo, slightly imperfect focus, natural window light, no text, no logo",procedural-color-shapes,,,
data/mooncake/ai_0795.jpg,AI composite,generated_mooncake_0795.png,gpt-image-2,"a single snow-skin mooncake on a small plate, realistic food photo, mild background clutter, natural colors, no text, no logo, no packaging",commons_2130317.jpg,https://commons.wikimedia.org/wiki/File:NCI_Visuals_Food_Muffins.jpg,Unknown photographer/artist,Public domain
data/mooncake/ai_0796.jpg,AI composite,generated_mooncake_0796.png,gpt-image-2,"a single mooncake photographed from a slightly tilted angle, ordinary kitchen lighting, realistic phone-camera look, mild motion blur, no text, no logo",procedural-noise,,,
data/mooncake/ai_0797.jpg,AI composite,generated_mooncake_0797.png,gpt-image-2,"a single mooncake partly beside a cup of tea, realistic dining-table photo, soft shadows, recognizable shape, no text, no logo, no packaging",procedural-color-shapes,,,
data/mooncake/ai_0798.jpg,AI composite,generated_mooncake_0798.png,gpt-image-2,"a close but ordinary photo of one mooncake with a traditional pattern, slightly uneven lighting and focus, realistic food photography, no text, no logo",commons_64174811.jpg,https://commons.wikimedia.org/wiki/File:Making_%22golden_cookies_with_diamonds%22_07.jpg,胡蘿蔔,CC BY-SA 4.0
data/mooncake/ai_0799.jpg,AI composite,generated_mooncake_0799.png,gpt-image-2,"one mooncake on a white plate photographed from a little farther away, realistic indoor photo, neutral background, clear enough to recognize, no text, no logo",procedural-noise,,,
data/mooncake/ai_0800.jpg,AI composite,generated_mooncake_0800.png,gpt-image-2,"one mooncake with a different filling style and stamped pattern, realistic casual food photo, warm light, no people, no text, no logo, no packaging",procedural-color-shapes,,,
data/mooncake/ai_0801.jpg,AI composite,generated_mooncake_0801.png,gpt-image-2,"a single colorful snow-skin mooncake, realistic phone photo, simple tabletop, mild shadows and imperfect composition, no text, no logo",commons_155869353.jpg,https://commons.wikimedia.org/wiki/File:Corn_dorayaki.jpg,Fumikas Sagisavas,CC0
data/mooncake/ai_0802.jpg,AI composite,generated_mooncake_0802.png,gpt-image-2,"a single mooncake cut slightly open to show filling, realistic food photo, natural indoor light, no text, no logo, no packaging",procedural-noise,,,
data/mooncake/ai_0803.jpg,AI composite,generated_mooncake_0803.png,gpt-image-2,"a single mini mooncake on a plate, realistic home photo, slightly soft focus but clearly recognizable, no text, no logo",procedural-color-shapes,,,
data/mooncake/ai_0804.jpg,AI composite,generated_mooncake_0804.png,gpt-image-2,"a single mooncake photographed in a bakery-like setting without readable signs, realistic casual photo, no text, no logo, no packaging",commons_101339292.jpg,https://commons.wikimedia.org/wiki/File:Doughnut_and_chilled_water.jpg,Adewuyi Israel,CC BY-SA 4.0
data/mooncake/ai_0805.jpg,AI composite,generated_mooncake_0805.png,gpt-image-2,"a single traditional Chinese mooncake on a ceramic plate, realistic smartphone food photo, warm indoor light, simple table background, no text, no logo, no packaging",procedural-noise,,,
data/mooncake/ai_0806.jpg,AI composite,generated_mooncake_0806.png,gpt-image-2,"a single Cantonese mooncake with a stamped golden-brown crust, realistic casual home photo, slightly imperfect focus, natural window light, no text, no logo",procedural-color-shapes,,,
data/mooncake/ai_0807.jpg,AI composite,generated_mooncake_0807.png,gpt-image-2,"a single snow-skin mooncake on a small plate, realistic food photo, mild background clutter, natural colors, no text, no logo, no packaging",commons_64174805.jpg,https://commons.wikimedia.org/wiki/File:Making_%22golden_cookies_with_diamonds%22_04.jpg,胡蘿蔔,CC BY-SA 4.0
data/mooncake/ai_0808.jpg,AI composite,generated_mooncake_0808.png,gpt-image-2,"a single mooncake photographed from a slightly tilted angle, ordinary kitchen lighting, realistic phone-camera look, mild motion blur, no text, no logo",procedural-noise,,,
data/mooncake/ai_0809.jpg,AI composite,generated_mooncake_0809.png,gpt-image-2,"a single mooncake partly beside a cup of tea, realistic dining-table photo, soft shadows, recognizable shape, no text, no logo, no packaging",procedural-color-shapes,,,
data/mooncake/ai_0810.jpg,AI composite,generated_mooncake_0810.png,gpt-image-2,"a close but ordinary photo of one mooncake with a traditional pattern, slightly uneven lighting and focus, realistic food photography, no text, no logo",commons_88789241.jpg,https://commons.wikimedia.org/wiki/File:Gourdough%27s_donut_food_trailer.jpg,Kurt Kaiser,CC0
data/mooncake/ai_0811.jpg,AI composite,generated_mooncake_0811.png,gpt-image-2,"one mooncake on a white plate photographed from a little farther away, realistic indoor photo, neutral background, clear enough to recognize, no text, no logo",procedural-noise,,,
data/mooncake/ai_0812.jpg,AI composite,generated_mooncake_0812.png,gpt-image-2,"one mooncake with a different filling style and stamped pattern, realistic casual food photo, warm light, no people, no text, no logo, no packaging",procedural-color-shapes,,,
data/mooncake/ai_0813.jpg,AI composite,generated_mooncake_0813.png,gpt-image-2,"a single colorful snow-skin mooncake, realistic phone photo, simple tabletop, mild shadows and imperfect composition, no text, no logo",commons_52027720.jpg,https://commons.wikimedia.org/wiki/File:G%C3%A2teaux_(1).jpg,Gzen92,CC BY-SA 4.0
data/mooncake/ai_0814.jpg,AI composite,generated_mooncake_0814.png,gpt-image-2,"a single mooncake cut slightly open to show filling, realistic food photo, natural indoor light, no text, no logo, no packaging",procedural-noise,,,
data/mooncake/ai_0815.jpg,AI composite,generated_mooncake_0815.png,gpt-image-2,"a single mini mooncake on a plate, realistic home photo, slightly soft focus but clearly recognizable, no text, no logo",procedural-color-shapes,,,
data/mooncake/ai_0816.jpg,AI composite,generated_mooncake_0816.png,gpt-image-2,"a single mooncake photographed in a bakery-like setting without readable signs, realistic casual photo, no text, no logo, no packaging",commons_158191538.jpg,https://commons.wikimedia.org/wiki/File:Donuts_(51834139939).jpg,MoWePhoto.de,CC BY 2.0
data/mooncake/ai_0817.jpg,AI composite,generated_mooncake_0817.png,gpt-image-2,"a single traditional Chinese mooncake on a ceramic plate, realistic smartphone food photo, warm indoor light, simple table background, no text, no logo, no packaging",procedural-noise,,,
data/mooncake/ai_0818.jpg,AI composite,generated_mooncake_0818.png,gpt-image-2,"a single Cantonese mooncake with a stamped golden-brown crust, realistic casual home photo, slightly imperfect focus, natural window light, no text, no logo",procedural-color-shapes,,,
data/mooncake/ai_0819.jpg,AI composite,generated_mooncake_0819.png,gpt-image-2,"a single snow-skin mooncake on a small plate, realistic food photo, mild background clutter, natural colors, no text, no logo, no packaging",commons_10222790.jpg,https://commons.wikimedia.org/wiki/File:Sweet_potato_pecan.jpg,Natalie HG,CC BY 2.0
data/mooncake/ai_0820.jpg,AI composite,generated_mooncake_0820.png,gpt-image-2,"a single mooncake photographed from a slightly tilted angle, ordinary kitchen lighting, realistic phone-camera look, mild motion blur, no text, no logo",procedural-noise,,,
data/mooncake/ai_0821.jpg,AI composite,generated_mooncake_0821.png,gpt-image-2,"a single mooncake partly beside a cup of tea, realistic dining-table photo, soft shadows, recognizable shape, no text, no logo, no packaging",procedural-color-shapes,,,
data/mooncake/ai_0822.jpg,AI composite,generated_mooncake_0822.png,gpt-image-2,"a close but ordinary photo of one mooncake with a traditional pattern, slightly uneven lighting and focus, realistic food photography, no text, no logo",commons_99174138.jpg,https://commons.wikimedia.org/wiki/File:PineappleCake.jpg,Destroyeraa,CC BY-SA 4.0
data/mooncake/ai_0823.jpg,AI composite,generated_mooncake_0823.png,gpt-image-2,"one mooncake on a white plate photographed from a little farther away, realistic indoor photo, neutral background, clear enough to recognize, no text, no logo",procedural-noise,,,
data/mooncake/ai_0824.jpg,AI composite,generated_mooncake_0824.png,gpt-image-2,"one mooncake with a different filling style and stamped pattern, realistic casual food photo, warm light, no people, no text, no logo, no packaging",procedural-color-shapes,,,
data/mooncake/ai_0825.jpg,AI composite,generated_mooncake_0825.png,gpt-image-2,"a single colorful snow-skin mooncake, realistic phone photo, simple tabletop, mild shadows and imperfect composition, no text, no logo",commons_10363049.jpg,"https://commons.wikimedia.org/wiki/File:A_rainbow_of_cupcake_bites,_March_2009.jpg",Joy,CC BY 2.0
data/mooncake/ai_0826.jpg,AI composite,generated_mooncake_0826.png,gpt-image-2,"a single mooncake cut slightly open to show filling, realistic food photo, natural indoor light, no text, no logo, no packaging",procedural-noise,,,
data/mooncake/ai_0827.jpg,AI composite,generated_mooncake_0827.png,gpt-image-2,"a single mini mooncake on a plate, realistic home photo, slightly soft focus but clearly recognizable, no text, no logo",procedural-color-shapes,,,
data/mooncake/ai_0828.jpg,AI composite,generated_mooncake_0828.png,gpt-image-2,"a single mooncake photographed in a bakery-like setting without readable signs, realistic casual photo, no text, no logo, no packaging",commons_34986051.jpg,https://commons.wikimedia.org/wiki/File:Gourmet_cupcakes.jpg,Gloria Cabada-Leman,CC BY 2.0
data/mooncake/ai_0829.jpg,AI composite,generated_mooncake_0829.png,gpt-image-2,"a single traditional Chinese mooncake on a ceramic plate, realistic smartphone food photo, warm indoor light, simple table background, no text, no logo, no packaging",procedural-noise,,,
data/mooncake/ai_0830.jpg,AI composite,generated_mooncake_0830.png,gpt-image-2,"a single Cantonese mooncake with a stamped golden-brown crust, realistic casual home photo, slightly imperfect focus, natural window light, no text, no logo",procedural-color-shapes,,,
data/mooncake/ai_0831.jpg,AI composite,generated_mooncake_0831.png,gpt-image-2,"a single snow-skin mooncake on a small plate, realistic food photo, mild background clutter, natural colors, no text, no logo, no packaging",commons_30214755.jpg,https://commons.wikimedia.org/wiki/File:Buns_2.jpg,ProjectManhattan,CC BY-SA 3.0
data/mooncake/ai_0832.jpg,AI composite,generated_mooncake_0832.png,gpt-image-2,"a single mooncake photographed from a slightly tilted angle, ordinary kitchen lighting, realistic phone-camera look, mild motion blur, no text, no logo",procedural-noise,,,
data/mooncake/ai_0833.jpg,AI composite,generated_mooncake_0833.png,gpt-image-2,"a single mooncake partly beside a cup of tea, realistic dining-table photo, soft shadows, recognizable shape, no text, no logo, no packaging",procedural-color-shapes,,,
data/mooncake/ai_0834.jpg,AI composite,generated_mooncake_0834.png,gpt-image-2,"a close but ordinary photo of one mooncake with a traditional pattern, slightly uneven lighting and focus, realistic food photography, no text, no logo",commons_110122326.jpg,https://commons.wikimedia.org/wiki/File:Monster_Cookies_(5048762799).jpg,"Neil Conway from Oakland, USA",CC BY 2.0
data/mooncake/ai_0835.jpg,AI composite,generated_mooncake_0835.png,gpt-image-2,"one mooncake on a white plate photographed from a little farther away, realistic indoor photo, neutral background, clear enough to recognize, no text, no logo",procedural-noise,,,
data/mooncake/ai_0836.jpg,AI composite,generated_mooncake_0836.png,gpt-image-2,"one mooncake with a different filling style and stamped pattern, realistic casual food photo, warm light, no people, no text, no logo, no packaging",procedural-color-shapes,,,
data/mooncake/ai_0837.jpg,AI composite,generated_mooncake_0837.png,gpt-image-2,"a single colorful snow-skin mooncake, realistic phone photo, simple tabletop, mild shadows and imperfect composition, no text, no logo",commons_28119833.jpg,https://commons.wikimedia.org/wiki/File:Two_Egg_Tarts_CC_02_HK.jpg,CCheungimm,CC BY-SA 3.0
data/mooncake/ai_0838.jpg,AI composite,generated_mooncake_0838.png,gpt-image-2,"a single mooncake cut slightly open to show filling, realistic food photo, natural indoor light, no text, no logo, no packaging",procedural-noise,,,
data/mooncake/ai_0839.jpg,AI composite,generated_mooncake_0839.png,gpt-image-2,"a single mini mooncake on a plate, realistic home photo, slightly soft focus but clearly recognizable, no text, no logo",procedural-color-shapes,,,
data/mooncake/ai_0840.jpg,AI composite,generated_mooncake_0840.png,gpt-image-2,"a single mooncake photographed in a bakery-like setting without readable signs, realistic casual photo, no text, no logo, no packaging",commons_162215845.jpg,https://commons.wikimedia.org/wiki/File:Glazed_Ring_Doughnuts.jpg,Jiddah5212,CC BY 4.0
data/mooncake/ai_0841.jpg,AI composite,generated_mooncake_0841.png,gpt-image-2,"a single traditional Chinese mooncake on a ceramic plate, realistic smartphone food photo, warm indoor light, simple table background, no text, no logo, no packaging",procedural-noise,,,
data/mooncake/ai_0842.jpg,AI composite,generated_mooncake_0842.png,gpt-image-2,"a single Cantonese mooncake with a stamped golden-brown crust, realistic casual home photo, slightly imperfect focus, natural window light, no text, no logo",procedural-color-shapes,,,
data/mooncake/ai_0843.jpg,AI composite,generated_mooncake_0843.png,gpt-image-2,"a single snow-skin mooncake on a small plate, realistic food photo, mild background clutter, natural colors, no text, no logo, no packaging",commons_153177063.jpg,https://commons.wikimedia.org/wiki/File:Kekse_auf_einer_Besprechung.jpg,Bildsymbol123,CC BY-SA 4.0
data/mooncake/ai_0844.jpg,AI composite,generated_mooncake_0844.png,gpt-image-2,"a single mooncake photographed from a slightly tilted angle, ordinary kitchen lighting, realistic phone-camera look, mild motion blur, no text, no logo",procedural-noise,,,
data/mooncake/ai_0845.jpg,AI composite,generated_mooncake_0845.png,gpt-image-2,"a single mooncake partly beside a cup of tea, realistic dining-table photo, soft shadows, recognizable shape, no text, no logo, no packaging",procedural-color-shapes,,,
data/mooncake/ai_0846.jpg,AI composite,generated_mooncake_0846.png,gpt-image-2,"a close but ordinary photo of one mooncake with a traditional pattern, slightly uneven lighting and focus, realistic food photography, no text, no logo",commons_63419966.jpg,https://commons.wikimedia.org/wiki/File:Loaded_Tea_Tray_(7610014554).jpg,LearningLark from United States,CC BY 2.0
data/mooncake/ai_0847.jpg,AI composite,generated_mooncake_0847.png,gpt-image-2,"one mooncake on a white plate photographed from a little farther away, realistic indoor photo, neutral background, clear enough to recognize, no text, no logo",procedural-noise,,,
data/mooncake/ai_0848.jpg,AI composite,generated_mooncake_0848.png,gpt-image-2,"one mooncake with a different filling style and stamped pattern, realistic casual food photo, warm light, no people, no text, no logo, no packaging",procedural-color-shapes,,,
data/mooncake/ai_0849.jpg,AI composite,generated_mooncake_0849.png,gpt-image-2,"a single colorful snow-skin mooncake, realistic phone photo, simple tabletop, mild shadows and imperfect composition, no text, no logo",commons_173972916.jpg,"https://commons.wikimedia.org/wiki/File:Egg_Tart,_Aug_2025.jpg",Ralff Nestor Nacor,CC BY-SA 4.0
data/mooncake/ai_0850.jpg,AI composite,generated_mooncake_0850.png,gpt-image-2,"a single mooncake cut slightly open to show filling, realistic food photo, natural indoor light, no text, no logo, no packaging",procedural-noise,,,
data/mooncake/ai_0851.jpg,AI composite,generated_mooncake_0851.png,gpt-image-2,"a single mini mooncake on a plate, realistic home photo, slightly soft focus but clearly recognizable, no text, no logo",procedural-color-shapes,,,
data/mooncake/ai_0852.jpg,AI composite,generated_mooncake_0852.png,gpt-image-2,"a single mooncake photographed in a bakery-like setting without readable signs, realistic casual photo, no text, no logo, no packaging",commons_87787162.jpg,https://commons.wikimedia.org/wiki/File:Cake_(187073839).jpeg,Topu Saha,CC BY-SA 3.0
data/mooncake/ai_0853.jpg,AI composite,generated_mooncake_0853.png,gpt-image-2,"a single traditional Chinese mooncake on a ceramic plate, realistic smartphone food photo, warm indoor light, simple table background, no text, no logo, no packaging",procedural-noise,,,
data/mooncake/ai_0854.jpg,AI composite,generated_mooncake_0854.png,gpt-image-2,"a single Cantonese mooncake with a stamped golden-brown crust, realistic casual home photo, slightly imperfect focus, natural window light, no text, no logo",procedural-color-shapes,,,
data/mooncake/ai_0855.jpg,AI composite,generated_mooncake_0855.png,gpt-image-2,"a single snow-skin mooncake on a small plate, realistic food photo, mild background clutter, natural colors, no text, no logo, no packaging",commons_154928140.jpg,https://commons.wikimedia.org/wiki/File:Nure_Dorayaki.jpg,島児鹿,CC BY-SA 4.0
data/mooncake/ai_0856.jpg,AI composite,generated_mooncake_0856.png,gpt-image-2,"a single mooncake photographed from a slightly tilted angle, ordinary kitchen lighting, realistic phone-camera look, mild motion blur, no text, no logo",procedural-noise,,,
data/mooncake/ai_0857.jpg,AI composite,generated_mooncake_0857.png,gpt-image-2,"a single mooncake partly beside a cup of tea, realistic dining-table photo, soft shadows, recognizable shape, no text, no logo, no packaging",procedural-color-shapes,,,
data/mooncake/ai_0858.jpg,AI composite,generated_mooncake_0858.png,gpt-image-2,"a close but ordinary photo of one mooncake with a traditional pattern, slightly uneven lighting and focus, realistic food photography, no text, no logo",commons_1764275.jpg,https://commons.wikimedia.org/wiki/File:Fairy_cakes_in_oven_stage_1.jpg,User:Lcarsdata,CC BY-SA 3.0
data/mooncake/ai_0859.jpg,AI composite,generated_mooncake_0859.png,gpt-image-2,"one mooncake on a white plate photographed from a little farther away, realistic indoor photo, neutral background, clear enough to recognize, no text, no logo",procedural-noise,,,
data/mooncake/ai_0860.jpg,AI composite,generated_mooncake_0860.png,gpt-image-2,"one mooncake with a different filling style and stamped pattern, realistic casual food photo, warm light, no people, no text, no logo, no packaging",procedural-color-shapes,,,
data/mooncake/ai_0861.jpg,AI composite,generated_mooncake_0861.png,gpt-image-2,"a single colorful snow-skin mooncake, realistic phone photo, simple tabletop, mild shadows and imperfect composition, no text, no logo",commons_95140167.jpg,https://commons.wikimedia.org/wiki/File:Targi_Smaki_Region%C3%B3w_Poznan_MTP_2020_(14).jpg,MOs810,CC BY-SA 4.0
data/mooncake/ai_0862.jpg,AI composite,generated_mooncake_0862.png,gpt-image-2,"a single mooncake cut slightly open to show filling, realistic food photo, natural indoor light, no text, no logo, no packaging",procedural-noise,,,
data/mooncake/ai_0863.jpg,AI composite,generated_mooncake_0863.png,gpt-image-2,"a single mini mooncake on a plate, realistic home photo, slightly soft focus but clearly recognizable, no text, no logo",procedural-color-shapes,,,
data/mooncake/ai_0864.jpg,AI composite,generated_mooncake_0864.png,gpt-image-2,"a single mooncake photographed in a bakery-like setting without readable signs, realistic casual photo, no text, no logo, no packaging",commons_157383867.jpg,https://commons.wikimedia.org/wiki/File:Work_Distractions_(4499893675).jpg,Ryan Snyder,CC BY 2.0
data/mooncake/ai_0865.jpg,AI composite,generated_mooncake_0865.png,gpt-image-2,"a single traditional Chinese mooncake on a ceramic plate, realistic smartphone food photo, warm indoor light, simple table background, no text, no logo, no packaging",procedural-noise,,,
data/mooncake/ai_0866.jpg,AI composite,generated_mooncake_0866.png,gpt-image-2,"a single Cantonese mooncake with a stamped golden-brown crust, realistic casual home photo, slightly imperfect focus, natural window light, no text, no logo",procedural-color-shapes,,,
data/mooncake/ai_0867.jpg,AI composite,generated_mooncake_0867.png,gpt-image-2,"a single snow-skin mooncake on a small plate, realistic food photo, mild background clutter, natural colors, no text, no logo, no packaging",commons_186970562.jpg,https://commons.wikimedia.org/wiki/File:Donuts_on_the_store_shelf.jpg,JustKronos,CC0
data/mooncake/ai_0868.jpg,AI composite,generated_mooncake_0868.png,gpt-image-2,"a single mooncake photographed from a slightly tilted angle, ordinary kitchen lighting, realistic phone-camera look, mild motion blur, no text, no logo",procedural-noise,,,
data/mooncake/ai_0869.jpg,AI composite,generated_mooncake_0869.png,gpt-image-2,"a single mooncake partly beside a cup of tea, realistic dining-table photo, soft shadows, recognizable shape, no text, no logo, no packaging",procedural-color-shapes,,,
data/mooncake/ai_0870.jpg,AI composite,generated_mooncake_0870.png,gpt-image-2,"a close but ordinary photo of one mooncake with a traditional pattern, slightly uneven lighting and focus, realistic food photography, no text, no logo",commons_14879322.jpg,https://commons.wikimedia.org/wiki/File:Broccoli_Tree_Muffins.jpg,https://www.flickr.com/photos/scarygami/,CC BY-SA 2.0
data/mooncake/ai_0871.jpg,AI composite,generated_mooncake_0871.png,gpt-image-2,"one mooncake on a white plate photographed from a little farther away, realistic indoor photo, neutral background, clear enough to recognize, no text, no logo",procedural-noise,,,
data/mooncake/ai_0872.jpg,AI composite,generated_mooncake_0872.png,gpt-image-2,"one mooncake with a different filling style and stamped pattern, realistic casual food photo, warm light, no people, no text, no logo, no packaging",procedural-color-shapes,,,
data/mooncake/ai_0873.jpg,AI composite,generated_mooncake_0873.png,gpt-image-2,"a single colorful snow-skin mooncake, realistic phone photo, simple tabletop, mild shadows and imperfect composition, no text, no logo",commons_3954042.jpg,https://commons.wikimedia.org/wiki/File:Food_Pineapple_sandwich_cookies_2.JPG,DGHsuChi,CC BY-SA 3.0
data/mooncake/ai_0874.jpg,AI composite,generated_mooncake_0874.png,gpt-image-2,"a single mooncake cut slightly open to show filling, realistic food photo, natural indoor light, no text, no logo, no packaging",procedural-noise,,,
data/mooncake/ai_0875.jpg,AI composite,generated_mooncake_0875.png,gpt-image-2,"a single mini mooncake on a plate, realistic home photo, slightly soft focus but clearly recognizable, no text, no logo",procedural-color-shapes,,,
data/mooncake/ai_0876.jpg,AI composite,generated_mooncake_0876.png,gpt-image-2,"a single mooncake photographed in a bakery-like setting without readable signs, realistic casual photo, no text, no logo, no packaging",commons_84388576.jpg,"https://commons.wikimedia.org/wiki/File:-Caramel_-apple_-muffin,_special_for_the_-holidays,_at_-Disneyland%27s_Jolly_Holiday_Bakery._Moist,_sweet,_and_Christmassy._-dessertporn_-dessert_-pastries_-foodporn.jpg",L.A. Foodie,CC BY 2.0
data/mooncake/ai_0877.jpg,AI composite,generated_mooncake_0877.png,gpt-image-2,"a single traditional Chinese mooncake on a ceramic plate, realistic smartphone food photo, warm indoor light, simple table background, no text, no logo, no packaging",procedural-noise,,,
data/mooncake/ai_0878.jpg,AI composite,generated_mooncake_0878.png,gpt-image-2,"a single Cantonese mooncake with a stamped golden-brown crust, realistic casual home photo, slightly imperfect focus, natural window light, no text, no logo",procedural-color-shapes,,,
data/mooncake/ai_0879.jpg,AI composite,generated_mooncake_0879.png,gpt-image-2,"a single snow-skin mooncake on a small plate, realistic food photo, mild background clutter, natural colors, no text, no logo, no packaging",commons_96745658.jpg,https://commons.wikimedia.org/wiki/File:War_Relief_-_Salvation_Army_-_Personnel_(165-WW-569A-85)_-_DPLA_-_4e7d871fe0bbe7981d8d7066182a29d5.jpg,War Department. 1789-9/18/1947,Public domain
data/mooncake/ai_0880.jpg,AI composite,generated_mooncake_0880.png,gpt-image-2,"a single mooncake photographed from a slightly tilted angle, ordinary kitchen lighting, realistic phone-camera look, mild motion blur, no text, no logo",procedural-noise,,,
data/mooncake/ai_0881.jpg,AI composite,generated_mooncake_0881.png,gpt-image-2,"a single mooncake partly beside a cup of tea, realistic dining-table photo, soft shadows, recognizable shape, no text, no logo, no packaging",procedural-color-shapes,,,
data/mooncake/ai_0882.jpg,AI composite,generated_mooncake_0882.png,gpt-image-2,"a close but ordinary photo of one mooncake with a traditional pattern, slightly uneven lighting and focus, realistic food photography, no text, no logo",commons_34997311.jpg,https://commons.wikimedia.org/wiki/File:Chocolate_chip_fairy_cake_(13975428135).jpg,"James Petts from London, England",CC BY-SA 2.0
data/mooncake/ai_0883.jpg,AI composite,generated_mooncake_0883.png,gpt-image-2,"one mooncake on a white plate photographed from a little farther away, realistic indoor photo, neutral background, clear enough to recognize, no text, no logo",procedural-noise,,,
data/mooncake/ai_0884.jpg,AI composite,generated_mooncake_0884.png,gpt-image-2,"one mooncake with a different filling style and stamped pattern, realistic casual food photo, warm light, no people, no text, no logo, no packaging",procedural-color-shapes,,,
data/mooncake/ai_0885.jpg,AI composite,generated_mooncake_0885.png,gpt-image-2,"a single colorful snow-skin mooncake, realistic phone photo, simple tabletop, mild shadows and imperfect composition, no text, no logo",commons_132624131.jpg,https://commons.wikimedia.org/wiki/File:Fazna_Ahmed_opens_the_Maldivian_Patissier_X_Ell_%26_Eves_outlet_(44).jpg,"The President's Office, Maldives",CC BY 4.0
data/mooncake/ai_0886.jpg,AI composite,generated_mooncake_0886.png,gpt-image-2,"a single mooncake cut slightly open to show filling, realistic food photo, natural indoor light, no text, no logo, no packaging",procedural-noise,,,
data/mooncake/ai_0887.jpg,AI composite,generated_mooncake_0887.png,gpt-image-2,"a single mini mooncake on a plate, realistic home photo, slightly soft focus but clearly recognizable, no text, no logo",procedural-color-shapes,,,
data/mooncake/ai_0888.jpg,AI composite,generated_mooncake_0888.png,gpt-image-2,"a single mooncake photographed in a bakery-like setting without readable signs, realistic casual photo, no text, no logo, no packaging",commons_157383867.jpg,https://commons.wikimedia.org/wiki/File:Work_Distractions_(4499893675).jpg,Ryan Snyder,CC BY 2.0
data/mooncake/ai_0889.jpg,AI composite,generated_mooncake_0889.png,gpt-image-2,"a single traditional Chinese mooncake on a ceramic plate, realistic smartphone food photo, warm indoor light, simple table background, no text, no logo, no packaging",procedural-noise,,,
data/mooncake/ai_0890.jpg,AI composite,generated_mooncake_0890.png,gpt-image-2,"a single Cantonese mooncake with a stamped golden-brown crust, realistic casual home photo, slightly imperfect focus, natural window light, no text, no logo",procedural-color-shapes,,,
data/mooncake/ai_0891.jpg,AI composite,generated_mooncake_0891.png,gpt-image-2,"a single snow-skin mooncake on a small plate, realistic food photo, mild background clutter, natural colors, no text, no logo, no packaging",commons_99174138.jpg,https://commons.wikimedia.org/wiki/File:PineappleCake.jpg,Destroyeraa,CC BY-SA 4.0
data/mooncake/ai_0892.jpg,AI composite,generated_mooncake_0892.png,gpt-image-2,"a single mooncake photographed from a slightly tilted angle, ordinary kitchen lighting, realistic phone-camera look, mild motion blur, no text, no logo",procedural-noise,,,
data/mooncake/ai_0893.jpg,AI composite,generated_mooncake_0893.png,gpt-image-2,"a single mooncake partly beside a cup of tea, realistic dining-table photo, soft shadows, recognizable shape, no text, no logo, no packaging",procedural-color-shapes,,,
data/mooncake/ai_0894.jpg,AI composite,generated_mooncake_0894.png,gpt-image-2,"a close but ordinary photo of one mooncake with a traditional pattern, slightly uneven lighting and focus, realistic food photography, no text, no logo",commons_116757506.jpg,https://commons.wikimedia.org/wiki/File:Close-up_of_a_man_eating_a_cookie_with_cream_on_top._(51634669550).jpg,Nenad Stojkovic,CC BY 2.0
data/mooncake/ai_0895.jpg,AI composite,generated_mooncake_0895.png,gpt-image-2,"one mooncake on a white plate photographed from a little farther away, realistic indoor photo, neutral background, clear enough to recognize, no text, no logo",procedural-noise,,,
data/mooncake/ai_0896.jpg,AI composite,generated_mooncake_0896.png,gpt-image-2,"one mooncake with a different filling style and stamped pattern, realistic casual food photo, warm light, no people, no text, no logo, no packaging",procedural-color-shapes,,,
data/mooncake/ai_0897.jpg,AI composite,generated_mooncake_0897.png,gpt-image-2,"a single colorful snow-skin mooncake, realistic phone photo, simple tabletop, mild shadows and imperfect composition, no text, no logo",commons_163167392.jpg,https://commons.wikimedia.org/wiki/File:Pr%C3%A9paration_des_beignets_d%27haricots.jpg,Kolika 228,CC BY-SA 4.0
data/mooncake/ai_0898.jpg,AI composite,generated_mooncake_0898.png,gpt-image-2,"a single mooncake cut slightly open to show filling, realistic food photo, natural indoor light, no text, no logo, no packaging",procedural-noise,,,
data/mooncake/ai_0899.jpg,AI composite,generated_mooncake_0899.png,gpt-image-2,"a single mini mooncake on a plate, realistic home photo, slightly soft focus but clearly recognizable, no text, no logo",procedural-color-shapes,,,
data/mooncake/ai_0900.jpg,AI composite,generated_mooncake_0900.png,gpt-image-2,"a single mooncake photographed in a bakery-like setting without readable signs, realistic casual photo, no text, no logo, no packaging",commons_10253763.jpg,https://commons.wikimedia.org/wiki/File:Better_than_baseball_cupcakes.jpg,Janet Hudson,CC BY 2.0
data/mooncake/ai_0901.jpg,AI composite,generated_mooncake_0901.png,gpt-image-2,"a single traditional Chinese mooncake on a ceramic plate, realistic smartphone food photo, warm indoor light, simple table background, no text, no logo, no packaging",procedural-noise,,,
data/mooncake/ai_0902.jpg,AI composite,generated_mooncake_0902.png,gpt-image-2,"a single Cantonese mooncake with a stamped golden-brown crust, realistic casual home photo, slightly imperfect focus, natural window light, no text, no logo",procedural-color-shapes,,,
data/mooncake/ai_0903.jpg,AI composite,generated_mooncake_0903.png,gpt-image-2,"a single snow-skin mooncake on a small plate, realistic food photo, mild background clutter, natural colors, no text, no logo, no packaging",commons_186092159.jpg,https://commons.wikimedia.org/wiki/File:Dessert_on_a_desk_highlights_the_balance_between_indulgence_and_health_in_a_modern_workspace.jpg,Shixart1985,CC BY 2.0
data/mooncake/ai_0904.jpg,AI composite,generated_mooncake_0904.png,gpt-image-2,"a single mooncake photographed from a slightly tilted angle, ordinary kitchen lighting, realistic phone-camera look, mild motion blur, no text, no logo",procedural-noise,,,
data/mooncake/ai_0905.jpg,AI composite,generated_mooncake_0905.png,gpt-image-2,"a single mooncake partly beside a cup of tea, realistic dining-table photo, soft shadows, recognizable shape, no text, no logo, no packaging",procedural-color-shapes,,,
data/mooncake/ai_0906.jpg,AI composite,generated_mooncake_0906.png,gpt-image-2,"a close but ordinary photo of one mooncake with a traditional pattern, slightly uneven lighting and focus, realistic food photography, no text, no logo",commons_87524673.jpg,https://commons.wikimedia.org/wiki/File:Delicious_Cup_Cakes!_(14203810140).jpg,"Jonathan Rolande from Worthing, England",CC BY 2.0
data/mooncake/ai_0907.jpg,AI composite,generated_mooncake_0907.png,gpt-image-2,"one mooncake on a white plate photographed from a little farther away, realistic indoor photo, neutral background, clear enough to recognize, no text, no logo",procedural-noise,,,
data/mooncake/ai_0908.jpg,AI composite,generated_mooncake_0908.png,gpt-image-2,"one mooncake with a different filling style and stamped pattern, realistic casual food photo, warm light, no people, no text, no logo, no packaging",procedural-color-shapes,,,
data/mooncake/ai_0909.jpg,AI composite,generated_mooncake_0909.png,gpt-image-2,"a single colorful snow-skin mooncake, realistic phone photo, simple tabletop, mild shadows and imperfect composition, no text, no logo",commons_139700244.jpg,https://commons.wikimedia.org/wiki/File:SZ_%E6%B7%B1%E5%9C%B3_Shenzhen_%E9%BE%8D%E5%B4%97_Longgang_%E9%BE%8D%E5%B4%97%E5%A4%A7%E9%81%93_Longgang_Avenue_%E6%B2%83%E7%88%BE%E7%91%AA%E8%B6%85%E5%B8%82_Walmart_Supermarket_October_2023_R12S_301.jpg,ZHUOOSANGMEI SKY BLUE,CC BY-SA 4.0
data/mooncake/ai_0910.jpg,AI composite,generated_mooncake_0910.png,gpt-image-2,"a single mooncake cut slightly open to show filling, realistic food photo, natural indoor light, no text, no logo, no packaging",procedural-noise,,,
data/mooncake/ai_0911.jpg,AI composite,generated_mooncake_0911.png,gpt-image-2,"a single mini mooncake on a plate, realistic home photo, slightly soft focus but clearly recognizable, no text, no logo",procedural-color-shapes,,,
data/mooncake/ai_0912.jpg,AI composite,generated_mooncake_0912.png,gpt-image-2,"a single mooncake photographed in a bakery-like setting without readable signs, realistic casual photo, no text, no logo, no packaging",commons_155998404.jpg,https://commons.wikimedia.org/wiki/File:Portuguese_Egg_Tart.jpg,Sheena Aloner,CC BY-SA 4.0
data/mooncake/ai_0913.jpg,AI composite,generated_mooncake_0913.png,gpt-image-2,"a single traditional Chinese mooncake on a ceramic plate, realistic smartphone food photo, warm indoor light, simple table background, no text, no logo, no packaging",procedural-noise,,,
data/mooncake/ai_0914.jpg,AI composite,generated_mooncake_0914.png,gpt-image-2,"a single Cantonese mooncake with a stamped golden-brown crust, realistic casual home photo, slightly imperfect focus, natural window light, no text, no logo",procedural-color-shapes,,,
data/mooncake/ai_0915.jpg,AI composite,generated_mooncake_0915.png,gpt-image-2,"a single snow-skin mooncake on a small plate, realistic food photo, mild background clutter, natural colors, no text, no logo, no packaging",commons_132951851.jpg,https://commons.wikimedia.org/wiki/File:Cookie_with_laptop.jpg,LilGoober4u,CC BY-SA 4.0
data/mooncake/ai_0916.jpg,AI composite,generated_mooncake_0916.png,gpt-image-2,"a single mooncake photographed from a slightly tilted angle, ordinary kitchen lighting, realistic phone-camera look, mild motion blur, no text, no logo",procedural-noise,,,
data/mooncake/ai_0917.jpg,AI composite,generated_mooncake_0917.png,gpt-image-2,"a single mooncake partly beside a cup of tea, realistic dining-table photo, soft shadows, recognizable shape, no text, no logo, no packaging",procedural-color-shapes,,,
data/mooncake/ai_0918.jpg,AI composite,generated_mooncake_0918.png,gpt-image-2,"a close but ordinary photo of one mooncake with a traditional pattern, slightly uneven lighting and focus, realistic food photography, no text, no logo",commons_27315404.jpg,https://commons.wikimedia.org/wiki/File:Mini_marble_cake.jpg,Tiia Monto,CC BY-SA 3.0
data/mooncake/ai_0919.jpg,AI composite,generated_mooncake_0919.png,gpt-image-2,"one mooncake on a white plate photographed from a little farther away, realistic indoor photo, neutral background, clear enough to recognize, no text, no logo",procedural-noise,,,
data/mooncake/ai_0920.jpg,AI composite,generated_mooncake_0920.png,gpt-image-2,"one mooncake with a different filling style and stamped pattern, realistic casual food photo, warm light, no people, no text, no logo, no packaging",procedural-color-shapes,,,
data/mooncake/ai_0921.jpg,AI composite,generated_mooncake_0921.png,gpt-image-2,"a single colorful snow-skin mooncake, realistic phone photo, simple tabletop, mild shadows and imperfect composition, no text, no logo",commons_70449174.jpg,https://commons.wikimedia.org/wiki/File:%E3%81%99%E3%82%8B%E3%81%8C_(29233306018).jpg,Keiichi Yasu,CC BY-SA 2.0
data/mooncake/ai_0922.jpg,AI composite,generated_mooncake_0922.png,gpt-image-2,"a single mooncake cut slightly open to show filling, realistic food photo, natural indoor light, no text, no logo, no packaging",procedural-noise,,,
data/mooncake/ai_0923.jpg,AI composite,generated_mooncake_0923.png,gpt-image-2,"a single mini mooncake on a plate, realistic home photo, slightly soft focus but clearly recognizable, no text, no logo",procedural-color-shapes,,,
data/mooncake/ai_0924.jpg,AI composite,generated_mooncake_0924.png,gpt-image-2,"a single mooncake photographed in a bakery-like setting without readable signs, realistic casual photo, no text, no logo, no packaging",commons_143572749.jpg,https://commons.wikimedia.org/wiki/File:PD106514-ARW_american_crow_scavenges_discarded_christmas_cookie_from_trash.jpg,Paul Danese,CC BY-SA 4.0
data/mooncake/ai_0925.jpg,AI composite,generated_mooncake_0925.png,gpt-image-2,"a single traditional Chinese mooncake on a ceramic plate, realistic smartphone food photo, warm indoor light, simple table background, no text, no logo, no packaging",procedural-noise,,,
data/mooncake/ai_0926.jpg,AI composite,generated_mooncake_0926.png,gpt-image-2,"a single Cantonese mooncake with a stamped golden-brown crust, realistic casual home photo, slightly imperfect focus, natural window light, no text, no logo",procedural-color-shapes,,,
data/mooncake/ai_0927.jpg,AI composite,generated_mooncake_0927.png,gpt-image-2,"a single snow-skin mooncake on a small plate, realistic food photo, mild background clutter, natural colors, no text, no logo, no packaging",commons_18565019.jpg,https://commons.wikimedia.org/wiki/File:%E3%82%80%E3%82%89%E3%81%9F%E3%82%84_%E3%83%81%E3%83%BC%E3%82%BA%E3%81%A9%E3%82%89%E7%84%BC.jpg,Ichiro Kamiko,CC BY-SA 3.0
data/mooncake/ai_0928.jpg,AI composite,generated_mooncake_0928.png,gpt-image-2,"a single mooncake photographed from a slightly tilted angle, ordinary kitchen lighting, realistic phone-camera look, mild motion blur, no text, no logo",procedural-noise,,,
data/mooncake/ai_0929.jpg,AI composite,generated_mooncake_0929.png,gpt-image-2,"a single mooncake partly beside a cup of tea, realistic dining-table photo, soft shadows, recognizable shape, no text, no logo, no packaging",procedural-color-shapes,,,
data/mooncake/ai_0930.jpg,AI composite,generated_mooncake_0930.png,gpt-image-2,"a close but ordinary photo of one mooncake with a traditional pattern, slightly uneven lighting and focus, realistic food photography, no text, no logo",commons_154002629.jpg,https://commons.wikimedia.org/wiki/File:Cupcake_c%C3%A9l%C3%A9bration_10_ans_-_WikiIndaba_2024.jpg,Bile rene,CC BY-SA 4.0
data/mooncake/ai_0931.jpg,AI composite,generated_mooncake_0931.png,gpt-image-2,"one mooncake on a white plate photographed from a little farther away, realistic indoor photo, neutral background, clear enough to recognize, no text, no logo",procedural-noise,,,
data/mooncake/ai_0932.jpg,AI composite,generated_mooncake_0932.png,gpt-image-2,"one mooncake with a different filling style and stamped pattern, realistic casual food photo, warm light, no people, no text, no logo, no packaging",procedural-color-shapes,,,
data/mooncake/ai_0933.jpg,AI composite,generated_mooncake_0933.png,gpt-image-2,"a single colorful snow-skin mooncake, realistic phone photo, simple tabletop, mild shadows and imperfect composition, no text, no logo",commons_51476498.jpg,https://commons.wikimedia.org/wiki/File:Cupcakes_2.jpg,Ronaldusrex,CC BY-SA 3.0
data/mooncake/ai_0934.jpg,AI composite,generated_mooncake_0934.png,gpt-image-2,"a single mooncake cut slightly open to show filling, realistic food photo, natural indoor light, no text, no logo, no packaging",procedural-noise,,,
data/mooncake/ai_0935.jpg,AI composite,generated_mooncake_0935.png,gpt-image-2,"a single mini mooncake on a plate, realistic home photo, slightly soft focus but clearly recognizable, no text, no logo",procedural-color-shapes,,,
data/mooncake/ai_0936.jpg,AI composite,generated_mooncake_0936.png,gpt-image-2,"a single mooncake photographed in a bakery-like setting without readable signs, realistic casual photo, no text, no logo, no packaging",commons_113530153.jpg,https://commons.wikimedia.org/wiki/File:AB2I9117-Edit-2.jpg,Literarybean,CC BY-SA 4.0
data/mooncake/ai_0937.jpg,AI composite,generated_mooncake_0937.png,gpt-image-2,"a single traditional Chinese mooncake on a ceramic plate, realistic smartphone food photo, warm indoor light, simple table background, no text, no logo, no packaging",procedural-noise,,,
data/mooncake/ai_0938.jpg,AI composite,generated_mooncake_0938.png,gpt-image-2,"a single Cantonese mooncake with a stamped golden-brown crust, realistic casual home photo, slightly imperfect focus, natural window light, no text, no logo",procedural-color-shapes,,,
data/mooncake/ai_0939.jpg,AI composite,generated_mooncake_0939.png,gpt-image-2,"a single snow-skin mooncake on a small plate, realistic food photo, mild background clutter, natural colors, no text, no logo, no packaging",commons_10276599.jpg,"https://commons.wikimedia.org/wiki/File:Chinese_lemon_pastries_from_Golden_Gate_Bakery,_2007.jpg",Jennifer Woodard Maderazo,CC BY 2.0
data/mooncake/ai_0940.jpg,AI composite,generated_mooncake_0940.png,gpt-image-2,"a single mooncake photographed from a slightly tilted angle, ordinary kitchen lighting, realistic phone-camera look, mild motion blur, no text, no logo",procedural-noise,,,
data/mooncake/ai_0941.jpg,AI composite,generated_mooncake_0941.png,gpt-image-2,"a single mooncake partly beside a cup of tea, realistic dining-table photo, soft shadows, recognizable shape, no text, no logo, no packaging",procedural-color-shapes,,,
data/mooncake/ai_0942.jpg,AI composite,generated_mooncake_0942.png,gpt-image-2,"a close but ordinary photo of one mooncake with a traditional pattern, slightly uneven lighting and focus, realistic food photography, no text, no logo",commons_141566750.jpg,https://commons.wikimedia.org/wiki/File:Krispy_Kreme_Halloween_donut.jpg,3steph14,CC BY-SA 4.0
data/mooncake/ai_0943.jpg,AI composite,generated_mooncake_0943.png,gpt-image-2,"one mooncake on a white plate photographed from a little farther away, realistic indoor photo, neutral background, clear enough to recognize, no text, no logo",procedural-noise,,,
data/mooncake/ai_0944.jpg,AI composite,generated_mooncake_0944.png,gpt-image-2,"one mooncake with a different filling style and stamped pattern, realistic casual food photo, warm light, no people, no text, no logo, no packaging",procedural-color-shapes,,,
data/mooncake/ai_0945.jpg,AI composite,generated_mooncake_0945.png,gpt-image-2,"a single colorful snow-skin mooncake, realistic phone photo, simple tabletop, mild shadows and imperfect composition, no text, no logo",commons_79942602.jpg,https://commons.wikimedia.org/wiki/File:Macau_Eggtart.jpg,Tom Liu,CC BY-SA 4.0
data/mooncake/ai_0946.jpg,AI composite,generated_mooncake_0946.png,gpt-image-2,"a single mooncake cut slightly open to show filling, realistic food photo, natural indoor light, no text, no logo, no packaging",procedural-noise,,,
data/mooncake/ai_0947.jpg,AI composite,generated_mooncake_0947.png,gpt-image-2,"a single mini mooncake on a plate, realistic home photo, slightly soft focus but clearly recognizable, no text, no logo",procedural-color-shapes,,,
data/mooncake/ai_0948.jpg,AI composite,generated_mooncake_0948.png,gpt-image-2,"a single mooncake photographed in a bakery-like setting without readable signs, realistic casual photo, no text, no logo, no packaging",commons_51440772.jpg,https://commons.wikimedia.org/wiki/File:Pixella15415_(24298982456).jpg,www.Pixel.la Free Stock Photos,CC0
data/mooncake/ai_0949.jpg,AI composite,generated_mooncake_0949.png,gpt-image-2,"a single traditional Chinese mooncake on a ceramic plate, realistic smartphone food photo, warm indoor light, simple table background, no text, no logo, no packaging",procedural-noise,,,
data/mooncake/ai_0950.jpg,AI composite,generated_mooncake_0950.png,gpt-image-2,"a single Cantonese mooncake with a stamped golden-brown crust, realistic casual home photo, slightly imperfect focus, natural window light, no text, no logo",procedural-color-shapes,,,
data/mooncake/ai_0951.jpg,AI composite,generated_mooncake_0951.png,gpt-image-2,"a single snow-skin mooncake on a small plate, realistic food photo, mild background clutter, natural colors, no text, no logo, no packaging",commons_56434971.jpg,"https://commons.wikimedia.org/wiki/File:October_Welcome_Backstrike_City_-_Sushi-Sushi_Tower_Seoul_Korea_-_Master_Asia_Photography_2012_Truth_the_Colors_of_Gate_Eden_,_pancakes_-_panoramio.jpg",pictures Jettcom,CC BY 3.0
data/mooncake/ai_0952.jpg,AI composite,generated_mooncake_0952.png,gpt-image-2,"a single mooncake photographed from a slightly tilted angle, ordinary kitchen lighting, realistic phone-camera look, mild motion blur, no text, no logo",procedural-noise,,,
data/mooncake/ai_0953.jpg,AI composite,generated_mooncake_0953.png,gpt-image-2,"a single mooncake partly beside a cup of tea, realistic dining-table photo, soft shadows, recognizable shape, no text, no logo, no packaging",procedural-color-shapes,,,
data/mooncake/ai_0954.jpg,AI composite,generated_mooncake_0954.png,gpt-image-2,"a close but ordinary photo of one mooncake with a traditional pattern, slightly uneven lighting and focus, realistic food photography, no text, no logo",commons_19434097.jpg,https://commons.wikimedia.org/wiki/File:Microsoft_teched07_donuts.jpg,"Nick Hodge from Sydney, Australia, Australia",CC BY 2.0
data/mooncake/ai_0955.jpg,AI composite,generated_mooncake_0955.png,gpt-image-2,"one mooncake on a white plate photographed from a little farther away, realistic indoor photo, neutral background, clear enough to recognize, no text, no logo",procedural-noise,,,
data/mooncake/ai_0956.jpg,AI composite,generated_mooncake_0956.png,gpt-image-2,"one mooncake with a different filling style and stamped pattern, realistic casual food photo, warm light, no people, no text, no logo, no packaging",procedural-color-shapes,,,
data/mooncake/ai_0957.jpg,AI composite,generated_mooncake_0957.png,gpt-image-2,"a single colorful snow-skin mooncake, realistic phone photo, simple tabletop, mild shadows and imperfect composition, no text, no logo",commons_178823636.jpg,https://commons.wikimedia.org/wiki/File:%D0%9A%D1%80%D0%BE%D1%84%D0%BD%D0%B8_%D1%81%D0%BE_%D0%B1%D0%B5%D0%BB%D0%BE_%D1%87%D0%BE%D0%BA%D0%BE%D0%BB%D0%B0%D0%B4%D0%BE_%D0%B8_%D0%BA%D0%BE%D0%BA%D0%BE%D1%81.jpg,Тиверополник,CC BY-SA 4.0
data/mooncake/ai_0958.jpg,AI composite,generated_mooncake_0958.png,gpt-image-2,"a single mooncake cut slightly open to show filling, realistic food photo, natural indoor light, no text, no logo, no packaging",procedural-noise,,,
data/mooncake/ai_0959.jpg,AI composite,generated_mooncake_0959.png,gpt-image-2,"a single mini mooncake on a plate, realistic home photo, slightly soft focus but clearly recognizable, no text, no logo",procedural-color-shapes,,,
data/mooncake/ai_0960.jpg,AI composite,generated_mooncake_0960.png,gpt-image-2,"a single mooncake photographed in a bakery-like setting without readable signs, realistic casual photo, no text, no logo, no packaging",commons_155321918.jpg,https://commons.wikimedia.org/wiki/File:Cupcakes_with_Candy_Corn.jpg,HeatherMarieKosur,CC BY-SA 4.0
data/mooncake/ai_0961.jpg,AI composite,generated_mooncake_0961.png,gpt-image-2,"a single traditional Chinese mooncake on a ceramic plate, realistic smartphone food photo, warm indoor light, simple table background, no text, no logo, no packaging",procedural-noise,,,
data/mooncake/ai_0962.jpg,AI composite,generated_mooncake_0962.png,gpt-image-2,"a single Cantonese mooncake with a stamped golden-brown crust, realistic casual home photo, slightly imperfect focus, natural window light, no text, no logo",procedural-color-shapes,,,
data/mooncake/ai_0963.jpg,AI composite,generated_mooncake_0963.png,gpt-image-2,"a single snow-skin mooncake on a small plate, realistic food photo, mild background clutter, natural colors, no text, no logo, no packaging",commons_148263706.jpg,https://commons.wikimedia.org/wiki/File:The_Pima_Indians_-_pl_6a.png,Frank Russell,Public domain
data/mooncake/ai_0964.jpg,AI composite,generated_mooncake_0964.png,gpt-image-2,"a single mooncake photographed from a slightly tilted angle, ordinary kitchen lighting, realistic phone-camera look, mild motion blur, no text, no logo",procedural-noise,,,
data/mooncake/ai_0965.jpg,AI composite,generated_mooncake_0965.png,gpt-image-2,"a single mooncake partly beside a cup of tea, realistic dining-table photo, soft shadows, recognizable shape, no text, no logo, no packaging",procedural-color-shapes,,,
data/mooncake/ai_0966.jpg,AI composite,generated_mooncake_0966.png,gpt-image-2,"a close but ordinary photo of one mooncake with a traditional pattern, slightly uneven lighting and focus, realistic food photography, no text, no logo",commons_124922314.jpg,https://commons.wikimedia.org/wiki/File:Boite_de_donuts.jpg,DaryaneCaz,CC BY-SA 4.0
data/mooncake/ai_0967.jpg,AI composite,generated_mooncake_0967.png,gpt-image-2,"one mooncake on a white plate photographed from a little farther away, realistic indoor photo, neutral background, clear enough to recognize, no text, no logo",procedural-noise,,,
data/mooncake/ai_0968.jpg,AI composite,generated_mooncake_0968.png,gpt-image-2,"one mooncake with a different filling style and stamped pattern, realistic casual food photo, warm light, no people, no text, no logo, no packaging",procedural-color-shapes,,,
data/mooncake/ai_0969.jpg,AI composite,generated_mooncake_0969.png,gpt-image-2,"a single colorful snow-skin mooncake, realistic phone photo, simple tabletop, mild shadows and imperfect composition, no text, no logo",commons_10267149.jpg,https://commons.wikimedia.org/wiki/File:Streusel_Mango_Macadamia_Muffins.jpg,Janet Hudson,CC BY 2.0
data/mooncake/ai_0970.jpg,AI composite,generated_mooncake_0970.png,gpt-image-2,"a single mooncake cut slightly open to show filling, realistic food photo, natural indoor light, no text, no logo, no packaging",procedural-noise,,,
data/mooncake/ai_0971.jpg,AI composite,generated_mooncake_0971.png,gpt-image-2,"a single mini mooncake on a plate, realistic home photo, slightly soft focus but clearly recognizable, no text, no logo",procedural-color-shapes,,,
data/mooncake/ai_0972.jpg,AI composite,generated_mooncake_0972.png,gpt-image-2,"a single mooncake photographed in a bakery-like setting without readable signs, realistic casual photo, no text, no logo, no packaging",commons_34986051.jpg,https://commons.wikimedia.org/wiki/File:Gourmet_cupcakes.jpg,Gloria Cabada-Leman,CC BY 2.0
data/mooncake/ai_0973.jpg,AI composite,generated_mooncake_0973.png,gpt-image-2,"a single traditional Chinese mooncake on a ceramic plate, realistic smartphone food photo, warm indoor light, simple table background, no text, no logo, no packaging",procedural-noise,,,
data/mooncake/ai_0974.jpg,AI composite,generated_mooncake_0974.png,gpt-image-2,"a single Cantonese mooncake with a stamped golden-brown crust, realistic casual home photo, slightly imperfect focus, natural window light, no text, no logo",procedural-color-shapes,,,
data/mooncake/ai_0975.jpg,AI composite,generated_mooncake_0975.png,gpt-image-2,"a single snow-skin mooncake on a small plate, realistic food photo, mild background clutter, natural colors, no text, no logo, no packaging",commons_164436240.jpg,https://commons.wikimedia.org/wiki/File:Beigne_de_banane.jpg,Managnandro,CC BY-SA 4.0
data/mooncake/ai_0976.jpg,AI composite,generated_mooncake_0976.png,gpt-image-2,"a single mooncake photographed from a slightly tilted angle, ordinary kitchen lighting, realistic phone-camera look, mild motion blur, no text, no logo",procedural-noise,,,
data/mooncake/ai_0977.jpg,AI composite,generated_mooncake_0977.png,gpt-image-2,"a single mooncake partly beside a cup of tea, realistic dining-table photo, soft shadows, recognizable shape, no text, no logo, no packaging",procedural-color-shapes,,,
data/mooncake/ai_0978.jpg,AI composite,generated_mooncake_0978.png,gpt-image-2,"a close but ordinary photo of one mooncake with a traditional pattern, slightly uneven lighting and focus, realistic food photography, no text, no logo",commons_36195094.jpg,https://commons.wikimedia.org/wiki/File:Cupcake_madness.JPG,Nadia Khattab,CC BY-SA 4.0
data/mooncake/ai_0979.jpg,AI composite,generated_mooncake_0979.png,gpt-image-2,"one mooncake on a white plate photographed from a little farther away, realistic indoor photo, neutral background, clear enough to recognize, no text, no logo",procedural-noise,,,
data/mooncake/ai_0980.jpg,AI composite,generated_mooncake_0980.png,gpt-image-2,"one mooncake with a different filling style and stamped pattern, realistic casual food photo, warm light, no people, no text, no logo, no packaging",procedural-color-shapes,,,
data/mooncake/ai_0981.jpg,AI composite,generated_mooncake_0981.png,gpt-image-2,"a single colorful snow-skin mooncake, realistic phone photo, simple tabletop, mild shadows and imperfect composition, no text, no logo",commons_128204340.jpg,https://commons.wikimedia.org/wiki/File:Berlines_de_xocolate.jpg,Francesc Fort,CC BY-SA 4.0
data/mooncake/ai_0982.jpg,AI composite,generated_mooncake_0982.png,gpt-image-2,"a single mooncake cut slightly open to show filling, realistic food photo, natural indoor light, no text, no logo, no packaging",procedural-noise,,,
data/mooncake/ai_0983.jpg,AI composite,generated_mooncake_0983.png,gpt-image-2,"a single mini mooncake on a plate, realistic home photo, slightly soft focus but clearly recognizable, no text, no logo",procedural-color-shapes,,,
data/mooncake/ai_0984.jpg,AI composite,generated_mooncake_0984.png,gpt-image-2,"a single mooncake photographed in a bakery-like setting without readable signs, realistic casual photo, no text, no logo, no packaging",commons_58799293.jpg,https://commons.wikimedia.org/wiki/File:Olenka_Kotyk_2015_(Unsplash).jpg,Olenka Kotyk olenka_kotyk,CC0
data/mooncake/ai_0985.jpg,AI composite,generated_mooncake_0985.png,gpt-image-2,"a single traditional Chinese mooncake on a ceramic plate, realistic smartphone food photo, warm indoor light, simple table background, no text, no logo, no packaging",procedural-noise,,,
data/mooncake/ai_0986.jpg,AI composite,generated_mooncake_0986.png,gpt-image-2,"a single Cantonese mooncake with a stamped golden-brown crust, realistic casual home photo, slightly imperfect focus, natural window light, no text, no logo",procedural-color-shapes,,,
data/mooncake/ai_0987.jpg,AI composite,generated_mooncake_0987.png,gpt-image-2,"a single snow-skin mooncake on a small plate, realistic food photo, mild background clutter, natural colors, no text, no logo, no packaging",commons_103292976.jpg,https://commons.wikimedia.org/wiki/File:Muffins_02.jpg,Bycro,CC BY-SA 4.0
data/mooncake/ai_0988.jpg,AI composite,generated_mooncake_0988.png,gpt-image-2,"a single mooncake photographed from a slightly tilted angle, ordinary kitchen lighting, realistic phone-camera look, mild motion blur, no text, no logo",procedural-noise,,,
data/mooncake/ai_0989.jpg,AI composite,generated_mooncake_0989.png,gpt-image-2,"a single mooncake partly beside a cup of tea, realistic dining-table photo, soft shadows, recognizable shape, no text, no logo, no packaging",procedural-color-shapes,,,
data/mooncake/ai_0990.jpg,AI composite,generated_mooncake_0990.png,gpt-image-2,"a close but ordinary photo of one mooncake with a traditional pattern, slightly uneven lighting and focus, realistic food photography, no text, no logo",commons_89958679.jpg,https://commons.wikimedia.org/wiki/File:Bacon-Muffins_(4150505600).jpg,Katrin Gilger,CC BY-SA 2.0
data/mooncake/ai_0991.jpg,AI composite,generated_mooncake_0991.png,gpt-image-2,"one mooncake on a white plate photographed from a little farther away, realistic indoor photo, neutral background, clear enough to recognize, no text, no logo",procedural-noise,,,
data/mooncake/ai_0992.jpg,AI composite,generated_mooncake_0992.png,gpt-image-2,"one mooncake with a different filling style and stamped pattern, realistic casual food photo, warm light, no people, no text, no logo, no packaging",procedural-color-shapes,,,
data/mooncake/ai_0993.jpg,AI composite,generated_mooncake_0993.png,gpt-image-2,"a single colorful snow-skin mooncake, realistic phone photo, simple tabletop, mild shadows and imperfect composition, no text, no logo",commons_78777484.jpg,https://commons.wikimedia.org/wiki/File:%E9%B3%B3%E6%A2%A8%E9%85%A5.jpg,Coffeevore,CC BY-SA 4.0
data/mooncake/ai_0994.jpg,AI composite,generated_mooncake_0994.png,gpt-image-2,"a single mooncake cut slightly open to show filling, realistic food photo, natural indoor light, no text, no logo, no packaging",procedural-noise,,,
data/mooncake/ai_0995.jpg,AI composite,generated_mooncake_0995.png,gpt-image-2,"a single mini mooncake on a plate, realistic home photo, slightly soft focus but clearly recognizable, no text, no logo",procedural-color-shapes,,,
data/mooncake/ai_0996.jpg,AI composite,generated_mooncake_0996.png,gpt-image-2,"a single mooncake photographed in a bakery-like setting without readable signs, realistic casual photo, no text, no logo, no packaging",commons_37540926.jpg,"https://commons.wikimedia.org/wiki/File:Harina_Panader%C3%ADa_in_Madrid,_Spain_(take_away).JPG",David Adam Kess,CC BY-SA 4.0
data/mooncake/ai_0997.jpg,AI composite,generated_mooncake_0997.png,gpt-image-2,"a single traditional Chinese mooncake on a ceramic plate, realistic smartphone food photo, warm indoor light, simple table background, no text, no logo, no packaging",procedural-noise,,,
data/mooncake/ai_0998.jpg,AI composite,generated_mooncake_0998.png,gpt-image-2,"a single Cantonese mooncake with a stamped golden-brown crust, realistic casual home photo, slightly imperfect focus, natural window light, no text, no logo",procedural-color-shapes,,,
data/mooncake/real_0001.jpg,public real photo,commons_10122755.jpg,,,,https://commons.wikimedia.org/?curid=10122755,see Wikimedia Commons file page,see Wikimedia Commons file page
data/mooncake/real_0002.jpg,public real photo,commons_11774845.jpg,,,,https://commons.wikimedia.org/?curid=11774845,see Wikimedia Commons file page,see Wikimedia Commons file page
data/mooncake/real_0003.jpg,public real photo,commons_120445404.jpg,,,,https://commons.wikimedia.org/?curid=120445404,see Wikimedia Commons file page,see Wikimedia Commons file page
data/mooncake/real_0004.jpg,public real photo,commons_125609939.jpg,,,,https://commons.wikimedia.org/?curid=125609939,see Wikimedia Commons file page,see Wikimedia Commons file page
data/mooncake/real_0005.jpg,public real photo,commons_126951963.jpg,,,,https://commons.wikimedia.org/?curid=126951963,see Wikimedia Commons file page,see Wikimedia Commons file page
data/mooncake/real_0006.jpg,public real photo,commons_126951964.jpg,,,,https://commons.wikimedia.org/?curid=126951964,see Wikimedia Commons file page,see Wikimedia Commons file page
data/mooncake/real_0007.jpg,public real photo,commons_138491636.jpg,,,,https://commons.wikimedia.org/?curid=138491636,see Wikimedia Commons file page,see Wikimedia Commons file page
data/mooncake/real_0008.jpg,public real photo,commons_138491638.jpg,,,,https://commons.wikimedia.org/?curid=138491638,see Wikimedia Commons file page,see Wikimedia Commons file page
data/mooncake/real_0009.jpg,public real photo,commons_148874089.jpg,,,,https://commons.wikimedia.org/?curid=148874089,see Wikimedia Commons file page,see Wikimedia Commons file page
data/mooncake/real_0010.jpg,public real photo,commons_152655880.jpg,,,,https://commons.wikimedia.org/?curid=152655880,see Wikimedia Commons file page,see Wikimedia Commons file page
data/mooncake/real_0011.jpg,public real photo,commons_152655882.jpg,,,,https://commons.wikimedia.org/?curid=152655882,see Wikimedia Commons file page,see Wikimedia Commons file page
data/mooncake/real_0012.jpg,public real photo,commons_152655893.jpg,,,,https://commons.wikimedia.org/?curid=152655893,see Wikimedia Commons file page,see Wikimedia Commons file page
data/mooncake/real_0013.jpg,public real photo,commons_152655895.jpg,,,,https://commons.wikimedia.org/?curid=152655895,see Wikimedia Commons file page,see Wikimedia Commons file page
data/mooncake/real_0014.jpg,public real photo,commons_159613428.jpg,,,,https://commons.wikimedia.org/?curid=159613428,see Wikimedia Commons file page,see Wikimedia Commons file page
data/mooncake/real_0015.jpg,public real photo,commons_18193968.jpg,,,,https://commons.wikimedia.org/?curid=18193968,see Wikimedia Commons file page,see Wikimedia Commons file page
data/mooncake/real_0016.jpg,public real photo,commons_18207029.jpg,,,,https://commons.wikimedia.org/?curid=18207029,see Wikimedia Commons file page,see Wikimedia Commons file page
data/mooncake/real_0017.jpg,public real photo,commons_199497798.jpg,,,,https://commons.wikimedia.org/?curid=199497798,see Wikimedia Commons file page,see Wikimedia Commons file page
data/mooncake/real_0018.jpg,public real photo,commons_32855484.jpg,,,,https://commons.wikimedia.org/?curid=32855484,see Wikimedia Commons file page,see Wikimedia Commons file page
data/mooncake/real_0019.jpg,public real photo,commons_561304.jpg,,,,https://commons.wikimedia.org/?curid=561304,see Wikimedia Commons file page,see Wikimedia Commons file page
data/mooncake/real_0020.jpg,public real photo,commons_70567291.jpg,,,,https://commons.wikimedia.org/?curid=70567291,see Wikimedia Commons file page,see Wikimedia Commons file page
data/mooncake/real_0021.jpg,public real photo,commons_82230817.jpg,,,,https://commons.wikimedia.org/?curid=82230817,see Wikimedia Commons file page,see Wikimedia Commons file page
data/mooncake/real_0022.jpg,public real photo,commons_82230818.jpg,,,,https://commons.wikimedia.org/?curid=82230818,see Wikimedia Commons file page,see Wikimedia Commons file page
data/mooncake/real_0023.jpg,public real photo,commons_82230819.jpg,,,,https://commons.wikimedia.org/?curid=82230819,see Wikimedia Commons file page,see Wikimedia Commons file page
data/mooncake/real_0024.jpg,public real photo,dimsum50_0001.jpg,,,,https://www.kaggle.com/datasets/rock3yu/dimsum50-0-1,Rock3YU / DimSum50,see source dataset page
data/mooncake/real_0025.jpg,public real photo,dimsum50_0002.jpg,,,,https://www.kaggle.com/datasets/rock3yu/dimsum50-0-1,Rock3YU / DimSum50,see source dataset page
data/mooncake/real_0026.jpg,public real photo,dimsum50_0003.jpg,,,,https://www.kaggle.com/datasets/rock3yu/dimsum50-0-1,Rock3YU / DimSum50,see source dataset page
data/mooncake/real_0027.jpg,public real photo,dimsum50_0004.jpg,,,,https://www.kaggle.com/datasets/rock3yu/dimsum50-0-1,Rock3YU / DimSum50,see source dataset page
data/mooncake/real_0028.jpg,public real photo,dimsum50_0005.jpg,,,,https://www.kaggle.com/datasets/rock3yu/dimsum50-0-1,Rock3YU / DimSum50,see source dataset page
data/mooncake/real_0029.jpg,public real photo,dimsum50_0006.jpg,,,,https://www.kaggle.com/datasets/rock3yu/dimsum50-0-1,Rock3YU / DimSum50,see source dataset page
data/mooncake/real_0030.jpg,public real photo,dimsum50_0007.jpg,,,,https://www.kaggle.com/datasets/rock3yu/dimsum50-0-1,Rock3YU / DimSum50,see source dataset page
data/mooncake/real_0031.jpg,public real photo,dimsum50_0008.jpg,,,,https://www.kaggle.com/datasets/rock3yu/dimsum50-0-1,Rock3YU / DimSum50,see source dataset page
data/mooncake/real_0032.jpg,public real photo,dimsum50_0009.jpg,,,,https://www.kaggle.com/datasets/rock3yu/dimsum50-0-1,Rock3YU / DimSum50,see source dataset page
data/mooncake/real_0033.jpg,public real photo,dimsum50_0010.jpg,,,,https://www.kaggle.com/datasets/rock3yu/dimsum50-0-1,Rock3YU / DimSum50,see source dataset page
data/mooncake/real_0034.jpg,public real photo,dimsum50_0011.jpg,,,,https://www.kaggle.com/datasets/rock3yu/dimsum50-0-1,Rock3YU / DimSum50,see source dataset page
data/mooncake/real_0035.jpg,public real photo,dimsum50_0012.jpg,,,,https://www.kaggle.com/datasets/rock3yu/dimsum50-0-1,Rock3YU / DimSum50,see source dataset page
data/mooncake/real_0036.jpg,public real photo,dimsum50_0013.jpg,,,,https://www.kaggle.com/datasets/rock3yu/dimsum50-0-1,Rock3YU / DimSum50,see source dataset page
data/mooncake/real_0037.jpg,public real photo,dimsum50_0014.jpg,,,,https://www.kaggle.com/datasets/rock3yu/dimsum50-0-1,Rock3YU / DimSum50,see source dataset page
data/mooncake/real_0038.jpg,public real photo,dimsum50_0015.jpg,,,,https://www.kaggle.com/datasets/rock3yu/dimsum50-0-1,Rock3YU / DimSum50,see source dataset page
data/mooncake/real_0039.jpg,public real photo,dimsum50_0016.jpg,,,,https://www.kaggle.com/datasets/rock3yu/dimsum50-0-1,Rock3YU / DimSum50,see source dataset page
data/mooncake/real_0040.jpg,public real photo,dimsum50_0017.jpg,,,,https://www.kaggle.com/datasets/rock3yu/dimsum50-0-1,Rock3YU / DimSum50,see source dataset page
data/mooncake/real_0041.jpg,public real photo,dimsum50_0018.jpg,,,,https://www.kaggle.com/datasets/rock3yu/dimsum50-0-1,Rock3YU / DimSum50,see source dataset page
data/mooncake/real_0042.jpg,public real photo,dimsum50_0019.jpg,,,,https://www.kaggle.com/datasets/rock3yu/dimsum50-0-1,Rock3YU / DimSum50,see source dataset page
data/mooncake/real_0043.jpg,public real photo,dimsum50_0020.jpg,,,,https://www.kaggle.com/datasets/rock3yu/dimsum50-0-1,Rock3YU / DimSum50,see source dataset page
data/mooncake/real_0044.jpg,public real photo,dimsum50_0021.jpg,,,,https://www.kaggle.com/datasets/rock3yu/dimsum50-0-1,Rock3YU / DimSum50,see source dataset page
data/mooncake/real_0045.jpg,public real photo,dimsum50_0022.jpg,,,,https://www.kaggle.com/datasets/rock3yu/dimsum50-0-1,Rock3YU / DimSum50,see source dataset page
data/mooncake/real_0046.jpg,public real photo,dimsum50_0023.jpg,,,,https://www.kaggle.com/datasets/rock3yu/dimsum50-0-1,Rock3YU / DimSum50,see source dataset page
data/mooncake/real_0047.jpg,public real photo,dimsum50_0024.jpg,,,,https://www.kaggle.com/datasets/rock3yu/dimsum50-0-1,Rock3YU / DimSum50,see source dataset page
data/mooncake/real_0048.jpg,public real photo,dimsum50_0025.jpg,,,,https://www.kaggle.com/datasets/rock3yu/dimsum50-0-1,Rock3YU / DimSum50,see source dataset page
data/mooncake/real_0049.jpg,public real photo,dimsum50_0026.jpg,,,,https://www.kaggle.com/datasets/rock3yu/dimsum50-0-1,Rock3YU / DimSum50,see source dataset page
data/mooncake/real_0050.jpg,public real photo,dimsum50_0027.jpg,,,,https://www.kaggle.com/datasets/rock3yu/dimsum50-0-1,Rock3YU / DimSum50,see source dataset page
data/mooncake/real_0051.jpg,public real photo,dimsum50_0028.jpg,,,,https://www.kaggle.com/datasets/rock3yu/dimsum50-0-1,Rock3YU / DimSum50,see source dataset page
data/mooncake/real_0052.jpg,public real photo,dimsum50_0029.jpg,,,,https://www.kaggle.com/datasets/rock3yu/dimsum50-0-1,Rock3YU / DimSum50,see source dataset page
data/mooncake/real_0053.jpg,public real photo,dimsum50_0030.jpg,,,,https://www.kaggle.com/datasets/rock3yu/dimsum50-0-1,Rock3YU / DimSum50,see source dataset page
data/mooncake/real_0054.jpg,public real photo,dimsum50_0031.jpg,,,,https://www.kaggle.com/datasets/rock3yu/dimsum50-0-1,Rock3YU / DimSum50,see source dataset page
data/mooncake/real_0055.jpg,public real photo,dimsum50_0032.jpg,,,,https://www.kaggle.com/datasets/rock3yu/dimsum50-0-1,Rock3YU / DimSum50,see source dataset page
data/mooncake/real_0056.jpg,public real photo,dimsum50_0033.jpg,,,,https://www.kaggle.com/datasets/rock3yu/dimsum50-0-1,Rock3YU / DimSum50,see source dataset page
data/mooncake/real_0057.jpg,public real photo,dimsum50_0034.jpg,,,,https://www.kaggle.com/datasets/rock3yu/dimsum50-0-1,Rock3YU / DimSum50,see source dataset page
data/mooncake/real_0058.jpg,public real photo,dimsum50_0035.jpg,,,,https://www.kaggle.com/datasets/rock3yu/dimsum50-0-1,Rock3YU / DimSum50,see source dataset page
data/mooncake/real_0059.jpg,public real photo,dimsum50_0036.jpg,,,,https://www.kaggle.com/datasets/rock3yu/dimsum50-0-1,Rock3YU / DimSum50,see source dataset page
data/mooncake/real_0060.jpg,public real photo,dimsum50_0037.jpg,,,,https://www.kaggle.com/datasets/rock3yu/dimsum50-0-1,Rock3YU / DimSum50,see source dataset page
data/mooncake/real_0061.jpg,public real photo,dimsum50_0038.jpg,,,,https://www.kaggle.com/datasets/rock3yu/dimsum50-0-1,Rock3YU / DimSum50,see source dataset page
data/mooncake/real_0062.jpg,public real photo,dimsum50_0039.jpg,,,,https://www.kaggle.com/datasets/rock3yu/dimsum50-0-1,Rock3YU / DimSum50,see source dataset page
data/mooncake/real_0063.jpg,public real photo,dimsum50_0040.jpg,,,,https://www.kaggle.com/datasets/rock3yu/dimsum50-0-1,Rock3YU / DimSum50,see source dataset page
data/mooncake/real_0064.jpg,public real photo,dimsum50_0041.jpg,,,,https://www.kaggle.com/datasets/rock3yu/dimsum50-0-1,Rock3YU / DimSum50,see source dataset page
data/mooncake/real_0065.jpg,public real photo,dimsum50_0042.jpg,,,,https://www.kaggle.com/datasets/rock3yu/dimsum50-0-1,Rock3YU / DimSum50,see source dataset page
data/mooncake/real_0066.jpg,public real photo,dimsum50_0043.jpg,,,,https://www.kaggle.com/datasets/rock3yu/dimsum50-0-1,Rock3YU / DimSum50,see source dataset page
data/mooncake/real_0067.jpg,public real photo,dimsum50_0044.jpg,,,,https://www.kaggle.com/datasets/rock3yu/dimsum50-0-1,Rock3YU / DimSum50,see source dataset page
data/mooncake/real_0068.jpg,public real photo,dimsum50_0045.jpg,,,,https://www.kaggle.com/datasets/rock3yu/dimsum50-0-1,Rock3YU / DimSum50,see source dataset page
data/mooncake/real_0069.jpg,public real photo,dimsum50_0046.jpg,,,,https://www.kaggle.com/datasets/rock3yu/dimsum50-0-1,Rock3YU / DimSum50,see source dataset page
data/mooncake/real_0070.jpg,public real photo,dimsum50_0047.jpg,,,,https://www.kaggle.com/datasets/rock3yu/dimsum50-0-1,Rock3YU / DimSum50,see source dataset page
data/mooncake/real_0071.jpg,public real photo,dimsum50_0048.jpg,,,,https://www.kaggle.com/datasets/rock3yu/dimsum50-0-1,Rock3YU / DimSum50,see source dataset page
data/mooncake/real_0072.jpg,public real photo,dimsum50_0049.jpg,,,,https://www.kaggle.com/datasets/rock3yu/dimsum50-0-1,Rock3YU / DimSum50,see source dataset page
data/mooncake/real_0073.jpg,public real photo,dimsum50_0050.jpg,,,,https://www.kaggle.com/datasets/rock3yu/dimsum50-0-1,Rock3YU / DimSum50,see source dataset page
data/mooncake/real_0074.jpg,public real photo,dimsum50_0051.jpg,,,,https://www.kaggle.com/datasets/rock3yu/dimsum50-0-1,Rock3YU / DimSum50,see source dataset page
data/mooncake/real_0075.jpg,public real photo,dimsum50_0052.jpg,,,,https://www.kaggle.com/datasets/rock3yu/dimsum50-0-1,Rock3YU / DimSum50,see source dataset page
data/mooncake/real_0076.jpg,public real photo,dimsum50_0053.jpg,,,,https://www.kaggle.com/datasets/rock3yu/dimsum50-0-1,Rock3YU / DimSum50,see source dataset page
data/mooncake/real_0077.jpg,public real photo,dimsum50_0054.jpg,,,,https://www.kaggle.com/datasets/rock3yu/dimsum50-0-1,Rock3YU / DimSum50,see source dataset page
data/mooncake/real_0078.jpg,public real photo,dimsum50_0055.jpg,,,,https://www.kaggle.com/datasets/rock3yu/dimsum50-0-1,Rock3YU / DimSum50,see source dataset page
data/mooncake/real_0079.jpg,public real photo,dimsum50_0056.jpg,,,,https://www.kaggle.com/datasets/rock3yu/dimsum50-0-1,Rock3YU / DimSum50,see source dataset page
data/mooncake/real_0080.jpg,public real photo,dimsum50_0057.jpg,,,,https://www.kaggle.com/datasets/rock3yu/dimsum50-0-1,Rock3YU / DimSum50,see source dataset page
data/mooncake/real_0081.jpg,public real photo,dimsum50_0058.jpg,,,,https://www.kaggle.com/datasets/rock3yu/dimsum50-0-1,Rock3YU / DimSum50,see source dataset page
data/mooncake/real_0082.jpg,public real photo,dimsum50_0059.jpg,,,,https://www.kaggle.com/datasets/rock3yu/dimsum50-0-1,Rock3YU / DimSum50,see source dataset page
data/mooncake/real_0083.jpg,public real photo,dimsum50_0060.jpg,,,,https://www.kaggle.com/datasets/rock3yu/dimsum50-0-1,Rock3YU / DimSum50,see source dataset page
data/mooncake/real_0084.jpg,public real photo,dimsum50_0061.jpg,,,,https://www.kaggle.com/datasets/rock3yu/dimsum50-0-1,Rock3YU / DimSum50,see source dataset page
data/mooncake/real_0085.jpg,public real photo,dimsum50_0062.jpg,,,,https://www.kaggle.com/datasets/rock3yu/dimsum50-0-1,Rock3YU / DimSum50,see source dataset page
data/mooncake/real_0086.jpg,public real photo,dimsum50_0063.jpg,,,,https://www.kaggle.com/datasets/rock3yu/dimsum50-0-1,Rock3YU / DimSum50,see source dataset page
data/mooncake/real_0087.jpg,public real photo,dimsum50_0064.jpg,,,,https://www.kaggle.com/datasets/rock3yu/dimsum50-0-1,Rock3YU / DimSum50,see source dataset page
data/mooncake/real_0088.jpg,public real photo,dimsum50_0065.jpg,,,,https://www.kaggle.com/datasets/rock3yu/dimsum50-0-1,Rock3YU / DimSum50,see source dataset page
data/mooncake/real_0089.jpg,public real photo,dimsum50_0066.jpg,,,,https://www.kaggle.com/datasets/rock3yu/dimsum50-0-1,Rock3YU / DimSum50,see source dataset page
data/mooncake/real_0090.jpg,public real photo,dimsum50_0067.jpg,,,,https://www.kaggle.com/datasets/rock3yu/dimsum50-0-1,Rock3YU / DimSum50,see source dataset page
data/mooncake/real_0091.jpg,public real photo,dimsum50_0068.jpg,,,,https://www.kaggle.com/datasets/rock3yu/dimsum50-0-1,Rock3YU / DimSum50,see source dataset page
data/mooncake/real_0092.jpg,public real photo,dimsum50_0069.jpg,,,,https://www.kaggle.com/datasets/rock3yu/dimsum50-0-1,Rock3YU / DimSum50,see source dataset page
data/mooncake/real_0093.jpg,public real photo,dimsum50_0070.jpg,,,,https://www.kaggle.com/datasets/rock3yu/dimsum50-0-1,Rock3YU / DimSum50,see source dataset page
data/mooncake/real_0094.jpg,public real photo,dimsum50_0071.jpg,,,,https://www.kaggle.com/datasets/rock3yu/dimsum50-0-1,Rock3YU / DimSum50,see source dataset page
data/mooncake/real_0095.jpg,public real photo,dimsum50_0072.jpg,,,,https://www.kaggle.com/datasets/rock3yu/dimsum50-0-1,Rock3YU / DimSum50,see source dataset page
data/mooncake/real_0096.jpg,public real photo,dimsum50_0073.jpg,,,,https://www.kaggle.com/datasets/rock3yu/dimsum50-0-1,Rock3YU / DimSum50,see source dataset page
data/mooncake/real_0097.jpg,public real photo,dimsum50_0074.jpg,,,,https://www.kaggle.com/datasets/rock3yu/dimsum50-0-1,Rock3YU / DimSum50,see source dataset page
data/mooncake/real_0098.jpg,public real photo,dimsum50_0075.jpg,,,,https://www.kaggle.com/datasets/rock3yu/dimsum50-0-1,Rock3YU / DimSum50,see source dataset page
data/mooncake/real_0099.jpg,public real photo,dimsum50_0076.jpg,,,,https://www.kaggle.com/datasets/rock3yu/dimsum50-0-1,Rock3YU / DimSum50,see source dataset page
data/mooncake/real_0100.jpg,public real photo,dimsum50_0077.jpg,,,,https://www.kaggle.com/datasets/rock3yu/dimsum50-0-1,Rock3YU / DimSum50,see source dataset page
data/mooncake/real_0101.jpg,public real photo,dimsum50_0078.jpg,,,,https://www.kaggle.com/datasets/rock3yu/dimsum50-0-1,Rock3YU / DimSum50,see source dataset page
data/mooncake/real_0102.jpg,public real photo,dimsum50_0079.jpg,,,,https://www.kaggle.com/datasets/rock3yu/dimsum50-0-1,Rock3YU / DimSum50,see source dataset page
data/mooncake/real_0103.jpg,public real photo,dimsum50_0080.jpg,,,,https://www.kaggle.com/datasets/rock3yu/dimsum50-0-1,Rock3YU / DimSum50,see source dataset page
data/mooncake/real_0104.jpg,public real photo,dimsum50_0081.jpg,,,,https://www.kaggle.com/datasets/rock3yu/dimsum50-0-1,Rock3YU / DimSum50,see source dataset page
data/mooncake/real_0105.jpg,public real photo,dimsum50_0082.jpg,,,,https://www.kaggle.com/datasets/rock3yu/dimsum50-0-1,Rock3YU / DimSum50,see source dataset page
data/mooncake/real_0106.jpg,public real photo,dimsum50_0083.jpg,,,,https://www.kaggle.com/datasets/rock3yu/dimsum50-0-1,Rock3YU / DimSum50,see source dataset page
data/mooncake/real_0107.jpg,public real photo,dimsum50_0084.jpg,,,,https://www.kaggle.com/datasets/rock3yu/dimsum50-0-1,Rock3YU / DimSum50,see source dataset page
data/mooncake/real_0108.jpg,public real photo,dimsum50_0085.jpg,,,,https://www.kaggle.com/datasets/rock3yu/dimsum50-0-1,Rock3YU / DimSum50,see source dataset page
data/mooncake/real_0109.jpg,public real photo,dimsum50_0086.jpg,,,,https://www.kaggle.com/datasets/rock3yu/dimsum50-0-1,Rock3YU / DimSum50,see source dataset page
data/mooncake/real_0110.jpg,public real photo,dimsum50_0087.jpg,,,,https://www.kaggle.com/datasets/rock3yu/dimsum50-0-1,Rock3YU / DimSum50,see source dataset page
data/mooncake/real_0111.jpg,public real photo,dimsum50_0088.jpg,,,,https://www.kaggle.com/datasets/rock3yu/dimsum50-0-1,Rock3YU / DimSum50,see source dataset page
data/mooncake/real_0112.jpg,public real photo,dimsum50_0089.jpg,,,,https://www.kaggle.com/datasets/rock3yu/dimsum50-0-1,Rock3YU / DimSum50,see source dataset page
data/mooncake/real_0113.jpg,public real photo,dimsum50_0090.jpg,,,,https://www.kaggle.com/datasets/rock3yu/dimsum50-0-1,Rock3YU / DimSum50,see source dataset page
data/mooncake/real_0114.jpg,public real photo,dimsum50_0091.jpg,,,,https://www.kaggle.com/datasets/rock3yu/dimsum50-0-1,Rock3YU / DimSum50,see source dataset page
data/mooncake/real_0115.jpg,public real photo,dimsum50_0092.jpg,,,,https://www.kaggle.com/datasets/rock3yu/dimsum50-0-1,Rock3YU / DimSum50,see source dataset page
data/mooncake/real_0116.jpg,public real photo,dimsum50_0093.jpg,,,,https://www.kaggle.com/datasets/rock3yu/dimsum50-0-1,Rock3YU / DimSum50,see source dataset page
data/mooncake/real_0117.jpg,public real photo,dimsum50_0094.jpg,,,,https://www.kaggle.com/datasets/rock3yu/dimsum50-0-1,Rock3YU / DimSum50,see source dataset page
data/mooncake/real_0118.jpg,public real photo,dimsum50_0095.jpg,,,,https://www.kaggle.com/datasets/rock3yu/dimsum50-0-1,Rock3YU / DimSum50,see source dataset page
data/mooncake/real_0119.jpg,public real photo,dimsum50_0096.jpg,,,,https://www.kaggle.com/datasets/rock3yu/dimsum50-0-1,Rock3YU / DimSum50,see source dataset page
data/mooncake/real_0120.jpg,public real photo,dimsum50_0097.jpg,,,,https://www.kaggle.com/datasets/rock3yu/dimsum50-0-1,Rock3YU / DimSum50,see source dataset page
data/mooncake/real_0121.jpg,public real photo,dimsum50_0098.jpg,,,,https://www.kaggle.com/datasets/rock3yu/dimsum50-0-1,Rock3YU / DimSum50,see source dataset page
data/mooncake/real_0122.jpg,public real photo,dimsum50_0099.jpg,,,,https://www.kaggle.com/datasets/rock3yu/dimsum50-0-1,Rock3YU / DimSum50,see source dataset page
data/mooncake/real_0123.jpg,public real photo,dimsum50_0100.jpg,,,,https://www.kaggle.com/datasets/rock3yu/dimsum50-0-1,Rock3YU / DimSum50,see source dataset page
data/mooncake/real_0124.jpg,public real photo,dimsum50_0101.jpg,,,,https://www.kaggle.com/datasets/rock3yu/dimsum50-0-1,Rock3YU / DimSum50,see source dataset page
data/mooncake/real_0125.jpg,public real photo,dimsum50_0102.jpg,,,,https://www.kaggle.com/datasets/rock3yu/dimsum50-0-1,Rock3YU / DimSum50,see source dataset page
data/mooncake/real_0126.jpg,public real photo,dimsum50_0103.jpg,,,,https://www.kaggle.com/datasets/rock3yu/dimsum50-0-1,Rock3YU / DimSum50,see source dataset page
data/mooncake/real_0127.jpg,public real photo,dimsum50_0104.jpg,,,,https://www.kaggle.com/datasets/rock3yu/dimsum50-0-1,Rock3YU / DimSum50,see source dataset page
data/mooncake/real_0128.jpg,public real photo,dimsum50_0105.jpg,,,,https://www.kaggle.com/datasets/rock3yu/dimsum50-0-1,Rock3YU / DimSum50,see source dataset page
data/mooncake/real_0129.jpg,public real photo,dimsum50_0106.jpg,,,,https://www.kaggle.com/datasets/rock3yu/dimsum50-0-1,Rock3YU / DimSum50,see source dataset page
data/mooncake/real_0130.jpg,public real photo,dimsum50_0107.jpg,,,,https://www.kaggle.com/datasets/rock3yu/dimsum50-0-1,Rock3YU / DimSum50,see source dataset page
data/mooncake/real_0131.jpg,public real photo,dimsum50_0108.jpg,,,,https://www.kaggle.com/datasets/rock3yu/dimsum50-0-1,Rock3YU / DimSum50,see source dataset page
data/mooncake/real_0132.jpg,public real photo,dimsum50_0109.jpg,,,,https://www.kaggle.com/datasets/rock3yu/dimsum50-0-1,Rock3YU / DimSum50,see source dataset page
data/mooncake/real_0133.jpg,public real photo,dimsum50_0110.jpg,,,,https://www.kaggle.com/datasets/rock3yu/dimsum50-0-1,Rock3YU / DimSum50,see source dataset page
data/mooncake/real_0134.jpg,public real photo,dimsum50_0111.jpg,,,,https://www.kaggle.com/datasets/rock3yu/dimsum50-0-1,Rock3YU / DimSum50,see source dataset page
data/mooncake/real_0135.jpg,public real photo,dimsum50_0112.jpg,,,,https://www.kaggle.com/datasets/rock3yu/dimsum50-0-1,Rock3YU / DimSum50,see source dataset page
data/mooncake/real_0136.jpg,public real photo,dimsum50_0113.jpg,,,,https://www.kaggle.com/datasets/rock3yu/dimsum50-0-1,Rock3YU / DimSum50,see source dataset page
data/mooncake/real_0137.jpg,public real photo,dimsum50_0114.jpg,,,,https://www.kaggle.com/datasets/rock3yu/dimsum50-0-1,Rock3YU / DimSum50,see source dataset page
data/mooncake/real_0138.jpg,public real photo,dimsum50_0115.jpg,,,,https://www.kaggle.com/datasets/rock3yu/dimsum50-0-1,Rock3YU / DimSum50,see source dataset page
data/mooncake/real_0139.jpg,public real photo,dimsum50_0116.jpg,,,,https://www.kaggle.com/datasets/rock3yu/dimsum50-0-1,Rock3YU / DimSum50,see source dataset page
data/mooncake/real_0140.jpg,public real photo,dimsum50_0117.jpg,,,,https://www.kaggle.com/datasets/rock3yu/dimsum50-0-1,Rock3YU / DimSum50,see source dataset page
data/mooncake/real_0141.jpg,public real photo,dimsum50_0118.jpg,,,,https://www.kaggle.com/datasets/rock3yu/dimsum50-0-1,Rock3YU / DimSum50,see source dataset page
data/mooncake/real_0142.jpg,public real photo,dimsum50_0119.jpg,,,,https://www.kaggle.com/datasets/rock3yu/dimsum50-0-1,Rock3YU / DimSum50,see source dataset page
data/mooncake/real_0143.jpg,public real photo,dimsum50_0120.jpg,,,,https://www.kaggle.com/datasets/rock3yu/dimsum50-0-1,Rock3YU / DimSum50,see source dataset page
data/mooncake/real_0144.jpg,public real photo,dimsum50_0121.jpg,,,,https://www.kaggle.com/datasets/rock3yu/dimsum50-0-1,Rock3YU / DimSum50,see source dataset page
data/mooncake/real_0145.jpg,public real photo,dimsum50_0122.jpg,,,,https://www.kaggle.com/datasets/rock3yu/dimsum50-0-1,Rock3YU / DimSum50,see source dataset page
data/mooncake/real_0146.jpg,public real photo,dimsum50_0123.jpg,,,,https://www.kaggle.com/datasets/rock3yu/dimsum50-0-1,Rock3YU / DimSum50,see source dataset page
data/mooncake/real_0147.jpg,public real photo,dimsum50_0124.jpg,,,,https://www.kaggle.com/datasets/rock3yu/dimsum50-0-1,Rock3YU / DimSum50,see source dataset page
data/mooncake/real_0148.jpg,public real photo,dimsum50_0125.jpg,,,,https://www.kaggle.com/datasets/rock3yu/dimsum50-0-1,Rock3YU / DimSum50,see source dataset page
data/mooncake/real_0149.jpg,public real photo,dimsum50_0126.jpg,,,,https://www.kaggle.com/datasets/rock3yu/dimsum50-0-1,Rock3YU / DimSum50,see source dataset page
data/mooncake/real_0150.jpg,public real photo,dimsum50_0127.jpg,,,,https://www.kaggle.com/datasets/rock3yu/dimsum50-0-1,Rock3YU / DimSum50,see source dataset page
data/mooncake/real_0151.jpg,public real photo,dimsum50_0128.jpg,,,,https://www.kaggle.com/datasets/rock3yu/dimsum50-0-1,Rock3YU / DimSum50,see source dataset page
data/mooncake/real_0152.jpg,public real photo,dimsum50_0129.jpg,,,,https://www.kaggle.com/datasets/rock3yu/dimsum50-0-1,Rock3YU / DimSum50,see source dataset page
data/mooncake/real_0153.jpg,public real photo,dimsum50_0130.jpg,,,,https://www.kaggle.com/datasets/rock3yu/dimsum50-0-1,Rock3YU / DimSum50,see source dataset page
data/mooncake/real_0154.jpg,public real photo,dimsum50_0131.jpg,,,,https://www.kaggle.com/datasets/rock3yu/dimsum50-0-1,Rock3YU / DimSum50,see source dataset page
data/mooncake/real_0155.jpg,public real photo,dimsum50_0132.jpg,,,,https://www.kaggle.com/datasets/rock3yu/dimsum50-0-1,Rock3YU / DimSum50,see source dataset page
data/mooncake/real_0156.jpg,public real photo,dimsum50_0133.jpg,,,,https://www.kaggle.com/datasets/rock3yu/dimsum50-0-1,Rock3YU / DimSum50,see source dataset page
data/mooncake/real_0157.jpg,public real photo,dimsum50_0134.jpg,,,,https://www.kaggle.com/datasets/rock3yu/dimsum50-0-1,Rock3YU / DimSum50,see source dataset page
data/mooncake/real_0158.jpg,public real photo,dimsum50_0135.jpg,,,,https://www.kaggle.com/datasets/rock3yu/dimsum50-0-1,Rock3YU / DimSum50,see source dataset page
data/mooncake/real_0159.jpg,public real photo,dimsum50_0136.jpg,,,,https://www.kaggle.com/datasets/rock3yu/dimsum50-0-1,Rock3YU / DimSum50,see source dataset page
data/mooncake/real_0160.jpg,public real photo,dimsum50_0137.jpg,,,,https://www.kaggle.com/datasets/rock3yu/dimsum50-0-1,Rock3YU / DimSum50,see source dataset page
data/mooncake/real_0161.jpg,public real photo,dimsum50_0138.jpg,,,,https://www.kaggle.com/datasets/rock3yu/dimsum50-0-1,Rock3YU / DimSum50,see source dataset page
data/mooncake/real_0162.jpg,public real photo,dimsum50_0139.jpg,,,,https://www.kaggle.com/datasets/rock3yu/dimsum50-0-1,Rock3YU / DimSum50,see source dataset page
data/mooncake/real_0163.jpg,public real photo,dimsum50_0140.jpg,,,,https://www.kaggle.com/datasets/rock3yu/dimsum50-0-1,Rock3YU / DimSum50,see source dataset page
data/mooncake/real_0164.jpg,public real photo,dimsum50_0141.jpg,,,,https://www.kaggle.com/datasets/rock3yu/dimsum50-0-1,Rock3YU / DimSum50,see source dataset page
data/mooncake/real_0165.jpg,public real photo,dimsum50_0142.jpg,,,,https://www.kaggle.com/datasets/rock3yu/dimsum50-0-1,Rock3YU / DimSum50,see source dataset page
data/mooncake/real_0166.jpg,public real photo,dimsum50_0143.jpg,,,,https://www.kaggle.com/datasets/rock3yu/dimsum50-0-1,Rock3YU / DimSum50,see source dataset page
data/mooncake/real_0167.jpg,public real photo,dimsum50_0144.jpg,,,,https://www.kaggle.com/datasets/rock3yu/dimsum50-0-1,Rock3YU / DimSum50,see source dataset page
data/mooncake/real_0168.jpg,public real photo,dimsum50_0145.jpg,,,,https://www.kaggle.com/datasets/rock3yu/dimsum50-0-1,Rock3YU / DimSum50,see source dataset page
data/mooncake/real_0169.jpg,public real photo,dimsum50_0146.jpg,,,,https://www.kaggle.com/datasets/rock3yu/dimsum50-0-1,Rock3YU / DimSum50,see source dataset page
data/mooncake/real_0170.jpg,public real photo,dimsum50_0147.jpg,,,,https://www.kaggle.com/datasets/rock3yu/dimsum50-0-1,Rock3YU / DimSum50,see source dataset page
data/mooncake/real_0171.jpg,public real photo,dimsum50_0148.jpg,,,,https://www.kaggle.com/datasets/rock3yu/dimsum50-0-1,Rock3YU / DimSum50,see source dataset page
data/mooncake/real_0172.jpg,public real photo,dimsum50_0149.jpg,,,,https://www.kaggle.com/datasets/rock3yu/dimsum50-0-1,Rock3YU / DimSum50,see source dataset page
data/mooncake/real_0173.jpg,public real photo,dimsum50_0150.jpg,,,,https://www.kaggle.com/datasets/rock3yu/dimsum50-0-1,Rock3YU / DimSum50,see source dataset page
data/mooncake/real_0174.jpg,public real photo,dimsum50_0151.jpg,,,,https://www.kaggle.com/datasets/rock3yu/dimsum50-0-1,Rock3YU / DimSum50,see source dataset page
data/mooncake/real_0175.jpg,public real photo,dimsum50_0152.jpg,,,,https://www.kaggle.com/datasets/rock3yu/dimsum50-0-1,Rock3YU / DimSum50,see source dataset page
data/mooncake/real_0176.jpg,public real photo,dimsum50_0153.jpg,,,,https://www.kaggle.com/datasets/rock3yu/dimsum50-0-1,Rock3YU / DimSum50,see source dataset page
data/mooncake/real_0177.jpg,public real photo,dimsum50_0154.jpg,,,,https://www.kaggle.com/datasets/rock3yu/dimsum50-0-1,Rock3YU / DimSum50,see source dataset page
data/mooncake/real_0178.jpg,public real photo,dimsum50_0155.jpg,,,,https://www.kaggle.com/datasets/rock3yu/dimsum50-0-1,Rock3YU / DimSum50,see source dataset page
data/mooncake/real_0179.jpg,public real photo,dimsum50_0156.jpg,,,,https://www.kaggle.com/datasets/rock3yu/dimsum50-0-1,Rock3YU / DimSum50,see source dataset page
data/mooncake/real_0180.jpg,public real photo,dimsum50_0157.jpg,,,,https://www.kaggle.com/datasets/rock3yu/dimsum50-0-1,Rock3YU / DimSum50,see source dataset page
data/mooncake/real_0181.jpg,public real photo,dimsum50_0158.jpg,,,,https://www.kaggle.com/datasets/rock3yu/dimsum50-0-1,Rock3YU / DimSum50,see source dataset page
data/mooncake/real_0182.jpg,public real photo,dimsum50_0159.jpg,,,,https://www.kaggle.com/datasets/rock3yu/dimsum50-0-1,Rock3YU / DimSum50,see source dataset page
data/mooncake/real_0183.jpg,public real photo,dimsum50_0160.jpg,,,,https://www.kaggle.com/datasets/rock3yu/dimsum50-0-1,Rock3YU / DimSum50,see source dataset page
data/mooncake/real_0184.jpg,public real photo,dimsum50_0161.jpg,,,,https://www.kaggle.com/datasets/rock3yu/dimsum50-0-1,Rock3YU / DimSum50,see source dataset page
data/mooncake/real_0185.jpg,public real photo,dimsum50_0162.jpg,,,,https://www.kaggle.com/datasets/rock3yu/dimsum50-0-1,Rock3YU / DimSum50,see source dataset page
data/mooncake/real_0186.jpg,public real photo,dimsum50_0163.jpg,,,,https://www.kaggle.com/datasets/rock3yu/dimsum50-0-1,Rock3YU / DimSum50,see source dataset page
data/mooncake/real_0187.jpg,public real photo,dimsum50_0164.jpg,,,,https://www.kaggle.com/datasets/rock3yu/dimsum50-0-1,Rock3YU / DimSum50,see source dataset page
data/mooncake/real_0188.jpg,public real photo,dimsum50_0165.jpg,,,,https://www.kaggle.com/datasets/rock3yu/dimsum50-0-1,Rock3YU / DimSum50,see source dataset page
data/mooncake/real_0189.jpg,public real photo,dimsum50_0166.jpg,,,,https://www.kaggle.com/datasets/rock3yu/dimsum50-0-1,Rock3YU / DimSum50,see source dataset page
data/mooncake/real_0190.jpg,public real photo,dimsum50_0167.jpg,,,,https://www.kaggle.com/datasets/rock3yu/dimsum50-0-1,Rock3YU / DimSum50,see source dataset page
data/mooncake/real_0191.jpg,public real photo,dimsum50_0168.jpg,,,,https://www.kaggle.com/datasets/rock3yu/dimsum50-0-1,Rock3YU / DimSum50,see source dataset page
data/mooncake/real_0192.jpg,public real photo,dimsum50_0169.jpg,,,,https://www.kaggle.com/datasets/rock3yu/dimsum50-0-1,Rock3YU / DimSum50,see source dataset page
data/mooncake/real_0193.jpg,public real photo,dimsum50_0170.jpg,,,,https://www.kaggle.com/datasets/rock3yu/dimsum50-0-1,Rock3YU / DimSum50,see source dataset page
data/mooncake/real_0194.jpg,public real photo,dimsum50_0171.jpg,,,,https://www.kaggle.com/datasets/rock3yu/dimsum50-0-1,Rock3YU / DimSum50,see source dataset page
data/mooncake/real_0195.jpg,public real photo,dimsum50_0172.jpg,,,,https://www.kaggle.com/datasets/rock3yu/dimsum50-0-1,Rock3YU / DimSum50,see source dataset page
data/mooncake/real_0196.jpg,public real photo,dimsum50_0173.jpg,,,,https://www.kaggle.com/datasets/rock3yu/dimsum50-0-1,Rock3YU / DimSum50,see source dataset page
data/mooncake/real_0197.jpg,public real photo,dimsum50_0174.jpg,,,,https://www.kaggle.com/datasets/rock3yu/dimsum50-0-1,Rock3YU / DimSum50,see source dataset page
data/mooncake/real_0198.jpg,public real photo,dimsum50_0175.jpg,,,,https://www.kaggle.com/datasets/rock3yu/dimsum50-0-1,Rock3YU / DimSum50,see source dataset page
data/mooncake/real_0199.jpg,public real photo,dimsum50_0176.jpg,,,,https://www.kaggle.com/datasets/rock3yu/dimsum50-0-1,Rock3YU / DimSum50,see source dataset page
data/mooncake/real_0200.jpg,public real photo,dimsum50_0177.jpg,,,,https://www.kaggle.com/datasets/rock3yu/dimsum50-0-1,Rock3YU / DimSum50,see source dataset page
data/mooncake/real_0201.jpg,public real photo,dimsum50_0178.jpg,,,,https://www.kaggle.com/datasets/rock3yu/dimsum50-0-1,Rock3YU / DimSum50,see source dataset page
data/mooncake/real_0202.jpg,public real photo,dimsum50_0179.jpg,,,,https://www.kaggle.com/datasets/rock3yu/dimsum50-0-1,Rock3YU / DimSum50,see source dataset page
data/mooncake/real_0203.jpg,public real photo,dimsum50_0180.jpg,,,,https://www.kaggle.com/datasets/rock3yu/dimsum50-0-1,Rock3YU / DimSum50,see source dataset page
data/mooncake/real_0204.jpg,public real photo,dimsum50_0181.jpg,,,,https://www.kaggle.com/datasets/rock3yu/dimsum50-0-1,Rock3YU / DimSum50,see source dataset page
data/mooncake/real_0205.jpg,public real photo,dimsum50_0182.jpg,,,,https://www.kaggle.com/datasets/rock3yu/dimsum50-0-1,Rock3YU / DimSum50,see source dataset page
data/mooncake/real_0206.jpg,public real photo,dimsum50_0183.jpg,,,,https://www.kaggle.com/datasets/rock3yu/dimsum50-0-1,Rock3YU / DimSum50,see source dataset page
data/mooncake/real_0207.jpg,public real photo,dimsum50_0184.jpg,,,,https://www.kaggle.com/datasets/rock3yu/dimsum50-0-1,Rock3YU / DimSum50,see source dataset page
